spot_id,direction_code,datetime,target_volume,temperature_c,rainfall_mm,humidity_pct,wind_speed_ms,pressure_hpa,spot_name,tm_x,tm_y,hour,dayofweek,is_weekend,month,day,is_rush_hour,hour_sin,hour_cos,day_sin,day_cos,vol_lag_1h,vol_lag_2h,vol_lag_24h,vol_rolling_mean_3h,vol_rolling_mean_24h
C-02,1,2026-08-06 02:00:00,328,30.4,0.0,78.0,2.1,997.3,월드컵대교,189882.0,450789.0,2,3,0,8,6,0,0.49999999999999994,0.8660254037844387,0.43388373911755823,-0.900968867902419,410.0,898.0,405.0,919.6666666666666,1563.625
C-02,1,2026-08-06 03:00:00,292,30.2,0.0,75.0,1.7,997.3,월드컵대교,189882.0,450789.0,3,3,0,8,6,0,0.7071067811865476,0.7071067811865476,0.43388373911755823,-0.900968867902419,328.0,410.0,314.0,545.3333333333334,1560.4166666666667
C-02,1,2026-08-06 04:00:00,405,29.8,0.0,67.0,2.3,997.7,월드컵대교,189882.0,450789.0,4,3,0,8,6,0,0.8660254037844386,0.5000000000000001,0.43388373911755823,-0.900968867902419,292.0,328.0,284.0,343.3333333333333,1559.5
C-02,1,2026-08-06 05:00:00,733,29.4,0.0,67.0,2.3,997.9,월드컵대교,189882.0,450789.0,5,3,0,8,6,0,0.9659258262890683,0.25881904510252074,0.43388373911755823,-0.900968867902419,405.0,292.0,420.0,341.6666666666667,1564.5416666666667
C-02,1,2026-08-06 06:00:00,1353,29.1,0.0,68.0,2.2,998.0,월드컵대교,189882.0,450789.0,6,3,0,8,6,0,1.0,6.123233995736766e-17,0.43388373911755823,-0.900968867902419,733.0,405.0,726.0,476.6666666666667,1577.5833333333333
C-02,1,2026-08-06 07:00:00,2132,29.2,0.0,71.0,2.9,998.3,월드컵대교,189882.0,450789.0,7,3,0,8,6,1,0.9659258262890683,-0.25881904510252063,0.43388373911755823,-0.900968867902419,1353.0,733.0,1495.0,830.3333333333334,1603.7083333333333
C-02,1,2026-08-06 08:00:00,2343,30.5,0.0,70.0,2.9,997.9,월드컵대교,189882.0,450789.0,8,3,0,8,6,1,0.8660254037844387,-0.4999999999999998,0.43388373911755823,-0.900968867902419,2132.0,1353.0,2304.0,1406.0,1630.25
C-02,1,2026-08-06 09:00:00,2363,32.0,0.0,65.0,2.5,997.7,월드컵대교,189882.0,450789.0,9,3,0,8,6,1,0.7071067811865476,-0.7071067811865475,0.43388373911755823,-0.900968867902419,2343.0,2132.0,2350.0,1942.6666666666667,1631.875
C-02,1,2026-08-06 10:00:00,2044,33.1,0.0,65.0,2.5,997.7,월드컵대교,189882.0,450789.0,10,3,0,8,6,0,0.49999999999999994,-0.8660254037844387,0.43388373911755823,-0.900968867902419,2363.0,2343.0,2172.0,2279.3333333333335,1632.4166666666667
C-02,1,2026-08-06 11:00:00,1917,33.9,0.0,59.0,2.0,997.1,월드컵대교,189882.0,450789.0,11,3,0,8,6,0,0.258819045102521,-0.9659258262890682,0.43388373911755823,-0.900968867902419,2044.0,2363.0,1847.0,2250.0,1627.0833333333333
C-02,1,2026-08-06 12:00:00,2095,34.3,0.0,56.0,2.2,996.4,월드컵대교,189882.0,450789.0,12,3,0,8,6,0,1.2246467991473532e-16,-1.0,0.43388373911755823,-0.900968867902419,1917.0,2044.0,1987.0,2108.0,1630.0
C-02,1,2026-08-06 13:00:00,2196,35.2,0.0,50.0,1.3,996.0,월드컵대교,189882.0,450789.0,13,3,0,8,6,0,-0.2588190451025208,-0.9659258262890683,0.43388373911755823,-0.900968867902419,2095.0,1917.0,1381.0,2018.6666666666667,1634.5
C-02,1,2026-08-06 14:00:00,1988,36.0,0.0,43.0,2.4,995.3,월드컵대교,189882.0,450789.0,14,3,0,8,6,0,-0.4999999999999997,-0.8660254037844388,0.43388373911755823,-0.900968867902419,2196.0,2095.0,972.0,2069.3333333333335,1668.4583333333333
C-02,1,2026-08-06 15:00:00,2126,37.4,0.0,38.0,2.5,994.8,월드컵대교,189882.0,450789.0,15,3,0,8,6,0,-0.7071067811865471,-0.7071067811865479,0.43388373911755823,-0.900968867902419,1988.0,2196.0,2053.0,2093.0,1710.7916666666667
C-02,1,2026-08-06 16:00:00,2686,37.8,0.0,39.0,1.9,994.5,월드컵대교,189882.0,450789.0,16,3,0,8,6,0,-0.8660254037844385,-0.5000000000000004,0.43388373911755823,-0.900968867902419,2126.0,1988.0,2111.0,2103.3333333333335,1713.8333333333333
C-02,1,2026-08-06 17:00:00,2926,37.7,0.0,38.0,1.4,994.5,월드컵대교,189882.0,450789.0,17,3,0,8,6,0,-0.9659258262890683,-0.25881904510252063,0.43388373911755823,-0.900968867902419,2686.0,2126.0,2955.0,2266.6666666666665,1737.7916666666667
C-02,1,2026-08-06 18:00:00,3065,36.5,0.0,54.0,2.4,994.3,월드컵대교,189882.0,450789.0,18,3,0,8,6,1,-1.0,-1.8369701987210297e-16,0.43388373911755823,-0.900968867902419,2926.0,2686.0,2734.0,2579.3333333333335,1736.5833333333333
C-02,1,2026-08-06 19:00:00,2606,34.6,0.0,60.0,2.6,994.7,월드컵대교,189882.0,450789.0,19,3,0,8,6,1,-0.9659258262890684,0.2588190451025203,0.43388373911755823,-0.900968867902419,3065.0,2926.0,2602.0,2892.3333333333335,1750.375
C-02,1,2026-08-06 20:00:00,1904,33.2,0.0,65.0,2.8,994.8,월드컵대교,189882.0,450789.0,20,3,0,8,6,1,-0.8660254037844386,0.5000000000000001,0.43388373911755823,-0.900968867902419,2606.0,3065.0,2094.0,2865.6666666666665,1750.5416666666667
C-02,1,2026-08-06 21:00:00,1582,32.6,0.0,67.0,1.2,995.2,월드컵대교,189882.0,450789.0,21,3,0,8,6,0,-0.7071067811865477,0.7071067811865474,0.43388373911755823,-0.900968867902419,1904.0,2606.0,1928.0,2525.0,1742.625
C-02,1,2026-08-06 22:00:00,1340,32.1,0.0,70.0,2.1,995.5,월드컵대교,189882.0,450789.0,22,3,0,8,6,0,-0.5000000000000004,0.8660254037844384,0.43388373911755823,-0.900968867902419,1582.0,1904.0,1634.0,2030.6666666666667,1728.2083333333333
C-02,1,2026-08-06 23:00:00,918,31.7,0.0,72.0,0.2,995.5,월드컵대교,189882.0,450789.0,23,3,0,8,6,0,-0.25881904510252157,0.9659258262890681,0.43388373911755823,-0.900968867902419,1340.0,1582.0,1451.0,1608.6666666666667,1715.9583333333333
C-02,1,2026-08-07 01:00:00,465,31.1,0.0,75.0,1.0,995.4,월드컵대교,189882.0,450789.0,1,4,0,8,7,0,0.25881904510252074,0.9659258262890683,-0.433883739117558,-0.9009688679024191,918.0,1340.0,898.0,1280.0,1693.75
C-02,1,2026-08-07 02:00:00,334,30.8,0.0,70.0,1.5,995.3,월드컵대교,189882.0,450789.0,2,4,0,8,7,0,0.49999999999999994,0.8660254037844387,-0.433883739117558,-0.9009688679024191,465.0,918.0,410.0,907.6666666666666,1675.7083333333333
C-02,1,2026-08-07 03:00:00,287,30.3,0.0,69.0,1.8,995.3,월드컵대교,189882.0,450789.0,3,4,0,8,7,0,0.7071067811865476,0.7071067811865476,-0.433883739117558,-0.9009688679024191,334.0,465.0,328.0,572.3333333333334,1672.5416666666667
C-02,1,2026-08-07 04:00:00,414,29.7,0.0,70.0,2.1,995.4,월드컵대교,189882.0,450789.0,4,4,0,8,7,0,0.8660254037844386,0.5000000000000001,-0.433883739117558,-0.9009688679024191,287.0,334.0,292.0,362.0,1670.8333333333333
C-02,1,2026-08-07 05:00:00,694,29.1,0.0,71.0,2.1,995.5,월드컵대교,189882.0,450789.0,5,4,0,8,7,0,0.9659258262890683,0.25881904510252074,-0.433883739117558,-0.9009688679024191,414.0,287.0,405.0,345.0,1675.9166666666667
C-02,1,2026-08-07 06:00:00,1346,28.7,0.0,73.0,1.7,995.6,월드컵대교,189882.0,450789.0,6,4,0,8,7,0,1.0,6.123233995736766e-17,-0.433883739117558,-0.9009688679024191,694.0,414.0,733.0,465.0,1687.9583333333333
C-02,1,2026-08-07 07:00:00,2138,29.0,0.0,72.0,2.4,995.7,월드컵대교,189882.0,450789.0,7,4,0,8,7,1,0.9659258262890683,-0.25881904510252063,-0.433883739117558,-0.9009688679024191,1346.0,694.0,1353.0,818.0,1713.5
C-02,1,2026-08-07 08:00:00,2379,30.5,0.0,67.0,2.5,995.6,월드컵대교,189882.0,450789.0,8,4,0,8,7,1,0.8660254037844387,-0.4999999999999998,-0.433883739117558,-0.9009688679024191,2138.0,1346.0,2132.0,1392.6666666666667,1746.2083333333333
C-02,1,2026-08-07 09:00:00,2290,32.3,0.0,61.0,2.3,995.7,월드컵대교,189882.0,450789.0,9,4,0,8,7,1,0.7071067811865476,-0.7071067811865475,-0.433883739117558,-0.9009688679024191,2379.0,2138.0,2343.0,1954.3333333333333,1756.5
C-02,1,2026-08-07 10:00:00,2045,33.9,0.0,55.0,3.0,995.7,월드컵대교,189882.0,450789.0,10,4,0,8,7,0,0.49999999999999994,-0.8660254037844387,-0.433883739117558,-0.9009688679024191,2290.0,2379.0,2363.0,2269.0,1754.2916666666667
C-02,1,2026-08-07 11:00:00,2034,35.0,0.0,51.0,1.6,995.5,월드컵대교,189882.0,450789.0,11,4,0,8,7,0,0.258819045102521,-0.9659258262890682,-0.433883739117558,-0.9009688679024191,2045.0,2290.0,2044.0,2238.0,1741.0416666666667
C-02,1,2026-08-07 12:00:00,2308,34.7,0.0,50.0,0.9,995.1,월드컵대교,189882.0,450789.0,12,4,0,8,7,0,1.2246467991473532e-16,-1.0,-0.433883739117558,-0.9009688679024191,2034.0,2045.0,1917.0,2123.0,1740.625
C-02,1,2026-08-07 13:00:00,2032,35.3,0.0,49.0,1.1,994.6,월드컵대교,189882.0,450789.0,13,4,0,8,7,0,-0.2588190451025208,-0.9659258262890683,-0.433883739117558,-0.9009688679024191,2308.0,2034.0,2095.0,2129.0,1756.9166666666667
C-02,1,2026-08-07 14:00:00,2214,37.1,0.0,47.0,2.4,994.0,월드컵대교,189882.0,450789.0,14,4,0,8,7,0,-0.4999999999999997,-0.8660254037844388,-0.433883739117558,-0.9009688679024191,2032.0,2308.0,2196.0,2124.6666666666665,1754.2916666666667
C-02,1,2026-08-07 15:00:00,2660,37.6,0.0,46.0,3.1,993.5,월드컵대교,189882.0,450789.0,15,4,0,8,7,0,-0.7071067811865471,-0.7071067811865479,-0.433883739117558,-0.9009688679024191,2214.0,2032.0,1988.0,2184.6666666666665,1755.0416666666667
C-02,1,2026-08-07 16:00:00,2451,37.5,0.0,46.0,1.6,993.0,월드컵대교,189882.0,450789.0,16,4,0,8,7,0,-0.8660254037844385,-0.5000000000000004,-0.433883739117558,-0.9009688679024191,2660.0,2214.0,2126.0,2302.0,1783.0416666666667
C-02,1,2026-08-07 17:00:00,2897,37.2,0.0,48.0,3.2,993.0,월드컵대교,189882.0,450789.0,17,4,0,8,7,0,-0.9659258262890683,-0.25881904510252063,-0.433883739117558,-0.9009688679024191,2451.0,2660.0,2686.0,2441.6666666666665,1796.5833333333333
C-02,1,2026-08-07 18:00:00,2970,36.4,0.0,51.0,3.2,993.0,월드컵대교,189882.0,450789.0,18,4,0,8,7,1,-1.0,-1.8369701987210297e-16,-0.433883739117558,-0.9009688679024191,2897.0,2451.0,2926.0,2669.3333333333335,1805.375
C-02,1,2026-08-07 19:00:00,2907,35.0,0.0,57.0,3.3,993.2,월드컵대교,189882.0,450789.0,19,4,0,8,7,1,-0.9659258262890684,0.2588190451025203,-0.433883739117558,-0.9009688679024191,2970.0,2897.0,3065.0,2772.6666666666665,1807.2083333333333
C-02,1,2026-08-07 20:00:00,2135,33.8,0.0,59.0,3.2,993.9,월드컵대교,189882.0,450789.0,20,4,0,8,7,1,-0.8660254037844386,0.5000000000000001,-0.433883739117558,-0.9009688679024191,2907.0,2970.0,2606.0,2924.6666666666665,1800.625
C-02,1,2026-08-07 21:00:00,2201,33.2,0.0,60.0,1.2,994.4,월드컵대교,189882.0,450789.0,21,4,0,8,7,0,-0.7071067811865477,0.7071067811865474,-0.433883739117558,-0.9009688679024191,2135.0,2907.0,1904.0,2670.6666666666665,1781.0
C-02,1,2026-08-07 22:00:00,1783,32.5,0.0,60.0,0.4,994.8,월드컵대교,189882.0,450789.0,22,4,0,8,7,0,-0.5000000000000004,0.8660254037844384,-0.433883739117558,-0.9009688679024191,2201.0,2135.0,1582.0,2414.3333333333335,1793.375
C-02,1,2026-08-07 23:00:00,1049,32.0,0.0,59.0,0.8,994.9,월드컵대교,189882.0,450789.0,23,4,0,8,7,0,-0.25881904510252157,0.9659258262890681,-0.433883739117558,-0.9009688679024191,1783.0,2201.0,1340.0,2039.6666666666667,1801.75
C-02,1,2026-08-08 01:00:00,600,30.9,0.0,65.0,1.9,994.7,월드컵대교,189882.0,450789.0,1,5,1,8,8,0,0.25881904510252074,0.9659258262890683,-0.9749279121818236,-0.2225209339563146,1049.0,1783.0,918.0,1677.6666666666667,1789.625
C-02,1,2026-08-08 02:00:00,478,30.7,0.0,67.0,2.6,994.6,월드컵대교,189882.0,450789.0,2,5,1,8,8,0,0.49999999999999994,0.8660254037844387,-0.9749279121818236,-0.2225209339563146,600.0,1049.0,465.0,1144.0,1776.375
C-02,1,2026-08-08 03:00:00,411,30.2,0.0,66.0,2.9,994.9,월드컵대교,189882.0,450789.0,3,5,1,8,8,0,0.7071067811865476,0.7071067811865476,-0.9749279121818236,-0.2225209339563146,478.0,600.0,334.0,709.0,1776.9166666666667
C-02,1,2026-08-08 04:00:00,420,29.7,0.0,69.0,2.7,995.6,월드컵대교,189882.0,450789.0,4,5,1,8,8,0,0.8660254037844386,0.5000000000000001,-0.9749279121818236,-0.2225209339563146,411.0,478.0,287.0,496.3333333333333,1780.125
C-02,1,2026-08-08 05:00:00,717,29.6,0.0,67.0,3.0,996.1,월드컵대교,189882.0,450789.0,5,5,1,8,8,0,0.9659258262890683,0.25881904510252074,-0.9749279121818236,-0.2225209339563146,420.0,411.0,414.0,436.3333333333333,1785.6666666666667
C-02,1,2026-08-08 06:00:00,967,29.2,0.0,64.0,4.6,996.6,월드컵대교,189882.0,450789.0,6,5,1,8,8,0,1.0,6.123233995736766e-17,-0.9749279121818236,-0.2225209339563146,717.0,420.0,694.0,516.0,1798.2916666666667
C-02,1,2026-08-08 07:00:00,1149,29.2,0.0,65.0,4.7,997.1,월드컵대교,189882.0,450789.0,7,5,1,8,8,0,0.9659258262890683,-0.25881904510252063,-0.9749279121818236,-0.2225209339563146,967.0,717.0,1346.0,701.3333333333334,1809.6666666666667
C-02,1,2026-08-08 08:00:00,1527,30.5,0.0,62.0,3.9,997.5,월드컵대교,189882.0,450789.0,8,5,1,8,8,0,0.8660254037844387,-0.4999999999999998,-0.9749279121818236,-0.2225209339563146,1149.0,967.0,2138.0,944.3333333333334,1801.4583333333333
C-02,1,2026-08-08 09:00:00,2141,32.0,0.0,57.0,3.0,997.7,월드컵대교,189882.0,450789.0,9,5,1,8,8,0,0.7071067811865476,-0.7071067811865475,-0.9749279121818236,-0.2225209339563146,1527.0,1149.0,2379.0,1214.3333333333333,1776.0
C-02,1,2026-08-08 10:00:00,2109,33.5,0.0,54.0,3.6,997.7,월드컵대교,189882.0,450789.0,10,5,1,8,8,0,0.49999999999999994,-0.8660254037844387,-0.9749279121818236,-0.2225209339563146,2141.0,1527.0,2290.0,1605.6666666666667,1766.0833333333333
C-02,1,2026-08-08 11:00:00,2554,34.7,0.0,50.0,3.6,997.6,월드컵대교,189882.0,450789.0,11,5,1,8,8,0,0.258819045102521,-0.9659258262890682,-0.9749279121818236,-0.2225209339563146,2109.0,2141.0,2045.0,1925.6666666666667,1758.5416666666667
C-02,1,2026-08-08 12:00:00,2255,35.3,0.0,50.0,3.8,997.3,월드컵대교,189882.0,450789.0,12,5,1,8,8,0,1.2246467991473532e-16,-1.0,-0.9749279121818236,-0.2225209339563146,2554.0,2109.0,2034.0,2268.0,1779.75
C-02,1,2026-08-08 13:00:00,2425,36.2,0.0,48.0,3.5,996.7,월드컵대교,189882.0,450789.0,13,5,1,8,8,0,-0.2588190451025208,-0.9659258262890683,-0.9749279121818236,-0.2225209339563146,2255.0,2554.0,2308.0,2306.0,1788.9583333333333
C-02,1,2026-08-08 14:00:00,1964,36.7,0.0,47.0,3.9,996.1,월드컵대교,189882.0,450789.0,14,5,1,8,8,0,-0.4999999999999997,-0.8660254037844388,-0.9749279121818236,-0.2225209339563146,2425.0,2255.0,2032.0,2411.3333333333335,1793.8333333333333
C-02,1,2026-08-08 15:00:00,2112,36.4,0.0,46.0,4.3,995.6,월드컵대교,189882.0,450789.0,15,5,1,8,8,0,-0.7071067811865471,-0.7071067811865479,-0.9749279121818236,-0.2225209339563146,1964.0,2425.0,2214.0,2214.6666666666665,1791.0
C-02,1,2026-08-08 16:00:00,2204,35.6,0.0,45.0,4.4,996.0,월드컵대교,189882.0,450789.0,16,5,1,8,8,0,-0.8660254037844385,-0.5000000000000004,-0.9749279121818236,-0.2225209339563146,2112.0,1964.0,2660.0,2167.0,1786.75
C-02,1,2026-08-08 17:00:00,2370,34.3,0.0,48.0,4.6,996.5,월드컵대교,189882.0,450789.0,17,5,1,8,8,0,-0.9659258262890683,-0.25881904510252063,-0.9749279121818236,-0.2225209339563146,2204.0,2112.0,2451.0,2093.3333333333335,1767.75
C-02,1,2026-08-08 18:00:00,2122,32.7,0.0,51.0,5.2,996.6,월드컵대교,189882.0,450789.0,18,5,1,8,8,0,-1.0,-1.8369701987210297e-16,-0.9749279121818236,-0.2225209339563146,2370.0,2204.0,2897.0,2228.6666666666665,1764.375
C-02,1,2026-08-08 19:00:00,1539,30.9,0.0,54.0,4.4,997.0,월드컵대교,189882.0,450789.0,19,5,1,8,8,0,-0.9659258262890684,0.2588190451025203,-0.9749279121818236,-0.2225209339563146,2122.0,2370.0,2970.0,2232.0,1732.0833333333333
C-02,1,2026-08-08 20:00:00,1535,29.3,0.0,57.0,4.2,997.4,월드컵대교,189882.0,450789.0,20,5,1,8,8,0,-0.8660254037844386,0.5000000000000001,-0.9749279121818236,-0.2225209339563146,1539.0,2122.0,2907.0,2010.3333333333333,1672.4583333333333
C-02,1,2026-08-08 21:00:00,1810,28.0,0.0,58.0,4.8,998.3,월드컵대교,189882.0,450789.0,21,5,1,8,8,0,-0.7071067811865477,0.7071067811865474,-0.9749279121818236,-0.2225209339563146,1535.0,1539.0,2135.0,1732.0,1615.2916666666667
C-02,1,2026-08-08 22:00:00,1567,27.1,0.0,60.0,4.9,998.9,월드컵대교,189882.0,450789.0,22,5,1,8,8,0,-0.5000000000000004,0.8660254037844384,-0.9749279121818236,-0.2225209339563146,1810.0,1535.0,2201.0,1628.0,1601.75
C-02,1,2026-08-08 23:00:00,911,26.3,0.0,62.0,4.0,999.2,월드컵대교,189882.0,450789.0,23,5,1,8,8,0,-0.25881904510252157,0.9659258262890681,-0.9749279121818236,-0.2225209339563146,1567.0,1810.0,1783.0,1637.3333333333333,1575.3333333333333
C-02,1,2026-08-09 01:00:00,479,25.3,0.0,64.0,3.5,998.9,월드컵대교,189882.0,450789.0,1,6,1,8,9,0,0.25881904510252074,0.9659258262890683,-0.7818314824680299,0.6234898018587334,911.0,1567.0,1049.0,1429.3333333333333,1539.0
C-02,1,2026-08-09 02:00:00,354,25.0,0.0,63.0,3.8,998.8,월드컵대교,189882.0,450789.0,2,6,1,8,9,0,0.49999999999999994,0.8660254037844387,-0.7818314824680299,0.6234898018587334,479.0,911.0,600.0,985.6666666666666,1515.25
C-02,1,2026-08-09 03:00:00,302,24.7,0.0,65.0,3.5,998.7,월드컵대교,189882.0,450789.0,3,6,1,8,9,0,0.7071067811865476,0.7071067811865476,-0.7818314824680299,0.6234898018587334,354.0,479.0,478.0,581.3333333333334,1505.0
C-02,1,2026-08-09 04:00:00,297,24.8,0.0,64.0,3.7,998.9,월드컵대교,189882.0,450789.0,4,6,1,8,9,0,0.8660254037844386,0.5000000000000001,-0.7818314824680299,0.6234898018587334,302.0,354.0,411.0,378.3333333333333,1497.6666666666667
C-02,1,2026-08-09 05:00:00,452,24.8,0.0,62.0,2.7,999.0,월드컵대교,189882.0,450789.0,5,6,1,8,9,0,0.9659258262890683,0.25881904510252074,-0.7818314824680299,0.6234898018587334,297.0,302.0,420.0,317.6666666666667,1492.9166666666667
C-02,1,2026-08-09 06:00:00,589,24.6,0.0,62.0,2.8,999.7,월드컵대교,189882.0,450789.0,6,6,1,8,9,0,1.0,6.123233995736766e-17,-0.7818314824680299,0.6234898018587334,452.0,297.0,717.0,350.3333333333333,1494.25
C-02,1,2026-08-09 07:00:00,774,25.3,0.0,58.0,3.7,999.9,월드컵대교,189882.0,450789.0,7,6,1,8,9,0,0.9659258262890683,-0.25881904510252063,-0.7818314824680299,0.6234898018587334,589.0,452.0,967.0,446.0,1488.9166666666667
C-02,1,2026-08-09 08:00:00,1077,26.9,0.0,56.0,3.1,999.7,월드컵대교,189882.0,450789.0,8,6,1,8,9,0,0.8660254037844387,-0.4999999999999998,-0.7818314824680299,0.6234898018587334,774.0,589.0,1149.0,605.0,1480.875
C-02,1,2026-08-09 09:00:00,1532,28.2,0.0,55.0,4.6,999.7,월드컵대교,189882.0,450789.0,9,6,1,8,9,0,0.7071067811865476,-0.7071067811865475,-0.7818314824680299,0.6234898018587334,1077.0,774.0,1527.0,813.3333333333334,1477.875
C-02,1,2026-08-09 10:00:00,1969,29.6,0.0,55.0,5.5,999.8,월드컵대교,189882.0,450789.0,10,6,1,8,9,0,0.49999999999999994,-0.8660254037844387,-0.7818314824680299,0.6234898018587334,1532.0,1077.0,2141.0,1127.6666666666667,1478.0833333333333
C-02,1,2026-08-09 11:00:00,1823,29.8,0.0,54.0,5.0,999.9,월드컵대교,189882.0,450789.0,11,6,1,8,9,0,0.258819045102521,-0.9659258262890682,-0.7818314824680299,0.6234898018587334,1969.0,1532.0,2109.0,1526.0,1470.9166666666667
C-02,1,2026-08-09 12:00:00,2122,29.9,0.0,54.0,4.9,999.4,월드컵대교,189882.0,450789.0,12,6,1,8,9,0,1.2246467991473532e-16,-1.0,-0.7818314824680299,0.6234898018587334,1823.0,1969.0,2554.0,1774.6666666666667,1459.0
C-02,1,2026-08-09 13:00:00,2422,30.7,0.0,54.0,4.2,999.3,월드컵대교,189882.0,450789.0,13,6,1,8,9,0,-0.2588190451025208,-0.9659258262890683,-0.7818314824680299,0.6234898018587334,2122.0,1823.0,2255.0,1971.3333333333333,1441.0
C-02,1,2026-08-09 14:00:00,2424,31.6,0.0,52.0,3.9,998.9,월드컵대교,189882.0,450789.0,14,6,1,8,9,0,-0.4999999999999997,-0.8660254037844388,-0.7818314824680299,0.6234898018587334,2422.0,2122.0,2425.0,2122.3333333333335,1447.9583333333333
C-02,1,2026-08-09 15:00:00,2353,31.4,0.0,53.0,4.4,998.7,월드컵대교,189882.0,450789.0,15,6,1,8,9,0,-0.7071067811865471,-0.7071067811865479,-0.7818314824680299,0.6234898018587334,2424.0,2422.0,1964.0,2322.6666666666665,1447.9166666666667
C-02,1,2026-08-09 16:00:00,2076,31.4,0.0,52.0,4.1,998.6,월드컵대교,189882.0,450789.0,16,6,1,8,9,0,-0.8660254037844385,-0.5000000000000004,-0.7818314824680299,0.6234898018587334,2353.0,2424.0,2112.0,2399.6666666666665,1464.125
C-02,1,2026-08-09 17:00:00,2091,30.2,0.0,55.0,5.2,998.8,월드컵대교,189882.0,450789.0,17,6,1,8,9,0,-0.9659258262890683,-0.25881904510252063,-0.7818314824680299,0.6234898018587334,2076.0,2353.0,2204.0,2284.3333333333335,1462.625
C-02,1,2026-08-09 18:00:00,1813,29.2,0.0,57.0,4.7,998.9,월드컵대교,189882.0,450789.0,18,6,1,8,9,0,-1.0,-1.8369701987210297e-16,-0.7818314824680299,0.6234898018587334,2091.0,2076.0,2370.0,2173.3333333333335,1457.9166666666667
C-02,1,2026-08-09 19:00:00,1288,28.6,0.0,58.0,4.9,999.7,월드컵대교,189882.0,450789.0,19,6,1,8,9,0,-0.9659258262890684,0.2588190451025203,-0.7818314824680299,0.6234898018587334,1813.0,2091.0,2122.0,1993.3333333333333,1434.7083333333333
C-02,1,2026-08-09 20:00:00,1477,27.8,0.0,60.0,4.1,1000.3,월드컵대교,189882.0,450789.0,20,6,1,8,9,0,-0.8660254037844386,0.5000000000000001,-0.7818314824680299,0.6234898018587334,1288.0,1813.0,1539.0,1730.6666666666667,1399.9583333333333
C-02,1,2026-08-09 21:00:00,1554,27.2,0.0,61.0,3.3,1000.9,월드컵대교,189882.0,450789.0,21,6,1,8,9,0,-0.7071067811865477,0.7071067811865474,-0.7818314824680299,0.6234898018587334,1477.0,1288.0,1535.0,1526.0,1397.375
C-02,1,2026-08-09 22:00:00,1284,26.8,0.0,63.0,4.0,1001.1,월드컵대교,189882.0,450789.0,22,6,1,8,9,0,-0.5000000000000004,0.8660254037844384,-0.7818314824680299,0.6234898018587334,1554.0,1477.0,1810.0,1439.6666666666667,1398.1666666666667
C-02,1,2026-08-09 23:00:00,694,26.3,0.0,64.0,4.0,1001.4,월드컵대교,189882.0,450789.0,23,6,1,8,9,0,-0.25881904510252157,0.9659258262890681,-0.7818314824680299,0.6234898018587334,1284.0,1554.0,1567.0,1438.3333333333333,1376.25
C-02,1,2026-08-10 01:00:00,337,25.5,0.0,66.0,4.6,1001.2,월드컵대교,189882.0,450789.0,1,0,0,8,10,0,0.25881904510252074,0.9659258262890683,0.0,1.0,694.0,1284.0,911.0,1177.3333333333333,1339.875
C-02,1,2026-08-10 02:00:00,245,25.3,0.0,67.0,3.0,1000.8,월드컵대교,189882.0,450789.0,2,0,0,8,10,0,0.49999999999999994,0.8660254037844387,0.0,1.0,337.0,694.0,479.0,771.6666666666666,1315.9583333333333
C-02,1,2026-08-10 03:00:00,262,25.2,0.0,67.0,2.7,1000.9,월드컵대교,189882.0,450789.0,3,0,0,8,10,0,0.7071067811865476,0.7071067811865476,0.0,1.0,245.0,337.0,354.0,425.3333333333333,1306.2083333333333
C-02,1,2026-08-10 04:00:00,377,25.1,0.0,69.0,3.2,1001.1,월드컵대교,189882.0,450789.0,4,0,0,8,10,0,0.8660254037844386,0.5000000000000001,0.0,1.0,262.0,245.0,302.0,281.3333333333333,1302.375
C-02,1,2026-08-10 05:00:00,714,24.8,0.0,70.0,3.0,1001.1,월드컵대교,189882.0,450789.0,5,0,0,8,10,0,0.9659258262890683,0.25881904510252074,0.0,1.0,377.0,262.0,297.0,294.6666666666667,1305.5
C-02,1,2026-08-10 06:00:00,1510,24.9,0.0,70.0,3.0,1001.6,월드컵대교,189882.0,450789.0,6,0,0,8,10,0,1.0,6.123233995736766e-17,0.0,1.0,714.0,377.0,452.0,451.0,1322.875
C-02,1,2026-08-10 07:00:00,2254,25.2,0.0,68.0,3.2,1001.8,월드컵대교,189882.0,450789.0,7,0,0,8,10,1,0.9659258262890683,-0.25881904510252063,0.0,1.0,1510.0,714.0,589.0,867.0,1366.9583333333333
C-02,1,2026-08-10 08:00:00,2346,26.1,0.0,66.0,3.1,1001.9,월드컵대교,189882.0,450789.0,8,0,0,8,10,1,0.8660254037844387,-0.4999999999999998,0.0,1.0,2254.0,1510.0,774.0,1492.6666666666667,1436.3333333333333
C-02,1,2026-08-10 09:00:00,2349,27.3,0.0,63.0,3.2,1002.1,월드컵대교,189882.0,450789.0,9,0,0,8,10,1,0.7071067811865476,-0.7071067811865475,0.0,1.0,2346.0,2254.0,1077.0,2036.6666666666667,1501.8333333333333
C-02,1,2026-08-10 10:00:00,2077,28.5,0.0,58.0,3.7,1002.0,월드컵대교,189882.0,450789.0,10,0,0,8,10,0,0.49999999999999994,-0.8660254037844387,0.0,1.0,2349.0,2346.0,1532.0,2316.3333333333335,1554.8333333333333
C-02,1,2026-08-10 11:00:00,1886,30.4,0.0,53.0,3.1,1001.6,월드컵대교,189882.0,450789.0,11,0,0,8,10,0,0.258819045102521,-0.9659258262890682,0.0,1.0,2077.0,2349.0,1969.0,2257.3333333333335,1577.5416666666667
C-02,1,2026-08-10 12:00:00,1922,31.4,0.0,51.0,3.1,1001.1,월드컵대교,189882.0,450789.0,12,0,0,8,10,0,1.2246467991473532e-16,-1.0,0.0,1.0,1886.0,2077.0,1823.0,2104.0,1574.0833333333333
C-02,1,2026-08-10 13:00:00,2149,32.9,0.0,47.0,2.0,1000.5,월드컵대교,189882.0,450789.0,13,0,0,8,10,0,-0.2588190451025208,-0.9659258262890683,0.0,1.0,1922.0,1886.0,2122.0,1961.6666666666667,1578.2083333333333
C-02,1,2026-08-10 14:00:00,2011,33.3,0.0,43.0,2.1,1000.1,월드컵대교,189882.0,450789.0,14,0,0,8,10,0,-0.4999999999999997,-0.8660254037844388,0.0,1.0,2149.0,1922.0,2422.0,1985.6666666666667,1579.3333333333333
C-02,1,2026-08-10 15:00:00,2328,34.2,0.0,43.0,2.5,999.8,월드컵대교,189882.0,450789.0,15,0,0,8,10,0,-0.7071067811865471,-0.7071067811865479,0.0,1.0,2011.0,2149.0,2424.0,2027.3333333333333,1562.2083333333333
C-02,1,2026-08-10 16:00:00,2543,34.0,0.0,44.0,1.6,999.4,월드컵대교,189882.0,450789.0,16,0,0,8,10,0,-0.8660254037844385,-0.5000000000000004,0.0,1.0,2328.0,2011.0,2353.0,2162.6666666666665,1558.2083333333333
C-02,1,2026-08-10 17:00:00,3042,32.9,0.0,47.0,3.4,999.3,월드컵대교,189882.0,450789.0,17,0,0,8,10,0,-0.9659258262890683,-0.25881904510252063,0.0,1.0,2543.0,2328.0,2076.0,2294.0,1566.125
C-02,1,2026-08-10 18:00:00,3070,32.4,0.0,48.0,2.1,999.2,월드컵대교,189882.0,450789.0,18,0,0,8,10,1,-1.0,-1.8369701987210297e-16,0.0,1.0,3042.0,2543.0,2091.0,2637.6666666666665,1606.375
C-02,1,2026-08-10 19:00:00,2573,31.6,0.0,51.0,2.4,999.4,월드컵대교,189882.0,450789.0,19,0,0,8,10,1,-0.9659258262890684,0.2588190451025203,0.0,1.0,3070.0,3042.0,1813.0,2885.0,1647.1666666666667
C-02,1,2026-08-10 20:00:00,1898,30.5,0.0,54.0,2.0,999.7,월드컵대교,189882.0,450789.0,20,0,0,8,10,1,-0.8660254037844386,0.5000000000000001,0.0,1.0,2573.0,3070.0,1288.0,2895.0,1678.8333333333333
C-02,1,2026-08-10 21:00:00,1432,29.9,0.0,57.0,2.4,1000.3,월드컵대교,189882.0,450789.0,21,0,0,8,10,0,-0.7071067811865477,0.7071067811865474,0.0,1.0,1898.0,2573.0,1477.0,2513.6666666666665,1704.25
C-02,1,2026-08-10 22:00:00,1468,29.5,0.0,58.0,2.8,1000.4,월드컵대교,189882.0,450789.0,22,0,0,8,10,0,-0.5000000000000004,0.8660254037844384,0.0,1.0,1432.0,1898.0,1554.0,1967.6666666666667,1702.375
C-02,1,2026-08-10 23:00:00,949,28.7,0.0,63.0,2.8,1000.8,월드컵대교,189882.0,450789.0,23,0,0,8,10,0,-0.25881904510252157,0.9659258262890681,0.0,1.0,1468.0,1432.0,1284.0,1599.3333333333333,1698.7916666666667
C-02,1,2026-08-13 01:00:00,507,23.8,0.0,68.0,2.7,996.4,월드컵대교,189882.0,450789.0,1,3,0,8,13,0,0.25881904510252074,0.9659258262890683,0.43388373911755823,-0.900968867902419,949.0,1468.0,694.0,1283.0,1684.8333333333333
C-02,1,2026-08-13 02:00:00,329,23.3,0.0,68.0,2.3,996.1,월드컵대교,189882.0,450789.0,2,3,0,8,13,0,0.49999999999999994,0.8660254037844387,0.43388373911755823,-0.900968867902419,507.0,949.0,337.0,974.6666666666666,1677.0416666666667
C-02,1,2026-08-13 03:00:00,280,22.8,0.0,69.0,2.4,995.8,월드컵대교,189882.0,450789.0,3,3,0,8,13,0,0.7071067811865476,0.7071067811865476,0.43388373911755823,-0.900968867902419,329.0,507.0,245.0,595.0,1676.7083333333333
C-02,1,2026-08-13 04:00:00,406,22.4,0.0,71.0,2.5,995.8,월드컵대교,189882.0,450789.0,4,3,0,8,13,0,0.8660254037844386,0.5000000000000001,0.43388373911755823,-0.900968867902419,280.0,329.0,262.0,372.0,1678.1666666666667
C-02,1,2026-08-13 05:00:00,830,22.2,0.0,72.0,1.9,995.6,월드컵대교,189882.0,450789.0,5,3,0,8,13,0,0.9659258262890683,0.25881904510252074,0.43388373911755823,-0.900968867902419,406.0,280.0,377.0,338.3333333333333,1684.1666666666667
C-02,1,2026-08-13 06:00:00,1475,22.1,0.0,74.0,1.7,995.9,월드컵대교,189882.0,450789.0,6,3,0,8,13,0,1.0,6.123233995736766e-17,0.43388373911755823,-0.900968867902419,830.0,406.0,714.0,505.3333333333333,1703.0416666666667
C-02,1,2026-08-13 07:00:00,2198,22.9,0.0,73.0,2.5,995.7,월드컵대교,189882.0,450789.0,7,3,0,8,13,1,0.9659258262890683,-0.25881904510252063,0.43388373911755823,-0.900968867902419,1475.0,830.0,1510.0,903.6666666666666,1734.75
C-02,1,2026-08-13 08:00:00,2433,23.8,0.0,71.0,1.9,995.7,월드컵대교,189882.0,450789.0,8,3,0,8,13,1,0.8660254037844387,-0.4999999999999998,0.43388373911755823,-0.900968867902419,2198.0,1475.0,2254.0,1501.0,1763.4166666666667
C-02,1,2026-08-13 09:00:00,2336,25.8,0.0,65.0,2.0,995.5,월드컵대교,189882.0,450789.0,9,3,0,8,13,1,0.7071067811865476,-0.7071067811865475,0.43388373911755823,-0.900968867902419,2433.0,2198.0,2346.0,2035.3333333333333,1770.875
C-02,1,2026-08-13 10:00:00,2078,27.6,0.0,59.0,2.5,995.4,월드컵대교,189882.0,450789.0,10,3,0,8,13,0,0.49999999999999994,-0.8660254037844387,0.43388373911755823,-0.900968867902419,2336.0,2433.0,2349.0,2322.3333333333335,1770.4583333333333
C-02,1,2026-08-13 11:00:00,2049,29.1,0.0,55.0,1.8,995.4,월드컵대교,189882.0,450789.0,11,3,0,8,13,0,0.258819045102521,-0.9659258262890682,0.43388373911755823,-0.900968867902419,2078.0,2336.0,2077.0,2282.3333333333335,1759.1666666666667
C-02,1,2026-08-13 12:00:00,1720,31.0,0.0,49.0,2.6,994.7,월드컵대교,189882.0,450789.0,12,3,0,8,13,0,1.2246467991473532e-16,-1.0,0.43388373911755823,-0.900968867902419,2049.0,2078.0,1886.0,2154.3333333333335,1758.0
C-02,1,2026-08-13 13:00:00,1881,31.8,0.0,48.0,2.9,994.2,월드컵대교,189882.0,450789.0,13,3,0,8,13,0,-0.2588190451025208,-0.9659258262890683,0.43388373911755823,-0.900968867902419,1720.0,2049.0,1922.0,1949.0,1751.0833333333333
C-02,1,2026-08-13 14:00:00,1987,31.7,0.0,47.0,3.5,993.9,월드컵대교,189882.0,450789.0,14,3,0,8,13,0,-0.4999999999999997,-0.8660254037844388,0.43388373911755823,-0.900968867902419,1881.0,1720.0,2149.0,1883.3333333333333,1749.375
C-02,1,2026-08-13 15:00:00,2261,31.5,0.0,49.0,3.0,993.6,월드컵대교,189882.0,450789.0,15,3,0,8,13,0,-0.7071067811865471,-0.7071067811865479,0.43388373911755823,-0.900968867902419,1987.0,1881.0,2011.0,1862.6666666666667,1742.625
C-02,1,2026-08-13 16:00:00,2658,31.3,0.0,49.0,2.9,993.4,월드컵대교,189882.0,450789.0,16,3,0,8,13,0,-0.8660254037844385,-0.5000000000000004,0.43388373911755823,-0.900968867902419,2261.0,1987.0,2328.0,2043.0,1753.0416666666667
C-02,1,2026-08-13 17:00:00,2746,31.2,0.0,50.0,2.7,993.5,월드컵대교,189882.0,450789.0,17,3,0,8,13,0,-0.9659258262890683,-0.25881904510252063,0.43388373911755823,-0.900968867902419,2658.0,2261.0,2543.0,2302.0,1766.7916666666667
C-02,1,2026-08-13 18:00:00,2744,31.2,0.0,51.0,3.3,993.3,월드컵대교,189882.0,450789.0,18,3,0,8,13,1,-1.0,-1.8369701987210297e-16,0.43388373911755823,-0.900968867902419,2746.0,2658.0,3042.0,2555.0,1775.25
C-02,1,2026-08-13 19:00:00,2190,30.2,0.0,53.0,3.6,993.8,월드컵대교,189882.0,450789.0,19,3,0,8,13,1,-0.9659258262890684,0.2588190451025203,0.43388373911755823,-0.900968867902419,2744.0,2746.0,3070.0,2716.0,1762.8333333333333
C-02,1,2026-08-13 20:00:00,2096,28.7,0.0,57.0,2.6,994.1,월드컵대교,189882.0,450789.0,20,3,0,8,13,1,-0.8660254037844386,0.5000000000000001,0.43388373911755823,-0.900968867902419,2190.0,2744.0,2573.0,2560.0,1726.1666666666667
C-02,1,2026-08-13 21:00:00,1641,27.7,0.0,60.0,1.6,994.6,월드컵대교,189882.0,450789.0,21,3,0,8,13,0,-0.7071067811865477,0.7071067811865474,0.43388373911755823,-0.900968867902419,2096.0,2190.0,1898.0,2343.3333333333335,1706.2916666666667
C-02,1,2026-08-13 22:00:00,1518,27.0,0.0,63.0,2.2,994.8,월드컵대교,189882.0,450789.0,22,3,0,8,13,0,-0.5000000000000004,0.8660254037844384,0.43388373911755823,-0.900968867902419,1641.0,2096.0,1432.0,1975.6666666666667,1695.5833333333333
C-02,1,2026-08-13 23:00:00,876,26.3,0.0,65.0,1.4,995.1,월드컵대교,189882.0,450789.0,23,3,0,8,13,0,-0.25881904510252157,0.9659258262890681,0.43388373911755823,-0.900968867902419,1518.0,1641.0,1468.0,1751.6666666666667,1699.1666666666667
C-02,1,2026-08-14 01:00:00,450,25.5,0.0,67.0,1.8,995.0,월드컵대교,189882.0,450789.0,1,4,0,8,14,0,0.25881904510252074,0.9659258262890683,-0.433883739117558,-0.9009688679024191,876.0,1518.0,949.0,1345.0,1674.5
C-02,1,2026-08-14 02:00:00,351,25.3,0.0,68.0,2.4,994.7,월드컵대교,189882.0,450789.0,2,4,0,8,14,0,0.49999999999999994,0.8660254037844387,-0.433883739117558,-0.9009688679024191,450.0,876.0,507.0,948.0,1653.7083333333333
C-02,1,2026-08-14 03:00:00,320,25.1,0.0,68.0,2.2,994.7,월드컵대교,189882.0,450789.0,3,4,0,8,14,0,0.7071067811865476,0.7071067811865476,-0.433883739117558,-0.9009688679024191,351.0,450.0,329.0,559.0,1647.2083333333333
C-02,1,2026-08-14 04:00:00,420,25.0,0.0,71.0,2.3,994.7,월드컵대교,189882.0,450789.0,4,4,0,8,14,0,0.8660254037844386,0.5000000000000001,-0.433883739117558,-0.9009688679024191,320.0,351.0,280.0,373.6666666666667,1646.8333333333333
C-02,1,2026-08-14 05:00:00,800,24.9,0.0,72.0,2.1,994.8,월드컵대교,189882.0,450789.0,5,4,0,8,14,0,0.9659258262890683,0.25881904510252074,-0.433883739117558,-0.9009688679024191,420.0,320.0,406.0,363.6666666666667,1652.6666666666667
C-02,1,2026-08-14 06:00:00,1509,24.8,0.0,72.0,2.2,995.1,월드컵대교,189882.0,450789.0,6,4,0,8,14,0,1.0,6.123233995736766e-17,-0.433883739117558,-0.9009688679024191,800.0,420.0,830.0,513.3333333333334,1669.0833333333333
C-02,1,2026-08-14 07:00:00,2120,24.9,0.0,71.0,2.1,995.5,월드컵대교,189882.0,450789.0,7,4,0,8,14,1,0.9659258262890683,-0.25881904510252063,-0.433883739117558,-0.9009688679024191,1509.0,800.0,1475.0,909.6666666666666,1697.375
C-02,1,2026-08-14 08:00:00,2235,25.9,0.0,70.0,1.9,995.6,월드컵대교,189882.0,450789.0,8,4,0,8,14,1,0.8660254037844387,-0.4999999999999998,-0.433883739117558,-0.9009688679024191,2120.0,1509.0,2198.0,1476.3333333333333,1724.25
C-02,1,2026-08-14 09:00:00,2319,27.1,0.0,65.0,1.7,995.8,월드컵대교,189882.0,450789.0,9,4,0,8,14,1,0.7071067811865476,-0.7071067811865475,-0.433883739117558,-0.9009688679024191,2235.0,2120.0,2433.0,1954.6666666666667,1725.7916666666667
C-02,1,2026-08-14 10:00:00,2067,29.1,0.0,58.0,2.0,995.9,월드컵대교,189882.0,450789.0,10,4,0,8,14,0,0.49999999999999994,-0.8660254037844387,-0.433883739117558,-0.9009688679024191,2319.0,2235.0,2336.0,2224.6666666666665,1721.0416666666667
C-02,1,2026-08-14 11:00:00,2256,31.1,0.0,52.0,2.0,995.7,월드컵대교,189882.0,450789.0,11,4,0,8,14,0,0.258819045102521,-0.9659258262890682,-0.433883739117558,-0.9009688679024191,2067.0,2319.0,2078.0,2207.0,1709.8333333333333
C-02,1,2026-08-14 12:00:00,2113,31.3,0.0,50.0,1.3,995.6,월드컵대교,189882.0,450789.0,12,4,0,8,14,0,1.2246467991473532e-16,-1.0,-0.433883739117558,-0.9009688679024191,2256.0,2067.0,2049.0,2214.0,1717.25
C-02,1,2026-08-14 13:00:00,2424,31.5,0.0,51.0,1.8,995.3,월드컵대교,189882.0,450789.0,13,4,0,8,14,0,-0.2588190451025208,-0.9659258262890683,-0.433883739117558,-0.9009688679024191,2113.0,2256.0,1720.0,2145.3333333333335,1719.9166666666667
C-02,1,2026-08-14 14:00:00,2063,30.9,0.0,52.0,1.9,995.0,월드컵대교,189882.0,450789.0,14,4,0,8,14,0,-0.4999999999999997,-0.8660254037844388,-0.433883739117558,-0.9009688679024191,2424.0,2113.0,1881.0,2264.3333333333335,1749.25
C-02,1,2026-08-14 15:00:00,2608,31.2,0.0,54.0,1.8,994.7,월드컵대교,189882.0,450789.0,15,4,0,8,14,0,-0.7071067811865471,-0.7071067811865479,-0.433883739117558,-0.9009688679024191,2063.0,2424.0,1987.0,2200.0,1756.8333333333333
C-02,1,2026-08-14 16:00:00,2720,30.9,0.0,56.0,2.9,994.7,월드컵대교,189882.0,450789.0,16,4,0,8,14,0,-0.8660254037844385,-0.5000000000000004,-0.433883739117558,-0.9009688679024191,2608.0,2063.0,2261.0,2365.0,1782.7083333333333
C-02,1,2026-08-14 17:00:00,2676,30.6,0.0,58.0,2.3,994.8,월드컵대교,189882.0,450789.0,17,4,0,8,14,0,-0.9659258262890683,-0.25881904510252063,-0.433883739117558,-0.9009688679024191,2720.0,2608.0,2658.0,2463.6666666666665,1801.8333333333333
C-02,1,2026-08-14 18:00:00,2945,30.4,0.0,57.0,0.3,994.7,월드컵대교,189882.0,450789.0,18,4,0,8,14,1,-1.0,-1.8369701987210297e-16,-0.433883739117558,-0.9009688679024191,2676.0,2720.0,2746.0,2668.0,1802.5833333333333
C-02,1,2026-08-14 19:00:00,2789,28.5,0.2,74.0,2.5,995.1,월드컵대교,189882.0,450789.0,19,4,0,8,14,1,-0.9659258262890684,0.2588190451025203,-0.433883739117558,-0.9009688679024191,2945.0,2676.0,2744.0,2780.3333333333335,1810.875
C-02,1,2026-08-14 20:00:00,2155,26.7,0.0,81.0,1.7,995.7,월드컵대교,189882.0,450789.0,20,4,0,8,14,1,-0.8660254037844386,0.5000000000000001,-0.433883739117558,-0.9009688679024191,2789.0,2945.0,2190.0,2803.3333333333335,1812.75
C-02,1,2026-08-14 21:00:00,1735,26.4,0.0,83.0,2.2,996.1,월드컵대교,189882.0,450789.0,21,4,0,8,14,0,-0.7071067811865477,0.7071067811865474,-0.433883739117558,-0.9009688679024191,2155.0,2789.0,2096.0,2629.6666666666665,1811.2916666666667
C-02,1,2026-08-14 22:00:00,1675,26.2,0.0,82.0,1.4,996.3,월드컵대교,189882.0,450789.0,22,4,0,8,14,0,-0.5000000000000004,0.8660254037844384,-0.433883739117558,-0.9009688679024191,1735.0,2155.0,1641.0,2226.3333333333335,1796.25
C-02,1,2026-08-14 23:00:00,1127,26.2,0.0,83.0,1.2,996.5,월드컵대교,189882.0,450789.0,23,4,0,8,14,0,-0.25881904510252157,0.9659258262890681,-0.433883739117558,-0.9009688679024191,1675.0,1735.0,1518.0,1855.0,1797.6666666666667
C-02,1,2026-08-15 01:00:00,629,26.0,0.0,81.0,1.5,996.5,월드컵대교,189882.0,450789.0,1,5,1,8,15,0,0.25881904510252074,0.9659258262890683,-0.9749279121818236,-0.2225209339563146,1127.0,1675.0,876.0,1512.3333333333333,1781.375
C-02,1,2026-08-15 02:00:00,506,26.0,0.0,82.0,1.0,996.2,월드컵대교,189882.0,450789.0,2,5,1,8,15,0,0.49999999999999994,0.8660254037844387,-0.9749279121818236,-0.2225209339563146,629.0,1127.0,450.0,1143.6666666666667,1771.0833333333333
C-02,1,2026-08-15 03:00:00,396,25.8,0.0,82.0,1.5,996.3,월드컵대교,189882.0,450789.0,3,5,1,8,15,0,0.7071067811865476,0.7071067811865476,-0.9749279121818236,-0.2225209339563146,506.0,629.0,351.0,754.0,1773.4166666666667
C-02,1,2026-08-15 04:00:00,486,25.7,0.0,79.0,1.5,996.2,월드컵대교,189882.0,450789.0,4,5,1,8,15,0,0.8660254037844386,0.5000000000000001,-0.9749279121818236,-0.2225209339563146,396.0,506.0,320.0,510.3333333333333,1775.2916666666667
C-02,1,2026-08-15 05:00:00,645,25.5,0.0,81.0,1.1,996.2,월드컵대교,189882.0,450789.0,5,5,1,8,15,0,0.9659258262890683,0.25881904510252074,-0.9749279121818236,-0.2225209339563146,486.0,396.0,420.0,462.6666666666667,1782.2083333333333
C-02,1,2026-08-15 06:00:00,906,25.3,0.0,82.0,2.3,996.5,월드컵대교,189882.0,450789.0,6,5,1,8,15,0,1.0,6.123233995736766e-17,-0.9749279121818236,-0.2225209339563146,645.0,486.0,800.0,509.0,1791.5833333333333
C-02,1,2026-08-15 07:00:00,1012,25.3,0.0,79.0,2.0,996.7,월드컵대교,189882.0,450789.0,7,5,1,8,15,0,0.9659258262890683,-0.25881904510252063,-0.9749279121818236,-0.2225209339563146,906.0,645.0,1509.0,679.0,1796.0
C-02,1,2026-08-15 08:00:00,1247,25.6,0.0,79.0,1.3,996.9,월드컵대교,189882.0,450789.0,8,5,1,8,15,0,0.8660254037844387,-0.4999999999999998,-0.9749279121818236,-0.2225209339563146,1012.0,906.0,2120.0,854.3333333333334,1775.2916666666667
C-02,1,2026-08-15 09:00:00,2243,26.2,0.0,77.0,2.0,997.2,월드컵대교,189882.0,450789.0,9,5,1,8,15,0,0.7071067811865476,-0.7071067811865475,-0.9749279121818236,-0.2225209339563146,1247.0,1012.0,2235.0,1055.0,1738.9166666666667
C-02,1,2026-08-15 10:00:00,2497,27.1,0.0,75.0,2.0,997.4,월드컵대교,189882.0,450789.0,10,5,1,8,15,0,0.49999999999999994,-0.8660254037844387,-0.9749279121818236,-0.2225209339563146,2243.0,1247.0,2319.0,1500.6666666666667,1739.25
C-02,1,2026-08-15 11:00:00,2524,27.2,0.0,74.0,2.6,997.3,월드컵대교,189882.0,450789.0,11,5,1,8,15,0,0.258819045102521,-0.9659258262890682,-0.9749279121818236,-0.2225209339563146,2497.0,2243.0,2067.0,1995.6666666666667,1746.6666666666667
C-02,1,2026-08-15 12:00:00,2603,27.3,0.0,75.0,2.5,996.8,월드컵대교,189882.0,450789.0,12,5,1,8,15,0,1.2246467991473532e-16,-1.0,-0.9749279121818236,-0.2225209339563146,2524.0,2497.0,2256.0,2421.3333333333335,1765.7083333333333
C-02,1,2026-08-15 13:00:00,2225,28.3,0.0,74.0,3.3,996.4,월드컵대교,189882.0,450789.0,13,5,1,8,15,0,-0.2588190451025208,-0.9659258262890683,-0.9749279121818236,-0.2225209339563146,2603.0,2524.0,2113.0,2541.3333333333335,1780.1666666666667
C-02,1,2026-08-15 14:00:00,2330,29.3,0.0,67.0,2.9,996.0,월드컵대교,189882.0,450789.0,14,5,1,8,15,0,-0.4999999999999997,-0.8660254037844388,-0.9749279121818236,-0.2225209339563146,2225.0,2603.0,2424.0,2450.6666666666665,1784.8333333333333
C-02,1,2026-08-15 15:00:00,2353,28.3,0.0,72.0,2.8,996.0,월드컵대교,189882.0,450789.0,15,5,1,8,15,0,-0.7071067811865471,-0.7071067811865479,-0.9749279121818236,-0.2225209339563146,2330.0,2225.0,2063.0,2386.0,1780.9166666666667
C-02,1,2026-08-15 16:00:00,2161,26.6,1.0,86.0,1.8,996.2,월드컵대교,189882.0,450789.0,16,5,1,8,15,0,-0.8660254037844385,-0.5000000000000004,-0.9749279121818236,-0.2225209339563146,2353.0,2330.0,2608.0,2302.6666666666665,1793.0
C-02,1,2026-08-15 17:00:00,2153,25.6,0.3,85.0,2.0,996.1,월드컵대교,189882.0,450789.0,17,5,1,8,15,0,-0.9659258262890683,-0.25881904510252063,-0.9749279121818236,-0.2225209339563146,2161.0,2353.0,2720.0,2281.3333333333335,1774.375
C-02,1,2026-08-15 18:00:00,1372,25.2,0.0,84.0,1.2,995.7,월드컵대교,189882.0,450789.0,18,5,1,8,15,0,-1.0,-1.8369701987210297e-16,-0.9749279121818236,-0.2225209339563146,2153.0,2161.0,2676.0,2222.3333333333335,1750.75
C-02,1,2026-08-15 19:00:00,1445,25.2,0.0,85.0,1.9,996.0,월드컵대교,189882.0,450789.0,19,5,1,8,15,0,-0.9659258262890684,0.2588190451025203,-0.9749279121818236,-0.2225209339563146,1372.0,2153.0,2945.0,1895.3333333333333,1696.4166666666667
C-02,1,2026-08-15 20:00:00,1419,25.2,0.0,85.0,0.4,996.0,월드컵대교,189882.0,450789.0,20,5,1,8,15,0,-0.8660254037844386,0.5000000000000001,-0.9749279121818236,-0.2225209339563146,1445.0,1372.0,2789.0,1656.6666666666667,1633.9166666666667
C-02,1,2026-08-15 21:00:00,1426,25.3,0.0,84.0,0.6,996.3,월드컵대교,189882.0,450789.0,21,5,1,8,15,0,-0.7071067811865477,0.7071067811865474,-0.9749279121818236,-0.2225209339563146,1419.0,1445.0,2155.0,1412.0,1576.8333333333333
C-02,1,2026-08-15 22:00:00,1204,25.3,0.0,85.0,2.3,996.2,월드컵대교,189882.0,450789.0,22,5,1,8,15,0,-0.5000000000000004,0.8660254037844384,-0.9749279121818236,-0.2225209339563146,1426.0,1419.0,1735.0,1430.0,1546.4583333333333
C-02,1,2026-08-15 23:00:00,816,25.4,0.0,85.0,1.3,996.2,월드컵대교,189882.0,450789.0,23,5,1,8,15,0,-0.25881904510252157,0.9659258262890681,-0.9749279121818236,-0.2225209339563146,1204.0,1426.0,1675.0,1349.6666666666667,1524.3333333333333
C-02,1,2026-08-16 01:00:00,469,25.4,0.0,85.0,1.8,996.1,월드컵대교,189882.0,450789.0,1,6,1,8,16,0,0.25881904510252074,0.9659258262890683,-0.7818314824680299,0.6234898018587334,816.0,1204.0,1127.0,1148.6666666666667,1488.5416666666667
C-02,1,2026-08-16 02:00:00,339,25.4,0.0,85.0,1.2,996.1,월드컵대교,189882.0,450789.0,2,6,1,8,16,0,0.49999999999999994,0.8660254037844387,-0.7818314824680299,0.6234898018587334,469.0,816.0,629.0,829.6666666666666,1461.125
C-02,1,2026-08-16 03:00:00,263,24.3,1.6,90.0,1.2,996.6,월드컵대교,189882.0,450789.0,3,6,1,8,16,0,0.7071067811865476,0.7071067811865476,-0.7818314824680299,0.6234898018587334,339.0,469.0,506.0,541.3333333333334,1449.0416666666667
C-02,1,2026-08-16 04:00:00,264,24.1,3.7,94.0,1.0,996.6,월드컵대교,189882.0,450789.0,4,6,1,8,16,0,0.8660254037844386,0.5000000000000001,-0.7818314824680299,0.6234898018587334,263.0,339.0,396.0,357.0,1438.9166666666667
C-02,1,2026-08-16 05:00:00,331,23.2,3.7,91.0,2.8,996.7,월드컵대교,189882.0,450789.0,5,6,1,8,16,0,0.9659258262890683,0.25881904510252074,-0.7818314824680299,0.6234898018587334,264.0,263.0,486.0,288.6666666666667,1433.4166666666667
C-02,1,2026-08-16 06:00:00,500,22.9,0.0,91.0,1.2,996.7,월드컵대교,189882.0,450789.0,6,6,1,8,16,0,1.0,6.123233995736766e-17,-0.7818314824680299,0.6234898018587334,331.0,264.0,645.0,286.0,1426.9583333333333
C-02,1,2026-08-16 07:00:00,667,22.7,0.0,95.0,2.0,996.7,월드컵대교,189882.0,450789.0,7,6,1,8,16,0,0.9659258262890683,-0.25881904510252063,-0.7818314824680299,0.6234898018587334,500.0,331.0,906.0,365.0,1420.9166666666667
C-02,1,2026-08-16 08:00:00,1009,22.7,0.3,93.0,3.3,996.4,월드컵대교,189882.0,450789.0,8,6,1,8,16,0,0.8660254037844387,-0.4999999999999998,-0.7818314824680299,0.6234898018587334,667.0,500.0,1012.0,499.3333333333333,1410.9583333333333
C-02,1,2026-08-16 09:00:00,1592,23.3,0.0,91.0,2.8,996.2,월드컵대교,189882.0,450789.0,9,6,1,8,16,0,0.7071067811865476,-0.7071067811865475,-0.7818314824680299,0.6234898018587334,1009.0,667.0,1247.0,725.3333333333334,1410.8333333333333
C-02,1,2026-08-16 10:00:00,1905,23.8,0.0,89.0,2.6,996.2,월드컵대교,189882.0,450789.0,10,6,1,8,16,0,0.49999999999999994,-0.8660254037844387,-0.7818314824680299,0.6234898018587334,1592.0,1009.0,2243.0,1089.3333333333333,1425.2083333333333
C-02,1,2026-08-16 11:00:00,2423,24.2,0.0,91.0,2.8,996.3,월드컵대교,189882.0,450789.0,11,6,1,8,16,0,0.258819045102521,-0.9659258262890682,-0.7818314824680299,0.6234898018587334,1905.0,1592.0,2497.0,1502.0,1411.125
C-02,1,2026-08-16 12:00:00,2432,24.5,0.5,90.0,2.6,995.7,월드컵대교,189882.0,450789.0,12,6,1,8,16,0,1.2246467991473532e-16,-1.0,-0.7818314824680299,0.6234898018587334,2423.0,1905.0,2524.0,1973.3333333333333,1408.0416666666667
C-02,1,2026-08-16 13:00:00,2691,24.3,0.4,91.0,2.2,995.6,월드컵대교,189882.0,450789.0,13,6,1,8,16,0,-0.2588190451025208,-0.9659258262890683,-0.7818314824680299,0.6234898018587334,2432.0,2423.0,2603.0,2253.3333333333335,1404.2083333333333
C-02,1,2026-08-16 14:00:00,2397,24.0,0.2,90.0,2.9,995.3,월드컵대교,189882.0,450789.0,14,6,1,8,16,0,-0.4999999999999997,-0.8660254037844388,-0.7818314824680299,0.6234898018587334,2691.0,2432.0,2225.0,2515.3333333333335,1407.875
C-02,1,2026-08-16 15:00:00,2693,24.5,0.0,91.0,2.4,995.0,월드컵대교,189882.0,450789.0,15,6,1,8,16,0,-0.7071067811865471,-0.7071067811865479,-0.7818314824680299,0.6234898018587334,2397.0,2691.0,2330.0,2506.6666666666665,1415.0416666666667
C-02,1,2026-08-16 16:00:00,1941,24.8,0.1,84.0,2.7,994.7,월드컵대교,189882.0,450789.0,16,6,1,8,16,0,-0.8660254037844385,-0.5000000000000004,-0.7818314824680299,0.6234898018587334,2693.0,2397.0,2353.0,2593.6666666666665,1430.1666666666667
C-02,1,2026-08-16 17:00:00,1948,24.7,0.0,86.0,3.2,994.7,월드컵대교,189882.0,450789.0,17,6,1,8,16,0,-0.9659258262890683,-0.25881904510252063,-0.7818314824680299,0.6234898018587334,1941.0,2693.0,2161.0,2343.6666666666665,1413.0
C-02,1,2026-08-16 18:00:00,1653,24.8,0.0,85.0,3.4,994.4,월드컵대교,189882.0,450789.0,18,6,1,8,16,0,-1.0,-1.8369701987210297e-16,-0.7818314824680299,0.6234898018587334,1948.0,1941.0,2153.0,2194.0,1404.125
C-02,1,2026-08-16 19:00:00,1593,24.5,0.0,85.0,3.4,994.6,월드컵대교,189882.0,450789.0,19,6,1,8,16,0,-0.9659258262890684,0.2588190451025203,-0.7818314824680299,0.6234898018587334,1653.0,1948.0,1372.0,1847.3333333333333,1383.2916666666667
C-02,1,2026-08-16 20:00:00,1475,24.4,0.0,85.0,3.0,994.9,월드컵대교,189882.0,450789.0,20,6,1,8,16,0,-0.8660254037844386,0.5000000000000001,-0.7818314824680299,0.6234898018587334,1593.0,1653.0,1445.0,1731.3333333333333,1392.5
C-02,1,2026-08-16 21:00:00,1507,24.1,0.0,87.0,3.4,995.4,월드컵대교,189882.0,450789.0,21,6,1,8,16,0,-0.7071067811865477,0.7071067811865474,-0.7818314824680299,0.6234898018587334,1475.0,1593.0,1419.0,1573.6666666666667,1393.75
C-02,1,2026-08-16 22:00:00,1221,24.2,0.0,85.0,2.7,995.7,월드컵대교,189882.0,450789.0,22,6,1,8,16,0,-0.5000000000000004,0.8660254037844384,-0.7818314824680299,0.6234898018587334,1507.0,1475.0,1426.0,1525.0,1397.4166666666667
C-02,1,2026-08-16 23:00:00,905,24.2,0.0,84.0,1.9,995.7,월드컵대교,189882.0,450789.0,23,6,1,8,16,0,-0.25881904510252157,0.9659258262890681,-0.7818314824680299,0.6234898018587334,1221.0,1507.0,1204.0,1401.0,1388.875
C-02,1,2026-08-17 01:00:00,402,23.8,0.0,87.0,2.2,995.8,월드컵대교,189882.0,450789.0,1,0,0,8,17,0,0.25881904510252074,0.9659258262890683,0.0,1.0,905.0,1221.0,816.0,1211.0,1376.4166666666667
C-02,1,2026-08-17 02:00:00,323,23.8,0.0,85.0,2.1,995.5,월드컵대교,189882.0,450789.0,2,0,0,8,17,0,0.49999999999999994,0.8660254037844387,0.0,1.0,402.0,905.0,469.0,842.6666666666666,1359.1666666666667
C-02,1,2026-08-17 03:00:00,282,23.8,0.0,84.0,2.0,995.5,월드컵대교,189882.0,450789.0,3,0,0,8,17,0,0.7071067811865476,0.7071067811865476,0.0,1.0,323.0,402.0,339.0,543.3333333333334,1353.0833333333333
C-02,1,2026-08-17 04:00:00,337,23.7,0.0,85.0,2.2,995.5,월드컵대교,189882.0,450789.0,4,0,0,8,17,0,0.8660254037844386,0.5000000000000001,0.0,1.0,282.0,323.0,263.0,335.6666666666667,1350.7083333333333
C-02,1,2026-08-17 05:00:00,598,23.7,0.0,86.0,2.3,995.1,월드컵대교,189882.0,450789.0,5,0,0,8,17,0,0.9659258262890683,0.25881904510252074,0.0,1.0,337.0,282.0,264.0,314.0,1353.7916666666667
C-02,1,2026-08-17 06:00:00,723,23.8,0.0,83.0,2.1,995.6,월드컵대교,189882.0,450789.0,6,0,0,8,17,0,1.0,6.123233995736766e-17,0.0,1.0,598.0,337.0,331.0,405.6666666666667,1367.7083333333333
C-02,1,2026-08-17 07:00:00,773,23.8,0.0,84.0,1.8,996.2,월드컵대교,189882.0,450789.0,7,0,0,8,17,1,0.9659258262890683,-0.25881904510252063,0.0,1.0,723.0,598.0,500.0,552.6666666666666,1384.0416666666667
C-02,1,2026-08-17 08:00:00,961,24.0,0.0,85.0,2.4,996.3,월드컵대교,189882.0,450789.0,8,0,0,8,17,1,0.8660254037844387,-0.4999999999999998,0.0,1.0,773.0,723.0,667.0,698.0,1395.4166666666667
C-02,1,2026-08-17 09:00:00,1309,24.6,0.0,83.0,1.8,996.3,월드컵대교,189882.0,450789.0,9,0,0,8,17,1,0.7071067811865476,-0.7071067811865475,0.0,1.0,961.0,773.0,1009.0,819.0,1407.6666666666667
C-02,1,2026-08-17 10:00:00,1733,25.3,0.0,81.0,1.6,996.6,월드컵대교,189882.0,450789.0,10,0,0,8,17,0,0.49999999999999994,-0.8660254037844387,0.0,1.0,1309.0,961.0,1592.0,1014.3333333333334,1420.1666666666667
C-02,1,2026-08-17 11:00:00,2079,25.1,0.0,82.0,2.1,996.6,월드컵대교,189882.0,450789.0,11,0,0,8,17,0,0.258819045102521,-0.9659258262890682,0.0,1.0,1733.0,1309.0,1905.0,1334.3333333333333,1426.0416666666667
C-02,1,2026-08-17 12:00:00,2150,25.0,0.3,87.0,1.6,996.4,월드컵대교,189882.0,450789.0,12,0,0,8,17,0,1.2246467991473532e-16,-1.0,0.0,1.0,2079.0,1733.0,2423.0,1707.0,1433.2916666666667
C-02,1,2026-08-17 13:00:00,1753,25.5,0.0,84.0,2.4,996.2,월드컵대교,189882.0,450789.0,13,0,0,8,17,0,-0.2588190451025208,-0.9659258262890683,0.0,1.0,2150.0,2079.0,2432.0,1987.3333333333333,1421.9166666666667
C-02,1,2026-08-17 14:00:00,1867,25.2,1.4,91.0,1.3,996.3,월드컵대교,189882.0,450789.0,14,0,0,8,17,0,-0.4999999999999997,-0.8660254037844388,0.0,1.0,1753.0,2150.0,2691.0,1994.0,1393.625
C-02,1,2026-08-17 15:00:00,1929,25.5,1.6,91.0,1.2,996.1,월드컵대교,189882.0,450789.0,15,0,0,8,17,0,-0.7071067811865471,-0.7071067811865479,0.0,1.0,1867.0,1753.0,2397.0,1923.3333333333333,1359.2916666666667
C-02,1,2026-08-17 16:00:00,1866,25.5,0.0,88.0,1.8,996.0,월드컵대교,189882.0,450789.0,16,0,0,8,17,0,-0.8660254037844385,-0.5000000000000004,0.0,1.0,1929.0,1867.0,2693.0,1849.6666666666667,1339.7916666666667
C-02,1,2026-08-17 17:00:00,1887,25.8,0.0,88.0,0.8,996.2,월드컵대교,189882.0,450789.0,17,0,0,8,17,0,-0.9659258262890683,-0.25881904510252063,0.0,1.0,1866.0,1929.0,1941.0,1887.3333333333333,1305.3333333333333
C-02,1,2026-08-17 18:00:00,1505,26.0,0.0,86.0,0.9,996.2,월드컵대교,189882.0,450789.0,18,0,0,8,17,1,-1.0,-1.8369701987210297e-16,0.0,1.0,1887.0,1866.0,1948.0,1894.0,1303.0833333333333
C-02,1,2026-08-17 19:00:00,1377,25.9,0.1,91.0,0.3,996.3,월드컵대교,189882.0,450789.0,19,0,0,8,17,1,-0.9659258262890684,0.2588190451025203,0.0,1.0,1505.0,1887.0,1653.0,1752.6666666666667,1284.625
C-02,1,2026-08-17 20:00:00,1427,25.6,0.2,89.0,0.1,997.0,월드컵대교,189882.0,450789.0,20,0,0,8,17,1,-0.8660254037844386,0.5000000000000001,0.0,1.0,1377.0,1505.0,1593.0,1589.6666666666667,1273.125
C-02,1,2026-08-17 21:00:00,1249,25.4,0.0,90.0,0.5,997.8,월드컵대교,189882.0,450789.0,21,0,0,8,17,0,-0.7071067811865477,0.7071067811865474,0.0,1.0,1427.0,1377.0,1475.0,1436.3333333333333,1266.2083333333333
C-02,1,2026-08-17 22:00:00,1099,25.3,0.3,90.0,1.2,998.0,월드컵대교,189882.0,450789.0,22,0,0,8,17,0,-0.5000000000000004,0.8660254037844384,0.0,1.0,1249.0,1427.0,1507.0,1351.0,1256.7916666666667
C-02,1,2026-08-17 23:00:00,719,25.2,0.0,90.0,1.1,998.1,월드컵대교,189882.0,450789.0,23,0,0,8,17,0,-0.25881904510252157,0.9659258262890681,0.0,1.0,1099.0,1249.0,1221.0,1258.3333333333333,1239.7916666666667
C-02,1,2026-08-18 01:00:00,309,24.6,0.0,89.0,1.1,998.2,월드컵대교,189882.0,450789.0,1,1,0,8,18,0,0.25881904510252074,0.9659258262890683,0.7818314824680298,0.6234898018587336,719.0,1099.0,905.0,1022.3333333333334,1218.875
C-02,1,2026-08-18 02:00:00,205,24.3,0.0,90.0,1.2,998.4,월드컵대교,189882.0,450789.0,2,1,0,8,18,0,0.49999999999999994,0.8660254037844387,0.7818314824680298,0.6234898018587336,309.0,719.0,402.0,709.0,1194.0416666666667
C-02,1,2026-08-18 03:00:00,232,24.1,0.0,93.0,1.4,998.3,월드컵대교,189882.0,450789.0,3,1,0,8,18,0,0.7071067811865476,0.7071067811865476,0.7818314824680298,0.6234898018587336,205.0,309.0,323.0,411.0,1185.8333333333333
C-02,1,2026-08-18 04:00:00,344,24.0,0.0,92.0,1.9,998.6,월드컵대교,189882.0,450789.0,4,1,0,8,18,0,0.8660254037844386,0.5000000000000001,0.7818314824680298,0.6234898018587336,232.0,205.0,282.0,248.66666666666666,1182.0416666666667
C-02,1,2026-08-18 05:00:00,830,24.2,0.0,91.0,1.4,999.3,월드컵대교,189882.0,450789.0,5,1,0,8,18,0,0.9659258262890683,0.25881904510252074,0.7818314824680298,0.6234898018587336,344.0,232.0,337.0,260.3333333333333,1184.625
C-02,1,2026-08-18 06:00:00,1738,24.2,0.0,90.0,1.4,999.9,월드컵대교,189882.0,450789.0,6,1,0,8,18,0,1.0,6.123233995736766e-17,0.7818314824680298,0.6234898018587336,830.0,344.0,598.0,468.6666666666667,1205.1666666666667
C-02,1,2026-08-18 07:00:00,2417,24.4,0.0,90.0,0.4,1000.3,월드컵대교,189882.0,450789.0,7,1,0,8,18,1,0.9659258262890683,-0.25881904510252063,0.7818314824680298,0.6234898018587336,1738.0,830.0,723.0,970.6666666666666,1252.6666666666667
C-02,1,2026-08-18 08:00:00,2620,24.9,0.0,89.0,2.0,1000.5,월드컵대교,189882.0,450789.0,8,1,0,8,18,1,0.8660254037844387,-0.4999999999999998,0.7818314824680298,0.6234898018587336,2417.0,1738.0,773.0,1661.6666666666667,1323.25
C-02,1,2026-08-18 09:00:00,2538,26.0,0.0,84.0,1.8,1000.7,월드컵대교,189882.0,450789.0,9,1,0,8,18,1,0.7071067811865476,-0.7071067811865475,0.7818314824680298,0.6234898018587336,2620.0,2417.0,961.0,2258.3333333333335,1400.2083333333333
C-02,1,2026-08-18 10:00:00,1828,27.0,0.0,76.0,1.4,1000.7,월드컵대교,189882.0,450789.0,10,1,0,8,18,0,0.49999999999999994,-0.8660254037844387,0.7818314824680298,0.6234898018587336,2538.0,2620.0,1309.0,2525.0,1465.9166666666667
C-02,1,2026-08-18 11:00:00,2271,28.4,0.0,70.0,1.9,1000.6,월드컵대교,189882.0,450789.0,11,1,0,8,18,0,0.258819045102521,-0.9659258262890682,0.7818314824680298,0.6234898018587336,1828.0,2538.0,1733.0,2328.6666666666665,1487.5416666666667
C-02,1,2026-08-18 12:00:00,1904,28.8,0.0,66.0,2.4,1000.7,월드컵대교,189882.0,450789.0,12,1,0,8,18,0,1.2246467991473532e-16,-1.0,0.7818314824680298,0.6234898018587336,2271.0,1828.0,2079.0,2212.3333333333335,1509.9583333333333
C-02,1,2026-08-18 13:00:00,2190,30.3,0.0,61.0,3.1,1000.7,월드컵대교,189882.0,450789.0,13,1,0,8,18,0,-0.2588190451025208,-0.9659258262890683,0.7818314824680298,0.6234898018587336,1904.0,2271.0,2150.0,2001.0,1502.6666666666667
C-02,1,2026-08-18 14:00:00,2087,29.9,0.0,60.0,3.4,1000.6,월드컵대교,189882.0,450789.0,14,1,0,8,18,0,-0.4999999999999997,-0.8660254037844388,0.7818314824680298,0.6234898018587336,2190.0,1904.0,1753.0,2121.6666666666665,1504.3333333333333
C-02,1,2026-08-18 15:00:00,2267,30.6,0.0,55.0,3.2,1000.2,월드컵대교,189882.0,450789.0,15,1,0,8,18,0,-0.7071067811865471,-0.7071067811865479,0.7818314824680298,0.6234898018587336,2087.0,2190.0,1867.0,2060.3333333333335,1518.25
C-02,1,2026-08-18 16:00:00,2802,31.4,0.0,52.0,1.1,1000.0,월드컵대교,189882.0,450789.0,16,1,0,8,18,0,-0.8660254037844385,-0.5000000000000004,0.7818314824680298,0.6234898018587336,2267.0,2087.0,1929.0,2181.3333333333335,1534.9166666666667
C-02,1,2026-08-18 17:00:00,2837,31.2,0.0,53.0,2.7,1000.4,월드컵대교,189882.0,450789.0,17,1,0,8,18,0,-0.9659258262890683,-0.25881904510252063,0.7818314824680298,0.6234898018587336,2802.0,2267.0,1866.0,2385.3333333333335,1571.2916666666667
C-02,1,2026-08-18 18:00:00,3031,29.9,0.0,58.0,2.9,1000.4,월드컵대교,189882.0,450789.0,18,1,0,8,18,1,-1.0,-1.8369701987210297e-16,0.7818314824680298,0.6234898018587336,2837.0,2802.0,1887.0,2635.3333333333335,1611.75
C-02,1,2026-08-18 19:00:00,2749,28.6,0.0,62.0,3.1,1001.0,월드컵대교,189882.0,450789.0,19,1,0,8,18,1,-0.9659258262890684,0.2588190451025203,0.7818314824680298,0.6234898018587336,3031.0,2837.0,1505.0,2890.0,1659.4166666666667
C-02,1,2026-08-18 20:00:00,2042,27.2,0.0,67.0,2.5,1001.7,월드컵대교,189882.0,450789.0,20,1,0,8,18,1,-0.8660254037844386,0.5000000000000001,0.7818314824680298,0.6234898018587336,2749.0,3031.0,1377.0,2872.3333333333335,1711.25
C-02,1,2026-08-18 21:00:00,1554,26.6,0.0,71.0,1.3,1002.2,월드컵대교,189882.0,450789.0,21,1,0,8,18,0,-0.7071067811865477,0.7071067811865474,0.7818314824680298,0.6234898018587336,2042.0,2749.0,1427.0,2607.3333333333335,1738.9583333333333
C-02,1,2026-08-18 22:00:00,1465,26.1,0.0,75.0,1.1,1002.5,월드컵대교,189882.0,450789.0,22,1,0,8,18,0,-0.5000000000000004,0.8660254037844384,0.7818314824680298,0.6234898018587336,1554.0,2042.0,1249.0,2115.0,1744.25
C-02,1,2026-08-18 23:00:00,962,25.7,0.0,75.0,0.7,1002.9,월드컵대교,189882.0,450789.0,23,1,0,8,18,0,-0.25881904510252157,0.9659258262890681,0.7818314824680298,0.6234898018587336,1465.0,1554.0,1099.0,1687.0,1753.25
C-02,1,2026-08-19 01:00:00,467,25.2,0.0,79.0,0.1,1002.7,월드컵대교,189882.0,450789.0,1,2,0,8,19,0,0.25881904510252074,0.9659258262890683,0.9749279121818236,-0.22252093395631434,962.0,1465.0,719.0,1327.0,1747.5416666666667
C-02,1,2026-08-19 02:00:00,313,25.0,0.0,81.0,0.8,1002.7,월드컵대교,189882.0,450789.0,2,2,0,8,19,0,0.49999999999999994,0.8660254037844387,0.9749279121818236,-0.22252093395631434,467.0,962.0,309.0,964.6666666666666,1737.0416666666667
C-02,1,2026-08-19 03:00:00,259,24.8,0.0,80.0,1.1,1002.6,월드컵대교,189882.0,450789.0,3,2,0,8,19,0,0.7071067811865476,0.7071067811865476,0.9749279121818236,-0.22252093395631434,313.0,467.0,205.0,580.6666666666666,1737.2083333333333
C-02,1,2026-08-19 04:00:00,380,24.7,0.0,80.0,1.0,1002.8,월드컵대교,189882.0,450789.0,4,2,0,8,19,0,0.8660254037844386,0.5000000000000001,0.9749279121818236,-0.22252093395631434,259.0,313.0,232.0,346.3333333333333,1739.4583333333333
C-02,1,2026-08-19 05:00:00,786,24.8,0.0,81.0,1.4,1003.1,월드컵대교,189882.0,450789.0,5,2,0,8,19,0,0.9659258262890683,0.25881904510252074,0.9749279121818236,-0.22252093395631434,380.0,259.0,344.0,317.3333333333333,1745.625
C-02,1,2026-08-19 06:00:00,1676,24.8,0.0,81.0,1.7,1003.4,월드컵대교,189882.0,450789.0,6,2,0,8,19,0,1.0,6.123233995736766e-17,0.9749279121818236,-0.22252093395631434,786.0,380.0,830.0,475.0,1764.0416666666667
C-02,1,2026-08-19 07:00:00,2421,25.2,0.0,82.0,1.6,1003.9,월드컵대교,189882.0,450789.0,7,2,0,8,19,1,0.9659258262890683,-0.25881904510252063,0.9749279121818236,-0.22252093395631434,1676.0,786.0,1738.0,947.3333333333334,1799.2916666666667
C-02,1,2026-08-19 08:00:00,2555,25.6,0.0,81.0,0.8,1004.1,월드컵대교,189882.0,450789.0,8,2,0,8,19,1,0.8660254037844387,-0.4999999999999998,0.9749279121818236,-0.22252093395631434,2421.0,1676.0,2417.0,1627.6666666666667,1827.75
C-02,1,2026-08-19 09:00:00,2565,26.7,0.0,81.0,0.9,1004.0,월드컵대교,189882.0,450789.0,9,2,0,8,19,1,0.7071067811865476,-0.7071067811865475,0.9749279121818236,-0.22252093395631434,2555.0,2421.0,2620.0,2217.3333333333335,1833.5
C-02,1,2026-08-19 10:00:00,2193,27.8,0.0,72.0,1.1,1004.2,월드컵대교,189882.0,450789.0,10,2,0,8,19,0,0.49999999999999994,-0.8660254037844387,0.9749279121818236,-0.22252093395631434,2565.0,2555.0,2538.0,2513.6666666666665,1831.2083333333333
C-02,1,2026-08-19 11:00:00,2145,28.8,0.0,66.0,1.3,1004.3,월드컵대교,189882.0,450789.0,11,2,0,8,19,0,0.258819045102521,-0.9659258262890682,0.9749279121818236,-0.22252093395631434,2193.0,2565.0,1828.0,2437.6666666666665,1816.8333333333333
C-02,1,2026-08-19 12:00:00,1890,28.8,0.0,65.0,2.5,1004.0,월드컵대교,189882.0,450789.0,12,2,0,8,19,0,1.2246467991473532e-16,-1.0,0.9749279121818236,-0.22252093395631434,2145.0,2193.0,2271.0,2301.0,1830.0416666666667
C-02,1,2026-08-19 13:00:00,2312,29.0,0.0,63.0,1.8,1004.0,월드컵대교,189882.0,450789.0,13,2,0,8,19,0,-0.2588190451025208,-0.9659258262890683,0.9749279121818236,-0.22252093395631434,1890.0,2145.0,1904.0,2076.0,1814.1666666666667
C-02,1,2026-08-19 14:00:00,2228,29.5,0.0,61.0,2.4,1003.6,월드컵대교,189882.0,450789.0,14,2,0,8,19,0,-0.4999999999999997,-0.8660254037844388,0.9749279121818236,-0.22252093395631434,2312.0,1890.0,2190.0,2115.6666666666665,1831.1666666666667
C-02,1,2026-08-19 15:00:00,2328,29.9,0.0,61.0,2.2,1003.3,월드컵대교,189882.0,450789.0,15,2,0,8,19,0,-0.7071067811865471,-0.7071067811865479,0.9749279121818236,-0.22252093395631434,2228.0,2312.0,2087.0,2143.3333333333335,1832.75
C-02,1,2026-08-19 16:00:00,2738,29.6,0.0,62.0,2.6,1003.0,월드컵대교,189882.0,450789.0,16,2,0,8,19,0,-0.8660254037844385,-0.5000000000000004,0.9749279121818236,-0.22252093395631434,2328.0,2228.0,2267.0,2289.3333333333335,1842.7916666666667
C-02,1,2026-08-19 17:00:00,2849,29.5,0.0,61.0,2.0,1003.0,월드컵대교,189882.0,450789.0,17,2,0,8,19,0,-0.9659258262890683,-0.25881904510252063,0.9749279121818236,-0.22252093395631434,2738.0,2328.0,2802.0,2431.3333333333335,1862.4166666666667
C-02,1,2026-08-19 18:00:00,2863,29.2,0.0,63.0,1.7,1002.9,월드컵대교,189882.0,450789.0,18,2,0,8,19,1,-1.0,-1.8369701987210297e-16,0.9749279121818236,-0.22252093395631434,2849.0,2738.0,2837.0,2638.3333333333335,1864.375
C-02,1,2026-08-19 19:00:00,2446,28.2,0.0,63.0,1.2,1003.1,월드컵대교,189882.0,450789.0,19,2,0,8,19,1,-0.9659258262890684,0.2588190451025203,0.9749279121818236,-0.22252093395631434,2863.0,2849.0,3031.0,2816.6666666666665,1865.4583333333333
C-02,1,2026-08-19 20:00:00,2081,27.4,0.0,64.0,1.2,1003.8,월드컵대교,189882.0,450789.0,20,2,0,8,19,1,-0.8660254037844386,0.5000000000000001,0.9749279121818236,-0.22252093395631434,2446.0,2863.0,2749.0,2719.3333333333335,1841.0833333333333
C-02,1,2026-08-19 21:00:00,1573,26.9,0.0,68.0,1.7,1004.6,월드컵대교,189882.0,450789.0,21,2,0,8,19,0,-0.7071067811865477,0.7071067811865474,0.9749279121818236,-0.22252093395631434,2081.0,2446.0,2042.0,2463.3333333333335,1813.25
C-02,1,2026-08-19 22:00:00,1489,26.4,0.0,71.0,1.3,1004.9,월드컵대교,189882.0,450789.0,22,2,0,8,19,0,-0.5000000000000004,0.8660254037844384,0.9749279121818236,-0.22252093395631434,1573.0,2081.0,1554.0,2033.3333333333333,1793.7083333333333
C-02,1,2026-08-19 23:00:00,942,26.0,0.0,74.0,1.0,1004.8,월드컵대교,189882.0,450789.0,23,2,0,8,19,0,-0.25881904510252157,0.9659258262890681,0.9749279121818236,-0.22252093395631434,1489.0,1573.0,1465.0,1714.3333333333333,1791.0
C-02,1,2026-08-20 01:00:00,425,25.0,0.0,76.0,1.2,1004.4,월드컵대교,189882.0,450789.0,1,3,0,8,20,0,0.25881904510252074,0.9659258262890683,0.43388373911755823,-0.900968867902419,942.0,1489.0,962.0,1334.6666666666667,1769.2083333333333
C-02,1,2026-08-20 02:00:00,308,24.6,0.0,78.0,1.3,1004.2,월드컵대교,189882.0,450789.0,2,3,0,8,20,0,0.49999999999999994,0.8660254037844387,0.43388373911755823,-0.900968867902419,425.0,942.0,467.0,952.0,1746.8333333333333
C-02,1,2026-08-20 03:00:00,283,24.4,0.0,79.0,0.7,1004.1,월드컵대교,189882.0,450789.0,3,3,0,8,20,0,0.7071067811865476,0.7071067811865476,0.43388373911755823,-0.900968867902419,308.0,425.0,313.0,558.3333333333334,1740.2083333333333
C-02,1,2026-08-20 04:00:00,393,24.4,0.0,80.0,1.5,1004.1,월드컵대교,189882.0,450789.0,4,3,0,8,20,0,0.8660254037844386,0.5000000000000001,0.43388373911755823,-0.900968867902419,283.0,308.0,259.0,338.6666666666667,1738.9583333333333
C-02,1,2026-08-20 05:00:00,788,24.2,0.0,80.0,1.9,1004.3,월드컵대교,189882.0,450789.0,5,3,0,8,20,0,0.9659258262890683,0.25881904510252074,0.43388373911755823,-0.900968867902419,393.0,283.0,380.0,328.0,1744.5416666666667
C-02,1,2026-08-20 06:00:00,1664,24.1,0.0,81.0,1.4,1004.4,월드컵대교,189882.0,450789.0,6,3,0,8,20,0,1.0,6.123233995736766e-17,0.43388373911755823,-0.900968867902419,788.0,393.0,786.0,488.0,1761.5416666666667
C-02,1,2026-08-20 07:00:00,2298,24.1,0.0,82.0,1.3,1004.6,월드컵대교,189882.0,450789.0,7,3,0,8,20,1,0.9659258262890683,-0.25881904510252063,0.43388373911755823,-0.900968867902419,1664.0,788.0,1676.0,948.3333333333334,1798.125
C-02,1,2026-08-20 08:00:00,2554,24.8,0.0,82.0,2.1,1004.7,월드컵대교,189882.0,450789.0,8,3,0,8,20,1,0.8660254037844387,-0.4999999999999998,0.43388373911755823,-0.900968867902419,2298.0,1664.0,2421.0,1583.3333333333333,1824.0416666666667
C-02,1,2026-08-20 09:00:00,2690,25.7,0.0,79.0,1.3,1005.2,월드컵대교,189882.0,450789.0,9,3,0,8,20,1,0.7071067811865476,-0.7071067811865475,0.43388373911755823,-0.900968867902419,2554.0,2298.0,2555.0,2172.0,1829.5833333333333
C-02,1,2026-08-20 10:00:00,2114,27.0,0.0,74.0,0.8,1005.2,월드컵대교,189882.0,450789.0,10,3,0,8,20,0,0.49999999999999994,-0.8660254037844387,0.43388373911755823,-0.900968867902419,2690.0,2554.0,2565.0,2514.0,1835.2083333333333
C-02,1,2026-08-20 11:00:00,2205,27.8,0.0,69.0,0.8,1005.0,월드컵대교,189882.0,450789.0,11,3,0,8,20,0,0.258819045102521,-0.9659258262890682,0.43388373911755823,-0.900968867902419,2114.0,2690.0,2193.0,2452.6666666666665,1816.4166666666667
C-02,1,2026-08-20 12:00:00,1752,27.9,0.0,69.0,1.2,1005.0,월드컵대교,189882.0,450789.0,12,3,0,8,20,0,1.2246467991473532e-16,-1.0,0.43388373911755823,-0.900968867902419,2205.0,2114.0,2145.0,2336.3333333333335,1816.9166666666667
C-02,1,2026-08-20 13:00:00,2236,27.7,0.0,72.0,2.1,1004.8,월드컵대교,189882.0,450789.0,13,3,0,8,20,0,-0.2588190451025208,-0.9659258262890683,0.43388373911755823,-0.900968867902419,1752.0,2205.0,1890.0,2023.6666666666667,1800.5416666666667
C-02,1,2026-08-20 14:00:00,2430,26.9,1.5,82.0,1.4,1004.6,월드컵대교,189882.0,450789.0,14,3,0,8,20,0,-0.4999999999999997,-0.8660254037844388,0.43388373911755823,-0.900968867902419,2236.0,1752.0,2312.0,2064.3333333333335,1814.9583333333333
C-02,1,2026-08-20 15:00:00,2282,26.7,0.3,81.0,1.9,1003.9,월드컵대교,189882.0,450789.0,15,3,0,8,20,0,-0.7071067811865471,-0.7071067811865479,0.43388373911755823,-0.900968867902419,2430.0,2236.0,2228.0,2139.3333333333335,1819.875
C-02,1,2026-08-20 16:00:00,2770,27.3,0.0,81.0,1.6,1003.5,월드컵대교,189882.0,450789.0,16,3,0,8,20,0,-0.8660254037844385,-0.5000000000000004,0.43388373911755823,-0.900968867902419,2282.0,2430.0,2328.0,2316.0,1822.125
C-02,1,2026-08-20 17:00:00,2866,27.3,0.0,79.0,2.0,1003.3,월드컵대교,189882.0,450789.0,17,3,0,8,20,0,-0.9659258262890683,-0.25881904510252063,0.43388373911755823,-0.900968867902419,2770.0,2282.0,2738.0,2494.0,1840.5416666666667
C-02,1,2026-08-20 18:00:00,2798,27.1,0.0,80.0,2.6,1003.1,월드컵대교,189882.0,450789.0,18,3,0,8,20,1,-1.0,-1.8369701987210297e-16,0.43388373911755823,-0.900968867902419,2866.0,2770.0,2849.0,2639.3333333333335,1845.875
C-02,1,2026-08-20 19:00:00,2668,26.8,0.0,80.0,2.6,1003.0,월드컵대교,189882.0,450789.0,19,3,0,8,20,1,-0.9659258262890684,0.2588190451025203,0.43388373911755823,-0.900968867902419,2798.0,2866.0,2863.0,2811.3333333333335,1843.75
C-02,1,2026-08-20 20:00:00,2017,26.3,0.0,81.0,1.5,1003.4,월드컵대교,189882.0,450789.0,20,3,0,8,20,1,-0.8660254037844386,0.5000000000000001,0.43388373911755823,-0.900968867902419,2668.0,2798.0,2446.0,2777.3333333333335,1835.625
C-02,1,2026-08-20 21:00:00,1607,26.1,0.0,81.0,1.7,1003.5,월드컵대교,189882.0,450789.0,21,3,0,8,20,0,-0.7071067811865477,0.7071067811865474,0.43388373911755823,-0.900968867902419,2017.0,2668.0,2081.0,2494.3333333333335,1817.75
C-02,1,2026-08-20 22:00:00,1583,25.9,0.0,81.0,1.9,1003.6,월드컵대교,189882.0,450789.0,22,3,0,8,20,0,-0.5000000000000004,0.8660254037844384,0.43388373911755823,-0.900968867902419,1607.0,2017.0,1573.0,2097.3333333333335,1798.0
C-02,1,2026-08-20 23:00:00,1159,25.7,0.0,81.0,2.1,1003.4,월드컵대교,189882.0,450789.0,23,3,0,8,20,0,-0.25881904510252157,0.9659258262890681,0.43388373911755823,-0.900968867902419,1583.0,1607.0,1489.0,1735.6666666666667,1798.4166666666667
C-02,1,2026-08-21 01:00:00,435,25.3,0.0,83.0,1.2,1003.3,월드컵대교,189882.0,450789.0,1,4,0,8,21,0,0.25881904510252074,0.9659258262890683,-0.433883739117558,-0.9009688679024191,1159.0,1583.0,942.0,1449.6666666666667,1784.6666666666667
C-02,1,2026-08-21 02:00:00,348,25.3,0.0,83.0,1.9,1003.1,월드컵대교,189882.0,450789.0,2,4,0,8,21,0,0.49999999999999994,0.8660254037844387,-0.433883739117558,-0.9009688679024191,435.0,1159.0,425.0,1059.0,1763.5416666666667
C-02,1,2026-08-21 03:00:00,281,25.1,0.0,84.0,1.3,1002.9,월드컵대교,189882.0,450789.0,3,4,0,8,21,0,0.7071067811865476,0.7071067811865476,-0.433883739117558,-0.9009688679024191,348.0,435.0,308.0,647.3333333333334,1760.3333333333333
C-02,1,2026-08-21 04:00:00,374,24.9,0.0,85.0,1.9,1002.7,월드컵대교,189882.0,450789.0,4,4,0,8,21,0,0.8660254037844386,0.5000000000000001,-0.433883739117558,-0.9009688679024191,281.0,348.0,283.0,354.6666666666667,1759.2083333333333
C-02,1,2026-08-21 05:00:00,768,24.8,0.0,85.0,1.9,1002.6,월드컵대교,189882.0,450789.0,5,4,0,8,21,0,0.9659258262890683,0.25881904510252074,-0.433883739117558,-0.9009688679024191,374.0,281.0,393.0,334.3333333333333,1763.0
C-02,1,2026-08-21 06:00:00,1446,24.7,0.0,87.0,1.1,1002.5,월드컵대교,189882.0,450789.0,6,4,0,8,21,0,1.0,6.123233995736766e-17,-0.433883739117558,-0.9009688679024191,768.0,374.0,788.0,474.3333333333333,1778.625
C-02,1,2026-08-21 07:00:00,2276,25.0,0.0,86.0,1.9,1003.0,월드컵대교,189882.0,450789.0,7,4,0,8,21,1,0.9659258262890683,-0.25881904510252063,-0.433883739117558,-0.9009688679024191,1446.0,768.0,1664.0,862.6666666666666,1806.0416666666667
C-02,1,2026-08-21 08:00:00,2575,25.3,0.0,86.0,2.0,1003.2,월드컵대교,189882.0,450789.0,8,4,0,8,21,1,0.8660254037844387,-0.4999999999999998,-0.433883739117558,-0.9009688679024191,2276.0,1446.0,2298.0,1496.6666666666667,1831.5416666666667
C-02,1,2026-08-21 09:00:00,2428,25.7,0.3,86.0,2.4,1003.2,월드컵대교,189882.0,450789.0,9,4,0,8,21,1,0.7071067811865476,-0.7071067811865475,-0.433883739117558,-0.9009688679024191,2575.0,2276.0,2554.0,2099.0,1843.0833333333333
C-02,1,2026-08-21 10:00:00,2045,26.0,0.0,85.0,1.1,1003.4,월드컵대교,189882.0,450789.0,10,4,0,8,21,0,0.49999999999999994,-0.8660254037844387,-0.433883739117558,-0.9009688679024191,2428.0,2575.0,2690.0,2426.3333333333335,1837.8333333333333
C-02,1,2026-08-21 11:00:00,2257,26.3,0.1,86.0,1.9,1003.1,월드컵대교,189882.0,450789.0,11,4,0,8,21,0,0.258819045102521,-0.9659258262890682,-0.433883739117558,-0.9009688679024191,2045.0,2428.0,2114.0,2349.3333333333335,1810.9583333333333
C-02,1,2026-08-21 12:00:00,1866,26.8,0.0,83.0,1.9,1002.9,월드컵대교,189882.0,450789.0,12,4,0,8,21,0,1.2246467991473532e-16,-1.0,-0.433883739117558,-0.9009688679024191,2257.0,2045.0,2205.0,2243.3333333333335,1816.9166666666667
C-02,1,2026-08-21 13:00:00,2258,26.9,0.0,82.0,3.2,1002.8,월드컵대교,189882.0,450789.0,13,4,0,8,21,0,-0.2588190451025208,-0.9659258262890683,-0.433883739117558,-0.9009688679024191,1866.0,2257.0,1752.0,2056.0,1802.7916666666667
C-02,1,2026-08-21 14:00:00,2476,26.5,0.2,81.0,3.1,1001.8,월드컵대교,189882.0,450789.0,14,4,0,8,21,0,-0.4999999999999997,-0.8660254037844388,-0.433883739117558,-0.9009688679024191,2258.0,1866.0,2236.0,2127.0,1823.875
C-02,1,2026-08-21 15:00:00,2484,27.3,0.0,77.0,1.0,1001.3,월드컵대교,189882.0,450789.0,15,4,0,8,21,0,-0.7071067811865471,-0.7071067811865479,-0.433883739117558,-0.9009688679024191,2476.0,2258.0,2430.0,2200.0,1833.875
C-02,1,2026-08-21 16:00:00,2748,27.9,0.0,72.0,0.7,1001.8,월드컵대교,189882.0,450789.0,16,4,0,8,21,0,-0.8660254037844385,-0.5000000000000004,-0.433883739117558,-0.9009688679024191,2484.0,2476.0,2282.0,2406.0,1836.125
C-02,1,2026-08-21 17:00:00,2791,27.3,0.0,74.0,1.3,1001.1,월드컵대교,189882.0,450789.0,17,4,0,8,21,0,-0.9659258262890683,-0.25881904510252063,-0.433883739117558,-0.9009688679024191,2748.0,2484.0,2770.0,2569.3333333333335,1855.5416666666667
C-02,1,2026-08-21 18:00:00,2943,27.1,0.0,77.0,2.4,1001.2,월드컵대교,189882.0,450789.0,18,4,0,8,21,1,-1.0,-1.8369701987210297e-16,-0.433883739117558,-0.9009688679024191,2791.0,2748.0,2866.0,2674.3333333333335,1856.4166666666667
C-02,1,2026-08-21 19:00:00,2369,26.8,0.0,76.0,1.9,1001.3,월드컵대교,189882.0,450789.0,19,4,0,8,21,1,-0.9659258262890684,0.2588190451025203,-0.433883739117558,-0.9009688679024191,2943.0,2791.0,2798.0,2827.3333333333335,1859.625
C-02,1,2026-08-21 20:00:00,2606,26.5,0.0,78.0,1.3,1001.9,월드컵대교,189882.0,450789.0,20,4,0,8,21,1,-0.8660254037844386,0.5000000000000001,-0.433883739117558,-0.9009688679024191,2369.0,2943.0,2668.0,2701.0,1841.75
C-02,1,2026-08-21 21:00:00,1863,26.1,0.0,80.0,2.1,1002.1,월드컵대교,189882.0,450789.0,21,4,0,8,21,0,-0.7071067811865477,0.7071067811865474,-0.433883739117558,-0.9009688679024191,2606.0,2369.0,2017.0,2639.3333333333335,1839.1666666666667
C-02,1,2026-08-21 22:00:00,1723,25.9,0.0,81.0,2.2,1002.3,월드컵대교,189882.0,450789.0,22,4,0,8,21,0,-0.5000000000000004,0.8660254037844384,-0.433883739117558,-0.9009688679024191,1863.0,2606.0,1607.0,2279.3333333333335,1832.75
C-02,1,2026-08-21 23:00:00,1033,25.7,0.0,82.0,2.0,1002.2,월드컵대교,189882.0,450789.0,23,4,0,8,21,0,-0.25881904510252157,0.9659258262890681,-0.433883739117558,-0.9009688679024191,1723.0,1863.0,1583.0,2064.0,1837.5833333333333
C-02,1,2026-08-22 01:00:00,583,25.4,0.0,84.0,2.4,1002.2,월드컵대교,189882.0,450789.0,1,5,1,8,22,0,0.25881904510252074,0.9659258262890683,-0.9749279121818236,-0.2225209339563146,1033.0,1723.0,1159.0,1539.6666666666667,1814.6666666666667
C-02,1,2026-08-22 02:00:00,489,25.3,0.0,83.0,2.9,1002.0,월드컵대교,189882.0,450789.0,2,5,1,8,22,0,0.49999999999999994,0.8660254037844387,-0.9749279121818236,-0.2225209339563146,583.0,1033.0,435.0,1113.0,1790.6666666666667
C-02,1,2026-08-22 03:00:00,386,25.3,0.0,83.0,2.0,1001.9,월드컵대교,189882.0,450789.0,3,5,1,8,22,0,0.7071067811865476,0.7071067811865476,-0.9749279121818236,-0.2225209339563146,489.0,583.0,348.0,701.6666666666666,1792.9166666666667
C-02,1,2026-08-22 04:00:00,436,25.2,0.0,83.0,2.0,1002.0,월드컵대교,189882.0,450789.0,4,5,1,8,22,0,0.8660254037844386,0.5000000000000001,-0.9749279121818236,-0.2225209339563146,386.0,489.0,281.0,486.0,1794.5
C-02,1,2026-08-22 05:00:00,674,25.2,0.0,83.0,2.2,1002.1,월드컵대교,189882.0,450789.0,5,5,1,8,22,0,0.9659258262890683,0.25881904510252074,-0.9749279121818236,-0.2225209339563146,436.0,386.0,374.0,437.0,1800.9583333333333
C-02,1,2026-08-22 06:00:00,950,24.9,1.3,89.0,1.8,1002.4,월드컵대교,189882.0,450789.0,6,5,1,8,22,0,1.0,6.123233995736766e-17,-0.9749279121818236,-0.2225209339563146,674.0,436.0,768.0,498.6666666666667,1813.4583333333333
C-02,1,2026-08-22 07:00:00,1170,24.4,2.7,91.0,1.3,1003.2,월드컵대교,189882.0,450789.0,7,5,1,8,22,0,0.9659258262890683,-0.25881904510252063,-0.9749279121818236,-0.2225209339563146,950.0,674.0,1446.0,686.6666666666666,1821.0416666666667
C-02,1,2026-08-22 08:00:00,1606,24.0,3.0,92.0,2.7,1003.0,월드컵대교,189882.0,450789.0,8,5,1,8,22,0,0.8660254037844387,-0.4999999999999998,-0.9749279121818236,-0.2225209339563146,1170.0,950.0,2276.0,931.3333333333334,1809.5416666666667
C-02,1,2026-08-22 09:00:00,2338,24.5,0.2,91.0,2.5,1002.9,월드컵대교,189882.0,450789.0,9,5,1,8,22,0,0.7071067811865476,-0.7071067811865475,-0.9749279121818236,-0.2225209339563146,1606.0,1170.0,2575.0,1242.0,1781.625
C-02,1,2026-08-22 10:00:00,2585,24.7,0.0,89.0,2.6,1003.3,월드컵대교,189882.0,450789.0,10,5,1,8,22,0,0.49999999999999994,-0.8660254037844387,-0.9749279121818236,-0.2225209339563146,2338.0,1606.0,2428.0,1704.6666666666667,1771.75
C-02,1,2026-08-22 11:00:00,2655,25.5,0.0,88.0,2.7,1003.2,월드컵대교,189882.0,450789.0,11,5,1,8,22,0,0.258819045102521,-0.9659258262890682,-0.9749279121818236,-0.2225209339563146,2585.0,2338.0,2045.0,2176.3333333333335,1778.2916666666667
C-02,1,2026-08-22 12:00:00,2552,26.2,0.0,87.0,2.4,1002.8,월드컵대교,189882.0,450789.0,12,5,1,8,22,0,1.2246467991473532e-16,-1.0,-0.9749279121818236,-0.2225209339563146,2655.0,2585.0,2257.0,2526.0,1803.7083333333333
C-02,1,2026-08-22 13:00:00,2425,24.5,1.5,87.0,4.2,1003.1,월드컵대교,189882.0,450789.0,13,5,1,8,22,0,-0.2588190451025208,-0.9659258262890683,-0.9749279121818236,-0.2225209339563146,2552.0,2655.0,1866.0,2597.3333333333335,1816.0
C-02,1,2026-08-22 14:00:00,2579,23.9,6.5,92.0,1.9,1003.8,월드컵대교,189882.0,450789.0,14,5,1,8,22,0,-0.4999999999999997,-0.8660254037844388,-0.9749279121818236,-0.2225209339563146,2425.0,2552.0,2258.0,2544.0,1839.2916666666667
C-02,1,2026-08-22 15:00:00,2550,23.7,6.6,93.0,2.5,1003.7,월드컵대교,189882.0,450789.0,15,5,1,8,22,0,-0.7071067811865471,-0.7071067811865479,-0.9749279121818236,-0.2225209339563146,2579.0,2425.0,2476.0,2518.6666666666665,1852.6666666666667
C-02,1,2026-08-22 16:00:00,2366,23.0,4.0,91.0,1.6,1003.7,월드컵대교,189882.0,450789.0,16,5,1,8,22,0,-0.8660254037844385,-0.5000000000000004,-0.9749279121818236,-0.2225209339563146,2550.0,2579.0,2484.0,2518.0,1855.75
C-02,1,2026-08-22 17:00:00,2158,22.7,3.2,91.0,2.1,1003.8,월드컵대교,189882.0,450789.0,17,5,1,8,22,0,-0.9659258262890683,-0.25881904510252063,-0.9749279121818236,-0.2225209339563146,2366.0,2550.0,2748.0,2498.3333333333335,1850.8333333333333
C-02,1,2026-08-22 18:00:00,2359,22.8,1.3,92.0,1.2,1003.4,월드컵대교,189882.0,450789.0,18,5,1,8,22,0,-1.0,-1.8369701987210297e-16,-0.9749279121818236,-0.2225209339563146,2158.0,2366.0,2791.0,2358.0,1826.25
C-02,1,2026-08-22 19:00:00,1771,23.1,0.1,93.0,2.9,1002.6,월드컵대교,189882.0,450789.0,19,5,1,8,22,0,-0.9659258262890684,0.2588190451025203,-0.9749279121818236,-0.2225209339563146,2359.0,2158.0,2943.0,2294.3333333333335,1808.25
C-02,1,2026-08-22 20:00:00,1501,22.9,0.0,93.0,1.9,1003.2,월드컵대교,189882.0,450789.0,20,5,1,8,22,0,-0.8660254037844386,0.5000000000000001,-0.9749279121818236,-0.2225209339563146,1771.0,2359.0,2369.0,2096.0,1759.4166666666667
C-02,1,2026-08-22 21:00:00,1614,22.6,0.0,92.0,2.1,1004.0,월드컵대교,189882.0,450789.0,21,5,1,8,22,0,-0.7071067811865477,0.7071067811865474,-0.9749279121818236,-0.2225209339563146,1501.0,1771.0,2606.0,1877.0,1723.25
C-02,1,2026-08-22 22:00:00,1431,22.7,0.0,92.0,1.8,1004.2,월드컵대교,189882.0,450789.0,22,5,1,8,22,0,-0.5000000000000004,0.8660254037844384,-0.9749279121818236,-0.2225209339563146,1614.0,1501.0,1863.0,1628.6666666666667,1681.9166666666667
C-02,1,2026-08-22 23:00:00,874,22.7,0.0,93.0,2.6,1004.2,월드컵대교,189882.0,450789.0,23,5,1,8,22,0,-0.25881904510252157,0.9659258262890681,-0.9749279121818236,-0.2225209339563146,1431.0,1614.0,1723.0,1515.3333333333333,1663.9166666666667
C-02,1,2026-08-23 01:00:00,486,22.9,0.0,92.0,1.6,1004.0,월드컵대교,189882.0,450789.0,1,6,1,8,23,0,0.25881904510252074,0.9659258262890683,-0.7818314824680299,0.6234898018587334,874.0,1431.0,1033.0,1306.3333333333333,1628.5416666666667
C-02,1,2026-08-23 02:00:00,365,22.9,0.0,91.0,2.5,1004.1,월드컵대교,189882.0,450789.0,2,6,1,8,23,0,0.49999999999999994,0.8660254037844387,-0.7818314824680299,0.6234898018587334,486.0,874.0,583.0,930.3333333333334,1605.75
C-02,1,2026-08-23 03:00:00,280,22.8,0.0,91.0,2.5,1004.1,월드컵대교,189882.0,450789.0,3,6,1,8,23,0,0.7071067811865476,0.7071067811865476,-0.7818314824680299,0.6234898018587334,365.0,486.0,489.0,575.0,1596.6666666666667
C-02,1,2026-08-23 04:00:00,271,22.9,0.0,91.0,2.6,1004.0,월드컵대교,189882.0,450789.0,4,6,1,8,23,0,0.8660254037844386,0.5000000000000001,-0.7818314824680299,0.6234898018587334,280.0,365.0,386.0,377.0,1587.9583333333333
C-02,1,2026-08-23 05:00:00,450,22.8,0.0,91.0,1.8,1003.9,월드컵대교,189882.0,450789.0,5,6,1,8,23,0,0.9659258262890683,0.25881904510252074,-0.7818314824680299,0.6234898018587334,271.0,280.0,436.0,305.3333333333333,1583.1666666666667
C-02,1,2026-08-23 06:00:00,604,22.7,0.0,92.0,2.2,1004.0,월드컵대교,189882.0,450789.0,6,6,1,8,23,0,1.0,6.123233995736766e-17,-0.7818314824680299,0.6234898018587334,450.0,271.0,674.0,333.6666666666667,1583.75
C-02,1,2026-08-23 07:00:00,739,23.1,0.0,92.0,1.9,1004.5,월드컵대교,189882.0,450789.0,7,6,1,8,23,0,0.9659258262890683,-0.25881904510252063,-0.7818314824680299,0.6234898018587334,604.0,450.0,950.0,441.6666666666667,1580.8333333333333
C-02,1,2026-08-23 08:00:00,1108,24.3,0.0,88.0,2.3,1004.8,월드컵대교,189882.0,450789.0,8,6,1,8,23,0,0.8660254037844387,-0.4999999999999998,-0.7818314824680299,0.6234898018587334,739.0,604.0,1170.0,597.6666666666666,1572.0416666666667
C-02,1,2026-08-23 09:00:00,1624,26.0,0.0,82.0,1.3,1005.1,월드컵대교,189882.0,450789.0,9,6,1,8,23,0,0.7071067811865476,-0.7071067811865475,-0.7818314824680299,0.6234898018587334,1108.0,739.0,1606.0,817.0,1569.4583333333333
C-02,1,2026-08-23 10:00:00,2033,27.6,0.0,76.0,1.9,1005.5,월드컵대교,189882.0,450789.0,10,6,1,8,23,0,0.49999999999999994,-0.8660254037844387,-0.7818314824680299,0.6234898018587334,1624.0,1108.0,2338.0,1157.0,1570.2083333333333
C-02,1,2026-08-23 11:00:00,2237,29.3,0.0,71.0,1.9,1005.2,월드컵대교,189882.0,450789.0,11,6,1,8,23,0,0.258819045102521,-0.9659258262890682,-0.7818314824680299,0.6234898018587334,2033.0,1624.0,2585.0,1588.3333333333333,1557.5
C-02,1,2026-08-23 12:00:00,2347,30.6,0.0,67.0,1.6,1004.5,월드컵대교,189882.0,450789.0,12,6,1,8,23,0,1.2246467991473532e-16,-1.0,-0.7818314824680299,0.6234898018587334,2237.0,2033.0,2655.0,1964.6666666666667,1543.0
C-02,1,2026-08-23 13:00:00,2455,31.7,0.0,61.0,2.2,1004.1,월드컵대교,189882.0,450789.0,13,6,1,8,23,0,-0.2588190451025208,-0.9659258262890683,-0.7818314824680299,0.6234898018587334,2347.0,2237.0,2552.0,2205.6666666666665,1530.1666666666667
C-02,1,2026-08-23 14:00:00,2706,32.4,0.0,60.0,1.8,1003.6,월드컵대교,189882.0,450789.0,14,6,1,8,23,0,-0.4999999999999997,-0.8660254037844388,-0.7818314824680299,0.6234898018587334,2455.0,2347.0,2425.0,2346.3333333333335,1526.125
C-02,1,2026-08-23 15:00:00,2813,31.9,0.0,56.0,2.9,1003.2,월드컵대교,189882.0,450789.0,15,6,1,8,23,0,-0.7071067811865471,-0.7071067811865479,-0.7818314824680299,0.6234898018587334,2706.0,2455.0,2579.0,2502.6666666666665,1537.8333333333333
C-02,1,2026-08-23 16:00:00,2432,32.4,0.0,57.0,2.3,1003.0,월드컵대교,189882.0,450789.0,16,6,1,8,23,0,-0.8660254037844385,-0.5000000000000004,-0.7818314824680299,0.6234898018587334,2813.0,2706.0,2550.0,2658.0,1547.5833333333333
C-02,1,2026-08-23 17:00:00,2445,32.7,0.0,56.0,2.8,1002.9,월드컵대교,189882.0,450789.0,17,6,1,8,23,0,-0.9659258262890683,-0.25881904510252063,-0.7818314824680299,0.6234898018587334,2432.0,2813.0,2366.0,2650.3333333333335,1542.6666666666667
C-02,1,2026-08-23 18:00:00,2044,31.3,0.0,64.0,3.1,1003.1,월드컵대교,189882.0,450789.0,18,6,1,8,23,0,-1.0,-1.8369701987210297e-16,-0.7818314824680299,0.6234898018587334,2445.0,2432.0,2158.0,2563.3333333333335,1545.9583333333333
C-02,1,2026-08-23 19:00:00,1602,30.1,0.0,68.0,3.0,1003.3,월드컵대교,189882.0,450789.0,19,6,1,8,23,0,-0.9659258262890684,0.2588190451025203,-0.7818314824680299,0.6234898018587334,2044.0,2445.0,2359.0,2307.0,1541.2083333333333
C-02,1,2026-08-23 20:00:00,1636,28.8,0.0,72.0,2.3,1003.6,월드컵대교,189882.0,450789.0,20,6,1,8,23,0,-0.8660254037844386,0.5000000000000001,-0.7818314824680299,0.6234898018587334,1602.0,2044.0,1771.0,2030.3333333333333,1509.6666666666667
C-02,1,2026-08-23 21:00:00,1522,28.2,0.0,75.0,1.5,1004.1,월드컵대교,189882.0,450789.0,21,6,1,8,23,0,-0.7071067811865477,0.7071067811865474,-0.7818314824680299,0.6234898018587334,1636.0,1602.0,1501.0,1760.6666666666667,1504.0416666666667
C-02,1,2026-08-23 22:00:00,1285,27.7,0.0,76.0,0.4,1004.2,월드컵대교,189882.0,450789.0,22,6,1,8,23,0,-0.5000000000000004,0.8660254037844384,-0.7818314824680299,0.6234898018587334,1522.0,1636.0,1614.0,1586.6666666666667,1504.9166666666667
C-02,1,2026-08-23 23:00:00,742,27.2,0.0,79.0,0.2,1004.1,월드컵대교,189882.0,450789.0,23,6,1,8,23,0,-0.25881904510252157,0.9659258262890681,-0.7818314824680299,0.6234898018587334,1285.0,1522.0,1431.0,1481.0,1491.2083333333333
C-02,1,2026-08-24 01:00:00,320,26.4,0.0,82.0,0.7,1004.1,월드컵대교,189882.0,450789.0,1,0,0,8,24,0,0.25881904510252074,0.9659258262890683,0.0,1.0,742.0,1285.0,874.0,1183.0,1462.5
C-02,1,2026-08-24 02:00:00,219,26.2,0.0,84.0,0.6,1004.1,월드컵대교,189882.0,450789.0,2,0,0,8,24,0,0.49999999999999994,0.8660254037844387,0.0,1.0,320.0,742.0,486.0,782.3333333333334,1439.4166666666667
C-02,1,2026-08-24 03:00:00,245,26.1,0.0,82.0,0.3,1004.0,월드컵대교,189882.0,450789.0,3,0,0,8,24,0,0.7071067811865476,0.7071067811865476,0.0,1.0,219.0,320.0,365.0,427.0,1428.2916666666667
C-02,1,2026-08-24 04:00:00,360,25.8,0.0,85.0,0.7,1003.9,월드컵대교,189882.0,450789.0,4,0,0,8,24,0,0.8660254037844386,0.5000000000000001,0.0,1.0,245.0,219.0,280.0,261.3333333333333,1423.2916666666667
C-02,1,2026-08-24 05:00:00,829,25.7,0.0,84.0,0.8,1003.6,월드컵대교,189882.0,450789.0,5,0,0,8,24,0,0.9659258262890683,0.25881904510252074,0.0,1.0,360.0,245.0,271.0,274.6666666666667,1426.625
C-02,1,2026-08-24 06:00:00,1746,25.4,0.0,86.0,1.1,1003.9,월드컵대교,189882.0,450789.0,6,0,0,8,24,0,1.0,6.123233995736766e-17,0.0,1.0,829.0,360.0,450.0,478.0,1449.875
C-02,1,2026-08-24 07:00:00,2404,25.6,0.0,87.0,1.4,1003.9,월드컵대교,189882.0,450789.0,7,0,0,8,24,1,0.9659258262890683,-0.25881904510252063,0.0,1.0,1746.0,829.0,604.0,978.3333333333334,1503.875
C-02,1,2026-08-24 08:00:00,2625,26.5,0.0,85.0,1.4,1004.0,월드컵대교,189882.0,450789.0,8,0,0,8,24,1,0.8660254037844387,-0.4999999999999998,0.0,1.0,2404.0,1746.0,739.0,1659.6666666666667,1578.875
C-02,1,2026-08-24 09:00:00,2341,27.6,0.0,78.0,1.5,1003.8,월드컵대교,189882.0,450789.0,9,0,0,8,24,1,0.7071067811865476,-0.7071067811865475,0.0,1.0,2625.0,2404.0,1108.0,2258.3333333333335,1657.4583333333333
C-02,1,2026-08-24 10:00:00,1955,29.6,0.0,69.0,1.7,1003.5,월드컵대교,189882.0,450789.0,10,0,0,8,24,0,0.49999999999999994,-0.8660254037844387,0.0,1.0,2341.0,2625.0,1624.0,2456.6666666666665,1708.8333333333333
C-02,1,2026-08-24 11:00:00,2055,30.7,0.0,64.0,2.7,1003.2,월드컵대교,189882.0,450789.0,11,0,0,8,24,0,0.258819045102521,-0.9659258262890682,0.0,1.0,1955.0,2341.0,2033.0,2307.0,1722.625
C-02,1,2026-08-24 12:00:00,1864,31.2,0.0,64.0,3.3,1002.7,월드컵대교,189882.0,450789.0,12,0,0,8,24,0,1.2246467991473532e-16,-1.0,0.0,1.0,2055.0,1955.0,2237.0,2117.0,1723.5416666666667
C-02,1,2026-08-24 13:00:00,2006,31.6,0.0,60.0,3.7,1002.2,월드컵대교,189882.0,450789.0,13,0,0,8,24,0,-0.2588190451025208,-0.9659258262890683,0.0,1.0,1864.0,2055.0,2347.0,1958.0,1708.0
C-02,1,2026-08-24 14:00:00,2084,31.5,0.0,61.0,2.5,1001.4,월드컵대교,189882.0,450789.0,14,0,0,8,24,0,-0.4999999999999997,-0.8660254037844388,0.0,1.0,2006.0,1864.0,2455.0,1975.0,1693.7916666666667
C-02,1,2026-08-24 15:00:00,1672,32.0,0.0,61.0,4.0,1001.0,월드컵대교,189882.0,450789.0,15,0,0,8,24,0,-0.7071067811865471,-0.7071067811865479,0.0,1.0,2084.0,2006.0,2706.0,1984.6666666666667,1678.3333333333333
C-02,1,2026-08-24 16:00:00,1936,31.8,0.0,61.0,4.3,1000.9,월드컵대교,189882.0,450789.0,16,0,0,8,24,0,-0.8660254037844385,-0.5000000000000004,0.0,1.0,1672.0,2084.0,2813.0,1920.6666666666667,1635.25
C-02,1,2026-08-24 17:00:00,2790,31.2,0.0,60.0,3.2,1001.3,월드컵대교,189882.0,450789.0,17,0,0,8,24,0,-0.9659258262890683,-0.25881904510252063,0.0,1.0,1936.0,1672.0,2432.0,1897.3333333333333,1598.7083333333333
C-02,1,2026-08-24 18:00:00,2958,30.9,0.0,57.0,2.6,1001.6,월드컵대교,189882.0,450789.0,18,0,0,8,24,1,-1.0,-1.8369701987210297e-16,0.0,1.0,2790.0,1936.0,2445.0,2132.6666666666665,1613.625
C-02,1,2026-08-24 19:00:00,2617,29.4,0.0,68.0,2.6,1002.0,월드컵대교,189882.0,450789.0,19,0,0,8,24,1,-0.9659258262890684,0.2588190451025203,0.0,1.0,2958.0,2790.0,2044.0,2561.3333333333335,1635.0
C-02,1,2026-08-24 20:00:00,2166,28.7,0.0,72.0,3.9,1002.5,월드컵대교,189882.0,450789.0,20,0,0,8,24,1,-0.8660254037844386,0.5000000000000001,0.0,1.0,2617.0,2958.0,1602.0,2788.3333333333335,1658.875
C-02,1,2026-08-24 21:00:00,1404,28.3,0.0,74.0,2.3,1003.2,월드컵대교,189882.0,450789.0,21,0,0,8,24,0,-0.7071067811865477,0.7071067811865474,0.0,1.0,2166.0,2617.0,1636.0,2580.3333333333335,1682.375
C-02,1,2026-08-24 22:00:00,1405,27.8,0.0,76.0,2.8,1002.8,월드컵대교,189882.0,450789.0,22,0,0,8,24,0,-0.5000000000000004,0.8660254037844384,0.0,1.0,1404.0,2166.0,1522.0,2062.3333333333335,1672.7083333333333
C-02,1,2026-08-24 23:00:00,890,27.5,0.0,78.0,2.3,1001.9,월드컵대교,189882.0,450789.0,23,0,0,8,24,0,-0.25881904510252157,0.9659258262890681,0.0,1.0,1405.0,1404.0,1285.0,1658.3333333333333,1667.8333333333333
C-02,1,2026-08-25 01:00:00,423,27.0,0.0,82.0,1.7,1002.4,월드컵대교,189882.0,450789.0,1,1,0,8,25,0,0.25881904510252074,0.9659258262890683,0.7818314824680298,0.6234898018587336,890.0,1405.0,742.0,1233.0,1651.375
C-02,1,2026-08-25 02:00:00,331,27.0,0.0,83.0,1.9,1002.2,월드컵대교,189882.0,450789.0,2,1,0,8,25,0,0.49999999999999994,0.8660254037844387,0.7818314824680298,0.6234898018587336,423.0,890.0,320.0,906.0,1638.0833333333333
C-02,1,2026-08-25 03:00:00,263,26.9,0.0,84.0,2.6,1001.9,월드컵대교,189882.0,450789.0,3,1,0,8,25,0,0.7071067811865476,0.7071067811865476,0.7818314824680298,0.6234898018587336,331.0,423.0,219.0,548.0,1638.5416666666667
C-02,1,2026-08-25 04:00:00,377,26.8,0.0,86.0,2.2,1002.0,월드컵대교,189882.0,450789.0,4,1,0,8,25,0,0.8660254037844386,0.5000000000000001,0.7818314824680298,0.6234898018587336,263.0,331.0,245.0,339.0,1640.375
C-02,1,2026-08-25 05:00:00,816,26.5,0.1,88.0,3.4,1001.7,월드컵대교,189882.0,450789.0,5,1,0,8,25,0,0.9659258262890683,0.25881904510252074,0.7818314824680298,0.6234898018587336,377.0,263.0,360.0,323.6666666666667,1645.875
C-02,1,2026-08-25 06:00:00,1595,26.1,8.9,92.0,2.6,1002.2,월드컵대교,189882.0,450789.0,6,1,0,8,25,0,1.0,6.123233995736766e-17,0.7818314824680298,0.6234898018587336,816.0,377.0,829.0,485.3333333333333,1664.875
C-02,1,2026-08-25 07:00:00,2360,25.3,11.1,89.0,2.9,1002.7,월드컵대교,189882.0,450789.0,7,1,0,8,25,1,0.9659258262890683,-0.25881904510252063,0.7818314824680298,0.6234898018587336,1595.0,816.0,1746.0,929.3333333333334,1696.7916666666667
C-02,1,2026-08-25 08:00:00,2765,25.5,0.0,92.0,0.8,1003.0,월드컵대교,189882.0,450789.0,8,1,0,8,25,1,0.8660254037844387,-0.4999999999999998,0.7818314824680298,0.6234898018587336,2360.0,1595.0,2404.0,1590.3333333333333,1722.375
C-02,1,2026-08-25 09:00:00,2267,27.0,0.0,89.0,1.6,1002.9,월드컵대교,189882.0,450789.0,9,1,0,8,25,1,0.7071067811865476,-0.7071067811865475,0.7818314824680298,0.6234898018587336,2765.0,2360.0,2625.0,2240.0,1737.4166666666667
C-02,1,2026-08-25 10:00:00,1815,28.3,0.0,78.0,2.2,1003.1,월드컵대교,189882.0,450789.0,10,1,0,8,25,0,0.49999999999999994,-0.8660254037844387,0.7818314824680298,0.6234898018587336,2267.0,2765.0,2341.0,2464.0,1722.5
C-02,1,2026-08-25 11:00:00,1784,29.4,0.0,71.0,2.4,1003.2,월드컵대교,189882.0,450789.0,11,1,0,8,25,0,0.258819045102521,-0.9659258262890682,0.7818314824680298,0.6234898018587336,1815.0,2267.0,1955.0,2282.3333333333335,1700.5833333333333
C-02,1,2026-08-25 12:00:00,1840,29.7,0.0,68.0,2.8,1002.8,월드컵대교,189882.0,450789.0,12,1,0,8,25,0,1.2246467991473532e-16,-1.0,0.7818314824680298,0.6234898018587336,1784.0,1815.0,2055.0,1955.3333333333333,1693.4583333333333
C-02,1,2026-08-25 13:00:00,2036,30.5,0.0,65.0,2.5,1002.3,월드컵대교,189882.0,450789.0,13,1,0,8,25,0,-0.2588190451025208,-0.9659258262890683,0.7818314824680298,0.6234898018587336,1840.0,1784.0,1864.0,1813.0,1684.5
C-02,1,2026-08-25 14:00:00,2087,31.6,0.0,64.0,1.8,1001.5,월드컵대교,189882.0,450789.0,14,1,0,8,25,0,-0.4999999999999997,-0.8660254037844388,0.7818314824680298,0.6234898018587336,2036.0,1840.0,2006.0,1886.6666666666667,1691.6666666666667
C-02,1,2026-08-25 15:00:00,2090,32.1,0.0,59.0,2.8,1001.1,월드컵대교,189882.0,450789.0,15,1,0,8,25,0,-0.7071067811865471,-0.7071067811865479,0.7818314824680298,0.6234898018587336,2087.0,2036.0,2084.0,1987.6666666666667,1695.0416666666667
C-02,1,2026-08-25 16:00:00,2683,32.2,0.0,58.0,2.6,1000.8,월드컵대교,189882.0,450789.0,16,1,0,8,25,0,-0.8660254037844385,-0.5000000000000004,0.7818314824680298,0.6234898018587336,2090.0,2087.0,1672.0,2071.0,1695.2916666666667
C-02,1,2026-08-25 17:00:00,2873,32.3,0.0,58.0,2.9,1000.6,월드컵대교,189882.0,450789.0,17,1,0,8,25,0,-0.9659258262890683,-0.25881904510252063,0.7818314824680298,0.6234898018587336,2683.0,2090.0,1936.0,2286.6666666666665,1737.4166666666667
C-02,1,2026-08-25 18:00:00,2975,31.6,0.0,61.0,2.8,1000.4,월드컵대교,189882.0,450789.0,18,1,0,8,25,1,-1.0,-1.8369701987210297e-16,0.7818314824680298,0.6234898018587336,2873.0,2683.0,2790.0,2548.6666666666665,1776.4583333333333
C-02,1,2026-08-25 19:00:00,2516,30.1,0.0,64.0,2.4,1001.0,월드컵대교,189882.0,450789.0,19,1,0,8,25,1,-0.9659258262890684,0.2588190451025203,0.7818314824680298,0.6234898018587336,2975.0,2873.0,2958.0,2843.6666666666665,1784.1666666666667
C-02,1,2026-08-25 20:00:00,1941,29.0,0.0,69.0,1.6,1000.7,월드컵대교,189882.0,450789.0,20,1,0,8,25,1,-0.8660254037844386,0.5000000000000001,0.7818314824680298,0.6234898018587336,2516.0,2975.0,2617.0,2788.0,1765.75
C-02,1,2026-08-25 21:00:00,1649,28.2,0.0,74.0,2.6,1001.1,월드컵대교,189882.0,450789.0,21,1,0,8,25,0,-0.7071067811865477,0.7071067811865474,0.7818314824680298,0.6234898018587336,1941.0,2516.0,2166.0,2477.3333333333335,1737.5833333333333
C-02,1,2026-08-25 22:00:00,1501,27.7,0.0,76.0,1.6,1001.5,월드컵대교,189882.0,450789.0,22,1,0,8,25,0,-0.5000000000000004,0.8660254037844384,0.7818314824680298,0.6234898018587336,1649.0,1941.0,1404.0,2035.3333333333333,1716.0416666666667
C-02,1,2026-08-25 23:00:00,913,27.3,0.0,78.0,1.2,1001.3,월드컵대교,189882.0,450789.0,23,1,0,8,25,0,-0.25881904510252157,0.9659258262890681,0.7818314824680298,0.6234898018587336,1501.0,1649.0,1405.0,1697.0,1720.0833333333333
C-02,1,2026-08-26 01:00:00,418,26.5,0.0,77.0,0.9,1000.4,월드컵대교,189882.0,450789.0,1,2,0,8,26,0,0.25881904510252074,0.9659258262890683,0.9749279121818236,-0.22252093395631434,913.0,1501.0,890.0,1354.3333333333333,1699.5833333333333
C-02,1,2026-08-26 02:00:00,298,26.1,0.0,79.0,1.0,1000.2,월드컵대교,189882.0,450789.0,2,2,0,8,26,0,0.49999999999999994,0.8660254037844387,0.9749279121818236,-0.22252093395631434,418.0,913.0,423.0,944.0,1679.9166666666667
C-02,1,2026-08-26 03:00:00,281,25.8,0.0,81.0,1.5,1000.2,월드컵대교,189882.0,450789.0,3,2,0,8,26,0,0.7071067811865476,0.7071067811865476,0.9749279121818236,-0.22252093395631434,298.0,418.0,331.0,543.0,1674.7083333333333
C-02,1,2026-08-26 04:00:00,371,25.5,0.0,82.0,0.7,999.6,월드컵대교,189882.0,450789.0,4,2,0,8,26,0,0.8660254037844386,0.5000000000000001,0.9749279121818236,-0.22252093395631434,281.0,298.0,263.0,332.3333333333333,1672.625
C-02,1,2026-08-26 05:00:00,855,25.3,0.0,84.0,0.4,999.8,월드컵대교,189882.0,450789.0,5,2,0,8,26,0,0.9659258262890683,0.25881904510252074,0.9749279121818236,-0.22252093395631434,371.0,281.0,377.0,316.6666666666667,1677.125
C-02,1,2026-08-26 06:00:00,1564,25.0,0.0,84.0,1.7,999.6,월드컵대교,189882.0,450789.0,6,2,0,8,26,0,1.0,6.123233995736766e-17,0.9749279121818236,-0.22252093395631434,855.0,371.0,816.0,502.3333333333333,1697.0416666666667
C-02,1,2026-08-26 07:00:00,2196,25.1,0.0,86.0,1.8,1000.0,월드컵대교,189882.0,450789.0,7,2,0,8,26,1,0.9659258262890683,-0.25881904510252063,0.9749279121818236,-0.22252093395631434,1564.0,855.0,1595.0,930.0,1728.2083333333333
C-02,1,2026-08-26 08:00:00,2517,26.7,0.0,83.0,2.3,999.8,월드컵대교,189882.0,450789.0,8,2,0,8,26,1,0.8660254037844387,-0.4999999999999998,0.9749279121818236,-0.22252093395631434,2196.0,1564.0,2360.0,1538.3333333333333,1753.25
C-02,1,2026-08-26 09:00:00,2458,27.3,0.0,79.0,0.7,999.2,월드컵대교,189882.0,450789.0,9,2,0,8,26,1,0.7071067811865476,-0.7071067811865475,0.9749279121818236,-0.22252093395631434,2517.0,2196.0,2765.0,2092.3333333333335,1759.7916666666667
C-02,1,2026-08-26 10:00:00,2149,28.6,0.0,71.0,0.9,999.5,월드컵대교,189882.0,450789.0,10,2,0,8,26,0,0.49999999999999994,-0.8660254037844387,0.9749279121818236,-0.22252093395631434,2458.0,2517.0,2267.0,2390.3333333333335,1747.0
C-02,1,2026-08-26 11:00:00,2127,29.7,0.0,64.0,1.7,999.2,월드컵대교,189882.0,450789.0,11,2,0,8,26,0,0.258819045102521,-0.9659258262890682,0.9749279121818236,-0.22252093395631434,2149.0,2458.0,1815.0,2374.6666666666665,1742.0833333333333
C-02,1,2026-08-26 12:00:00,1933,30.3,0.0,64.0,2.1,998.6,월드컵대교,189882.0,450789.0,12,2,0,8,26,0,1.2246467991473532e-16,-1.0,0.9749279121818236,-0.22252093395631434,2127.0,2149.0,1784.0,2244.6666666666665,1755.0833333333333
C-02,1,2026-08-26 13:00:00,2207,30.6,0.0,62.0,2.5,998.9,월드컵대교,189882.0,450789.0,13,2,0,8,26,0,-0.2588190451025208,-0.9659258262890683,0.9749279121818236,-0.22252093395631434,1933.0,2127.0,1840.0,2069.6666666666665,1761.2916666666667
C-02,1,2026-08-26 14:00:00,2158,30.4,0.0,65.0,2.3,998.4,월드컵대교,189882.0,450789.0,14,2,0,8,26,0,-0.4999999999999997,-0.8660254037844388,0.9749279121818236,-0.22252093395631434,2207.0,1933.0,2036.0,2089.0,1776.5833333333333
C-02,1,2026-08-26 15:00:00,2268,30.0,0.0,65.0,1.7,998.2,월드컵대교,189882.0,450789.0,15,2,0,8,26,0,-0.7071067811865471,-0.7071067811865479,0.9749279121818236,-0.22252093395631434,2158.0,2207.0,2087.0,2099.3333333333335,1781.6666666666667
C-02,1,2026-08-26 16:00:00,3123,29.7,0.0,68.0,2.4,998.0,월드컵대교,189882.0,450789.0,16,2,0,8,26,0,-0.8660254037844385,-0.5000000000000004,0.9749279121818236,-0.22252093395631434,2268.0,2158.0,2090.0,2211.0,1789.2083333333333
C-02,1,2026-08-26 17:00:00,2760,30.2,0.0,64.0,2.9,997.6,월드컵대교,189882.0,450789.0,17,2,0,8,26,0,-0.9659258262890683,-0.25881904510252063,0.9749279121818236,-0.22252093395631434,3123.0,2268.0,2683.0,2516.3333333333335,1832.25
C-02,1,2026-08-26 18:00:00,2910,30.0,0.0,63.0,2.4,997.3,월드컵대교,189882.0,450789.0,18,2,0,8,26,1,-1.0,-1.8369701987210297e-16,0.9749279121818236,-0.22252093395631434,2760.0,3123.0,2873.0,2717.0,1835.4583333333333
C-02,1,2026-08-26 19:00:00,2489,29.0,0.0,67.0,1.8,997.4,월드컵대교,189882.0,450789.0,19,2,0,8,26,1,-0.9659258262890684,0.2588190451025203,0.9749279121818236,-0.22252093395631434,2910.0,2760.0,2975.0,2931.0,1837.0
C-02,1,2026-08-26 20:00:00,2060,28.3,0.0,70.0,2.1,997.5,월드컵대교,189882.0,450789.0,20,2,0,8,26,1,-0.8660254037844386,0.5000000000000001,0.9749279121818236,-0.22252093395631434,2489.0,2910.0,2516.0,2719.6666666666665,1816.75
C-02,1,2026-08-26 21:00:00,1576,27.8,0.0,71.0,1.0,997.6,월드컵대교,189882.0,450789.0,21,2,0,8,26,0,-0.7071067811865477,0.7071067811865474,0.9749279121818236,-0.22252093395631434,2060.0,2489.0,1941.0,2486.3333333333335,1797.75
C-02,1,2026-08-26 22:00:00,1422,27.6,0.0,73.0,1.1,998.0,월드컵대교,189882.0,450789.0,22,2,0,8,26,0,-0.5000000000000004,0.8660254037844384,0.9749279121818236,-0.22252093395631434,1576.0,2060.0,1649.0,2041.6666666666667,1782.5416666666667
C-02,1,2026-08-26 23:00:00,1006,27.1,0.0,76.0,1.7,998.3,월드컵대교,189882.0,450789.0,23,2,0,8,26,0,-0.25881904510252157,0.9659258262890681,0.9749279121818236,-0.22252093395631434,1422.0,1576.0,1501.0,1686.0,1773.0833333333333
C-02,1,2026-08-27 01:00:00,441,26.5,0.0,78.0,0.6,998.4,월드컵대교,189882.0,450789.0,1,3,0,8,27,0,0.25881904510252074,0.9659258262890683,0.43388373911755823,-0.900968867902419,1006.0,1422.0,913.0,1334.6666666666667,1752.4583333333333
C-02,1,2026-08-27 02:00:00,306,26.2,0.0,80.0,1.4,998.2,월드컵대교,189882.0,450789.0,2,3,0,8,27,0,0.49999999999999994,0.8660254037844387,0.43388373911755823,-0.900968867902419,441.0,1006.0,418.0,956.3333333333334,1732.7916666666667
C-02,1,2026-08-27 03:00:00,323,25.9,0.0,81.0,0.6,997.6,월드컵대교,189882.0,450789.0,3,3,0,8,27,0,0.7071067811865476,0.7071067811865476,0.43388373911755823,-0.900968867902419,306.0,441.0,298.0,584.3333333333334,1728.125
C-02,1,2026-08-27 04:00:00,426,25.7,0.0,82.0,0.9,997.8,월드컵대교,189882.0,450789.0,4,3,0,8,27,0,0.8660254037844386,0.5000000000000001,0.43388373911755823,-0.900968867902419,323.0,306.0,281.0,356.6666666666667,1729.1666666666667
C-02,1,2026-08-27 05:00:00,877,25.5,0.0,83.0,1.2,997.7,월드컵대교,189882.0,450789.0,5,3,0,8,27,0,0.9659258262890683,0.25881904510252074,0.43388373911755823,-0.900968867902419,426.0,323.0,371.0,351.6666666666667,1735.2083333333333
C-02,1,2026-08-27 06:00:00,1641,25.3,0.0,82.0,0.9,997.8,월드컵대교,189882.0,450789.0,6,3,0,8,27,0,1.0,6.123233995736766e-17,0.43388373911755823,-0.900968867902419,877.0,426.0,855.0,542.0,1756.2916666666667
C-02,1,2026-08-27 07:00:00,2348,25.3,0.0,82.0,0.6,997.8,월드컵대교,189882.0,450789.0,7,3,0,8,27,1,0.9659258262890683,-0.25881904510252063,0.43388373911755823,-0.900968867902419,1641.0,877.0,1564.0,981.3333333333334,1789.0416666666667
C-02,1,2026-08-27 08:00:00,2785,25.7,0.0,81.0,1.6,998.1,월드컵대교,189882.0,450789.0,8,3,0,8,27,1,0.8660254037844387,-0.4999999999999998,0.43388373911755823,-0.900968867902419,2348.0,1641.0,2196.0,1622.0,1821.7083333333333
C-02,1,2026-08-27 09:00:00,2271,26.7,0.0,80.0,1.6,998.1,월드컵대교,189882.0,450789.0,9,3,0,8,27,1,0.7071067811865476,-0.7071067811865475,0.43388373911755823,-0.900968867902419,2785.0,2348.0,2517.0,2258.0,1846.25
C-02,1,2026-08-27 10:00:00,2124,27.7,0.0,77.0,0.9,998.3,월드컵대교,189882.0,450789.0,10,3,0,8,27,0,0.49999999999999994,-0.8660254037844387,0.43388373911755823,-0.900968867902419,2271.0,2785.0,2458.0,2468.0,1836.0
C-02,1,2026-08-27 11:00:00,2180,29.0,0.0,72.0,1.9,998.1,월드컵대교,189882.0,450789.0,11,3,0,8,27,0,0.258819045102521,-0.9659258262890682,0.43388373911755823,-0.900968867902419,2124.0,2271.0,2149.0,2393.3333333333335,1822.0833333333333
C-02,1,2026-08-27 12:00:00,2171,30.7,0.0,64.0,1.8,997.7,월드컵대교,189882.0,450789.0,12,3,0,8,27,0,1.2246467991473532e-16,-1.0,0.43388373911755823,-0.900968867902419,2180.0,2124.0,2127.0,2191.6666666666665,1823.375
C-02,1,2026-08-27 13:00:00,2046,31.2,0.0,60.0,2.8,997.2,월드컵대교,189882.0,450789.0,13,3,0,8,27,0,-0.2588190451025208,-0.9659258262890683,0.43388373911755823,-0.900968867902419,2171.0,2180.0,1933.0,2158.3333333333335,1825.2083333333333
C-02,1,2026-08-27 14:00:00,2043,31.5,0.0,59.0,3.1,996.9,월드컵대교,189882.0,450789.0,14,3,0,8,27,0,-0.4999999999999997,-0.8660254037844388,0.43388373911755823,-0.900968867902419,2046.0,2171.0,2207.0,2132.3333333333335,1829.9166666666667
C-02,1,2026-08-27 15:00:00,2200,31.7,0.0,57.0,2.9,996.4,월드컵대교,189882.0,450789.0,15,3,0,8,27,0,-0.7071067811865471,-0.7071067811865479,0.43388373911755823,-0.900968867902419,2043.0,2046.0,2158.0,2086.6666666666665,1823.0833333333333
C-02,1,2026-08-27 16:00:00,2799,32.0,0.0,53.0,3.3,996.1,월드컵대교,189882.0,450789.0,16,3,0,8,27,0,-0.8660254037844385,-0.5000000000000004,0.43388373911755823,-0.900968867902419,2200.0,2043.0,2268.0,2096.3333333333335,1824.8333333333333
C-02,1,2026-08-27 17:00:00,2743,32.2,0.0,55.0,2.5,996.1,월드컵대교,189882.0,450789.0,17,3,0,8,27,0,-0.9659258262890683,-0.25881904510252063,0.43388373911755823,-0.900968867902419,2799.0,2200.0,3123.0,2347.3333333333335,1846.9583333333333
C-02,1,2026-08-27 18:00:00,2914,31.5,0.0,56.0,2.1,996.1,월드컵대교,189882.0,450789.0,18,3,0,8,27,1,-1.0,-1.8369701987210297e-16,0.43388373911755823,-0.900968867902419,2743.0,2799.0,2760.0,2580.6666666666665,1831.125
C-02,1,2026-08-27 19:00:00,2762,30.3,0.0,61.0,2.0,996.7,월드컵대교,189882.0,450789.0,19,3,0,8,27,1,-0.9659258262890684,0.2588190451025203,0.43388373911755823,-0.900968867902419,2914.0,2743.0,2910.0,2818.6666666666665,1837.5416666666667
C-02,1,2026-08-27 20:00:00,2131,29.3,0.0,67.0,1.3,997.1,월드컵대교,189882.0,450789.0,20,3,0,8,27,1,-0.8660254037844386,0.5000000000000001,0.43388373911755823,-0.900968867902419,2762.0,2914.0,2489.0,2806.3333333333335,1831.375
C-02,1,2026-08-27 21:00:00,1680,28.6,0.0,69.0,1.4,998.1,월드컵대교,189882.0,450789.0,21,3,0,8,27,0,-0.7071067811865477,0.7071067811865474,0.43388373911755823,-0.900968867902419,2131.0,2762.0,2060.0,2602.3333333333335,1816.4583333333333
C-02,1,2026-08-27 22:00:00,1599,28.0,0.0,76.0,1.5,998.4,월드컵대교,189882.0,450789.0,22,3,0,8,27,0,-0.5000000000000004,0.8660254037844384,0.43388373911755823,-0.900968867902419,1680.0,2131.0,1576.0,2191.0,1800.625
C-02,1,2026-08-27 23:00:00,1532,27.6,0.0,77.0,1.9,998.4,월드컵대교,189882.0,450789.0,23,3,0,8,27,0,-0.25881904510252157,0.9659258262890681,0.43388373911755823,-0.900968867902419,1599.0,1680.0,1422.0,1803.3333333333333,1801.5833333333333
C-02,1,2026-08-28 01:00:00,509,27.0,0.0,80.0,1.6,998.3,월드컵대교,189882.0,450789.0,1,4,0,8,28,0,0.25881904510252074,0.9659258262890683,-0.433883739117558,-0.9009688679024191,1532.0,1599.0,1006.0,1603.6666666666667,1806.1666666666667
C-02,1,2026-08-28 02:00:00,405,26.8,0.0,81.0,0.9,998.0,월드컵대교,189882.0,450789.0,2,4,0,8,28,0,0.49999999999999994,0.8660254037844387,-0.433883739117558,-0.9009688679024191,509.0,1532.0,441.0,1213.3333333333333,1785.4583333333333
C-02,1,2026-08-28 03:00:00,318,26.5,0.0,82.0,1.8,998.5,월드컵대교,189882.0,450789.0,3,4,0,8,28,0,0.7071067811865476,0.7071067811865476,-0.433883739117558,-0.9009688679024191,405.0,509.0,306.0,815.3333333333334,1783.9583333333333
C-02,1,2026-08-28 04:00:00,440,26.3,0.0,82.0,2.0,998.7,월드컵대교,189882.0,450789.0,4,4,0,8,28,0,0.8660254037844386,0.5000000000000001,-0.433883739117558,-0.9009688679024191,318.0,405.0,323.0,410.6666666666667,1784.4583333333333
C-02,1,2026-08-28 05:00:00,816,26.1,0.0,83.0,2.2,998.6,월드컵대교,189882.0,450789.0,5,4,0,8,28,0,0.9659258262890683,0.25881904510252074,-0.433883739117558,-0.9009688679024191,440.0,318.0,426.0,387.6666666666667,1789.3333333333333
C-02,1,2026-08-28 06:00:00,1644,26.1,0.0,82.0,2.1,998.6,월드컵대교,189882.0,450789.0,6,4,0,8,28,0,1.0,6.123233995736766e-17,-0.433883739117558,-0.9009688679024191,816.0,440.0,877.0,524.6666666666666,1805.5833333333333
C-02,1,2026-08-28 07:00:00,2229,26.3,0.0,81.0,2.6,998.8,월드컵대교,189882.0,450789.0,7,4,0,8,28,1,0.9659258262890683,-0.25881904510252063,-0.433883739117558,-0.9009688679024191,1644.0,816.0,1641.0,966.6666666666666,1837.5416666666667
C-02,1,2026-08-28 08:00:00,2506,26.9,0.0,79.0,2.8,999.0,월드컵대교,189882.0,450789.0,8,4,0,8,28,1,0.8660254037844387,-0.4999999999999998,-0.433883739117558,-0.9009688679024191,2229.0,1644.0,2348.0,1563.0,1862.0416666666667
C-02,1,2026-08-28 09:00:00,2243,27.7,0.0,73.0,3.1,999.2,월드컵대교,189882.0,450789.0,9,4,0,8,28,1,0.7071067811865476,-0.7071067811865475,-0.433883739117558,-0.9009688679024191,2506.0,2229.0,2785.0,2126.3333333333335,1868.625
C-02,1,2026-08-28 10:00:00,2392,28.2,0.0,71.0,3.1,999.6,월드컵대교,189882.0,450789.0,10,4,0,8,28,0,0.49999999999999994,-0.8660254037844387,-0.433883739117558,-0.9009688679024191,2243.0,2506.0,2271.0,2326.0,1846.0416666666667
C-02,1,2026-08-28 11:00:00,2551,28.6,0.0,70.0,3.1,999.3,월드컵대교,189882.0,450789.0,11,4,0,8,28,0,0.258819045102521,-0.9659258262890682,-0.433883739117558,-0.9009688679024191,2392.0,2243.0,2124.0,2380.3333333333335,1851.0833333333333
C-02,1,2026-08-28 12:00:00,1974,29.4,0.0,68.0,2.7,998.8,월드컵대교,189882.0,450789.0,12,4,0,8,28,0,1.2246467991473532e-16,-1.0,-0.433883739117558,-0.9009688679024191,2551.0,2392.0,2180.0,2395.3333333333335,1868.875
C-02,1,2026-08-28 13:00:00,2335,29.7,0.0,67.0,3.5,998.5,월드컵대교,189882.0,450789.0,13,4,0,8,28,0,-0.2588190451025208,-0.9659258262890683,-0.433883739117558,-0.9009688679024191,1974.0,2551.0,2171.0,2305.6666666666665,1860.2916666666667
C-02,1,2026-08-28 14:00:00,2479,29.0,0.0,69.0,3.6,998.2,월드컵대교,189882.0,450789.0,14,4,0,8,28,0,-0.4999999999999997,-0.8660254037844388,-0.433883739117558,-0.9009688679024191,2335.0,1974.0,2046.0,2286.6666666666665,1867.125
C-02,1,2026-08-28 15:00:00,2483,28.6,0.0,69.0,3.5,997.7,월드컵대교,189882.0,450789.0,15,4,0,8,28,0,-0.7071067811865471,-0.7071067811865479,-0.433883739117558,-0.9009688679024191,2479.0,2335.0,2043.0,2262.6666666666665,1885.1666666666667
C-02,1,2026-08-28 16:00:00,2954,27.8,0.0,71.0,3.3,997.4,월드컵대교,189882.0,450789.0,16,4,0,8,28,0,-0.8660254037844385,-0.5000000000000004,-0.433883739117558,-0.9009688679024191,2483.0,2479.0,2200.0,2432.3333333333335,1903.5
C-02,1,2026-08-28 17:00:00,2985,27.4,0.0,72.0,1.8,997.8,월드컵대교,189882.0,450789.0,17,4,0,8,28,0,-0.9659258262890683,-0.25881904510252063,-0.433883739117558,-0.9009688679024191,2954.0,2483.0,2799.0,2638.6666666666665,1934.9166666666667
C-02,1,2026-08-28 18:00:00,2689,25.9,1.3,84.0,2.3,997.7,월드컵대교,189882.0,450789.0,18,4,0,8,28,1,-1.0,-1.8369701987210297e-16,-0.433883739117558,-0.9009688679024191,2985.0,2954.0,2743.0,2807.3333333333335,1942.6666666666667
C-02,1,2026-08-28 19:00:00,2477,25.3,0.0,85.0,3.1,997.8,월드컵대교,189882.0,450789.0,19,4,0,8,28,1,-0.9659258262890684,0.2588190451025203,-0.433883739117558,-0.9009688679024191,2689.0,2985.0,2914.0,2876.0,1940.4166666666667
C-02,1,2026-08-28 20:00:00,2247,25.2,0.0,84.0,2.8,998.0,월드컵대교,189882.0,450789.0,20,4,0,8,28,1,-0.8660254037844386,0.5000000000000001,-0.433883739117558,-0.9009688679024191,2477.0,2689.0,2762.0,2717.0,1922.2083333333333
C-02,1,2026-08-28 21:00:00,1965,25.4,0.0,81.0,2.8,998.4,월드컵대교,189882.0,450789.0,21,4,0,8,28,0,-0.7071067811865477,0.7071067811865474,-0.433883739117558,-0.9009688679024191,2247.0,2477.0,2131.0,2471.0,1900.75
C-02,1,2026-08-28 22:00:00,1631,25.4,0.0,81.0,2.2,998.3,월드컵대교,189882.0,450789.0,22,4,0,8,28,0,-0.5000000000000004,0.8660254037844384,-0.433883739117558,-0.9009688679024191,1965.0,2247.0,1680.0,2229.6666666666665,1893.8333333333333
C-02,1,2026-08-28 23:00:00,988,25.5,0.0,83.0,1.2,998.3,월드컵대교,189882.0,450789.0,23,4,0,8,28,0,-0.25881904510252157,0.9659258262890681,-0.433883739117558,-0.9009688679024191,1631.0,1965.0,1599.0,1947.6666666666667,1891.7916666666667
C-02,1,2026-08-29 01:00:00,598,25.4,0.0,81.0,1.1,997.9,월드컵대교,189882.0,450789.0,1,5,1,8,29,0,0.25881904510252074,0.9659258262890683,-0.9749279121818236,-0.2225209339563146,988.0,1631.0,1532.0,1528.0,1866.3333333333333
C-02,1,2026-08-29 02:00:00,480,25.4,0.0,81.0,2.0,997.4,월드컵대교,189882.0,450789.0,2,5,1,8,29,0,0.49999999999999994,0.8660254037844387,-0.9749279121818236,-0.2225209339563146,598.0,988.0,509.0,1072.3333333333333,1827.4166666666667
C-02,1,2026-08-29 03:00:00,385,25.4,0.0,81.0,0.5,997.1,월드컵대교,189882.0,450789.0,3,5,1,8,29,0,0.7071067811865476,0.7071067811865476,-0.9749279121818236,-0.2225209339563146,480.0,598.0,405.0,688.6666666666666,1826.2083333333333
C-02,1,2026-08-29 04:00:00,472,25.4,0.0,82.0,1.0,997.1,월드컵대교,189882.0,450789.0,4,5,1,8,29,0,0.8660254037844386,0.5000000000000001,-0.9749279121818236,-0.2225209339563146,385.0,480.0,318.0,487.6666666666667,1825.375
C-02,1,2026-08-29 05:00:00,735,25.5,0.0,83.0,0.4,997.2,월드컵대교,189882.0,450789.0,5,5,1,8,29,0,0.9659258262890683,0.25881904510252074,-0.9749279121818236,-0.2225209339563146,472.0,385.0,440.0,445.6666666666667,1831.7916666666667
C-02,1,2026-08-29 06:00:00,1007,25.6,0.0,85.0,1.6,997.4,월드컵대교,189882.0,450789.0,6,5,1,8,29,0,1.0,6.123233995736766e-17,-0.9749279121818236,-0.2225209339563146,735.0,472.0,816.0,530.6666666666666,1844.0833333333333
C-02,1,2026-08-29 07:00:00,1181,25.7,0.0,86.0,1.9,997.4,월드컵대교,189882.0,450789.0,7,5,1,8,29,0,0.9659258262890683,-0.25881904510252063,-0.9749279121818236,-0.2225209339563146,1007.0,735.0,1644.0,738.0,1852.0416666666667
C-02,1,2026-08-29 08:00:00,1614,26.1,0.0,85.0,2.1,997.2,월드컵대교,189882.0,450789.0,8,5,1,8,29,0,0.8660254037844387,-0.4999999999999998,-0.9749279121818236,-0.2225209339563146,1181.0,1007.0,2229.0,974.3333333333334,1832.75
C-02,1,2026-08-29 09:00:00,2272,26.5,0.0,81.0,2.6,997.0,월드컵대교,189882.0,450789.0,9,5,1,8,29,0,0.7071067811865476,-0.7071067811865475,-0.9749279121818236,-0.2225209339563146,1614.0,1181.0,2506.0,1267.3333333333333,1807.125
C-02,1,2026-08-29 10:00:00,2478,26.6,0.0,78.0,3.1,997.5,월드컵대교,189882.0,450789.0,10,5,1,8,29,0,0.49999999999999994,-0.8660254037844387,-0.9749279121818236,-0.2225209339563146,2272.0,1614.0,2243.0,1689.0,1797.375
C-02,1,2026-08-29 11:00:00,2675,27.7,0.0,73.0,2.6,997.4,월드컵대교,189882.0,450789.0,11,5,1,8,29,0,0.258819045102521,-0.9659258262890682,-0.9749279121818236,-0.2225209339563146,2478.0,2272.0,2392.0,2121.3333333333335,1807.1666666666667
C-02,1,2026-08-29 12:00:00,2504,28.5,0.0,69.0,2.8,997.2,월드컵대교,189882.0,450789.0,12,5,1,8,29,0,1.2246467991473532e-16,-1.0,-0.9749279121818236,-0.2225209339563146,2675.0,2478.0,2551.0,2475.0,1818.9583333333333
C-02,1,2026-08-29 13:00:00,2574,29.8,0.0,66.0,3.3,996.8,월드컵대교,189882.0,450789.0,13,5,1,8,29,0,-0.2588190451025208,-0.9659258262890683,-0.9749279121818236,-0.2225209339563146,2504.0,2675.0,1974.0,2552.3333333333335,1817.0
C-02,1,2026-08-29 14:00:00,2369,29.8,0.0,63.0,3.0,996.7,월드컵대교,189882.0,450789.0,14,5,1,8,29,0,-0.4999999999999997,-0.8660254037844388,-0.9749279121818236,-0.2225209339563146,2574.0,2504.0,2335.0,2584.3333333333335,1842.0
C-02,1,2026-08-29 15:00:00,2653,30.6,0.0,61.0,3.1,996.3,월드컵대교,189882.0,450789.0,15,5,1,8,29,0,-0.7071067811865471,-0.7071067811865479,-0.9749279121818236,-0.2225209339563146,2369.0,2574.0,2479.0,2482.3333333333335,1843.4166666666667
C-02,1,2026-08-29 16:00:00,2668,31.2,0.0,58.0,3.2,996.1,월드컵대교,189882.0,450789.0,16,5,1,8,29,0,-0.8660254037844385,-0.5000000000000004,-0.9749279121818236,-0.2225209339563146,2653.0,2369.0,2483.0,2532.0,1850.6666666666667
C-02,1,2026-08-29 17:00:00,2270,29.2,0.0,59.0,3.8,996.5,월드컵대교,189882.0,450789.0,17,5,1,8,29,0,-0.9659258262890683,-0.25881904510252063,-0.9749279121818236,-0.2225209339563146,2668.0,2653.0,2954.0,2563.3333333333335,1858.375
C-02,1,2026-08-29 18:00:00,2310,28.2,0.0,65.0,2.6,996.7,월드컵대교,189882.0,450789.0,18,5,1,8,29,0,-1.0,-1.8369701987210297e-16,-0.9749279121818236,-0.2225209339563146,2270.0,2668.0,2985.0,2530.3333333333335,1829.875
C-02,1,2026-08-29 19:00:00,1796,27.0,0.0,67.0,2.4,996.9,월드컵대교,189882.0,450789.0,19,5,1,8,29,0,-0.9659258262890684,0.2588190451025203,-0.9749279121818236,-0.2225209339563146,2310.0,2270.0,2689.0,2416.0,1801.75
C-02,1,2026-08-29 20:00:00,1620,26.5,0.0,68.0,2.2,997.6,월드컵대교,189882.0,450789.0,20,5,1,8,29,0,-0.8660254037844386,0.5000000000000001,-0.9749279121818236,-0.2225209339563146,1796.0,2310.0,2477.0,2125.3333333333335,1764.5416666666667
C-02,1,2026-08-29 21:00:00,1814,26.2,0.0,69.0,2.0,998.2,월드컵대교,189882.0,450789.0,21,5,1,8,29,0,-0.7071067811865477,0.7071067811865474,-0.9749279121818236,-0.2225209339563146,1620.0,1796.0,2247.0,1908.6666666666667,1728.8333333333333
C-02,1,2026-08-29 22:00:00,1449,25.8,0.0,69.0,1.9,998.4,월드컵대교,189882.0,450789.0,22,5,1,8,29,0,-0.5000000000000004,0.8660254037844384,-0.9749279121818236,-0.2225209339563146,1814.0,1620.0,1965.0,1743.3333333333333,1710.7916666666667
C-02,1,2026-08-29 23:00:00,853,25.4,0.0,70.0,1.7,998.4,월드컵대교,189882.0,450789.0,23,5,1,8,29,0,-0.25881904510252157,0.9659258262890681,-0.9749279121818236,-0.2225209339563146,1449.0,1814.0,1631.0,1627.6666666666667,1689.2916666666667
C-02,1,2026-08-30 01:00:00,516,24.9,0.0,75.0,2.1,998.5,월드컵대교,189882.0,450789.0,1,6,1,8,30,0,0.25881904510252074,0.9659258262890683,-0.7818314824680299,0.6234898018587334,853.0,1449.0,988.0,1372.0,1656.875
C-02,1,2026-08-30 02:00:00,370,24.5,0.0,76.0,1.1,997.9,월드컵대교,189882.0,450789.0,2,6,1,8,30,0,0.49999999999999994,0.8660254037844387,-0.7818314824680299,0.6234898018587334,516.0,853.0,598.0,939.3333333333334,1637.2083333333333
C-02,1,2026-08-30 03:00:00,320,24.2,0.0,77.0,1.4,998.0,월드컵대교,189882.0,450789.0,3,6,1,8,30,0,0.7071067811865476,0.7071067811865476,-0.7818314824680299,0.6234898018587334,370.0,516.0,480.0,579.6666666666666,1627.7083333333333
C-02,1,2026-08-30 04:00:00,304,24.1,0.0,79.0,1.0,997.8,월드컵대교,189882.0,450789.0,4,6,1,8,30,0,0.8660254037844386,0.5000000000000001,-0.7818314824680299,0.6234898018587334,320.0,370.0,385.0,402.0,1621.0416666666667
C-02,1,2026-08-30 05:00:00,437,23.9,0.0,79.0,1.6,998.1,월드컵대교,189882.0,450789.0,5,6,1,8,30,0,0.9659258262890683,0.25881904510252074,-0.7818314824680299,0.6234898018587334,304.0,320.0,472.0,331.3333333333333,1617.6666666666667
C-02,1,2026-08-30 06:00:00,577,23.5,0.0,82.0,3.4,999.0,월드컵대교,189882.0,450789.0,6,6,1,8,30,0,1.0,6.123233995736766e-17,-0.7818314824680299,0.6234898018587334,437.0,304.0,735.0,353.6666666666667,1616.2083333333333
C-02,1,2026-08-30 07:00:00,750,23.5,0.0,82.0,0.8,999.4,월드컵대교,189882.0,450789.0,7,6,1,8,30,0,0.9659258262890683,-0.25881904510252063,-0.7818314824680299,0.6234898018587334,577.0,437.0,1007.0,439.3333333333333,1609.625
C-02,1,2026-08-30 08:00:00,1071,24.1,0.0,81.0,1.0,998.9,월드컵대교,189882.0,450789.0,8,6,1,8,30,0,0.8660254037844387,-0.4999999999999998,-0.7818314824680299,0.6234898018587334,750.0,577.0,1181.0,588.0,1598.9166666666667
C-02,1,2026-08-30 09:00:00,1640,24.5,0.0,81.0,2.2,999.0,월드컵대교,189882.0,450789.0,9,6,1,8,30,0,0.7071067811865476,-0.7071067811865475,-0.7818314824680299,0.6234898018587334,1071.0,750.0,1614.0,799.3333333333334,1594.3333333333333
C-02,1,2026-08-30 10:00:00,1988,25.5,0.0,77.0,1.4,999.4,월드컵대교,189882.0,450789.0,10,6,1,8,30,0,0.49999999999999994,-0.8660254037844387,-0.7818314824680299,0.6234898018587334,1640.0,1071.0,2272.0,1153.6666666666667,1595.4166666666667
C-02,1,2026-08-30 11:00:00,2124,26.2,0.0,74.0,1.1,999.5,월드컵대교,189882.0,450789.0,11,6,1,8,30,0,0.258819045102521,-0.9659258262890682,-0.7818314824680299,0.6234898018587334,1988.0,1640.0,2478.0,1566.3333333333333,1583.5833333333333
C-02,1,2026-08-30 12:00:00,2384,27.0,0.0,71.0,0.5,999.1,월드컵대교,189882.0,450789.0,12,6,1,8,30,0,1.2246467991473532e-16,-1.0,-0.7818314824680299,0.6234898018587334,2124.0,1988.0,2675.0,1917.3333333333333,1568.8333333333333
C-02,1,2026-08-30 13:00:00,1718,27.8,0.0,69.0,1.0,999.2,월드컵대교,189882.0,450789.0,13,6,1,8,30,0,-0.2588190451025208,-0.9659258262890683,-0.7818314824680299,0.6234898018587334,2384.0,2124.0,2504.0,2165.3333333333335,1556.7083333333333
C-02,1,2026-08-30 14:00:00,2460,28.2,0.0,66.0,1.1,998.6,월드컵대교,189882.0,450789.0,14,6,1,8,30,0,-0.4999999999999997,-0.8660254037844388,-0.7818314824680299,0.6234898018587334,1718.0,2384.0,2574.0,2075.3333333333335,1523.9583333333333
C-02,1,2026-08-30 15:00:00,2212,28.2,0.0,68.0,1.2,997.9,월드컵대교,189882.0,450789.0,15,6,1,8,30,0,-0.7071067811865471,-0.7071067811865479,-0.7818314824680299,0.6234898018587334,2460.0,1718.0,2369.0,2187.3333333333335,1519.2083333333333
C-02,1,2026-08-30 16:00:00,2289,28.4,0.0,67.0,1.9,997.4,월드컵대교,189882.0,450789.0,16,6,1,8,30,0,-0.8660254037844385,-0.5000000000000004,-0.7818314824680299,0.6234898018587334,2212.0,2460.0,2653.0,2130.0,1512.6666666666667
C-02,1,2026-08-30 17:00:00,2234,28.2,0.0,69.0,2.3,997.5,월드컵대교,189882.0,450789.0,17,6,1,8,30,0,-0.9659258262890683,-0.25881904510252063,-0.7818314824680299,0.6234898018587334,2289.0,2212.0,2668.0,2320.3333333333335,1497.5
C-02,1,2026-08-30 18:00:00,1679,27.6,0.0,71.0,2.4,997.8,월드컵대교,189882.0,450789.0,18,6,1,8,30,0,-1.0,-1.8369701987210297e-16,-0.7818314824680299,0.6234898018587334,2234.0,2289.0,2270.0,2245.0,1479.4166666666667
C-02,1,2026-08-30 19:00:00,1679,27.2,0.0,71.0,1.9,997.7,월드컵대교,189882.0,450789.0,19,6,1,8,30,0,-0.9659258262890684,0.2588190451025203,-0.7818314824680299,0.6234898018587334,1679.0,2234.0,2310.0,2067.3333333333335,1454.7916666666667
C-02,1,2026-08-30 20:00:00,1825,27.1,0.0,73.0,1.4,998.2,월드컵대교,189882.0,450789.0,20,6,1,8,30,0,-0.8660254037844386,0.5000000000000001,-0.7818314824680299,0.6234898018587334,1679.0,1679.0,1796.0,1864.0,1428.5
C-02,1,2026-08-30 21:00:00,1454,26.9,0.0,76.0,2.3,999.0,월드컵대교,189882.0,450789.0,21,6,1,8,30,0,-0.7071067811865477,0.7071067811865474,-0.7818314824680299,0.6234898018587334,1825.0,1679.0,1620.0,1727.6666666666667,1429.7083333333333
C-02,1,2026-08-30 22:00:00,1141,26.5,0.0,77.0,1.6,998.7,월드컵대교,189882.0,450789.0,22,6,1,8,30,0,-0.5000000000000004,0.8660254037844384,-0.7818314824680299,0.6234898018587334,1454.0,1825.0,1814.0,1652.6666666666667,1422.7916666666667
C-02,1,2026-08-30 23:00:00,671,25.9,0.0,80.0,2.4,998.5,월드컵대교,189882.0,450789.0,23,6,1,8,30,0,-0.25881904510252157,0.9659258262890681,-0.7818314824680299,0.6234898018587334,1141.0,1454.0,1449.0,1473.3333333333333,1394.75
C-02,1,2026-08-31 01:00:00,278,25.6,0.0,79.0,1.5,998.6,월드컵대교,189882.0,450789.0,1,0,0,8,31,0,0.25881904510252074,0.9659258262890683,0.0,1.0,671.0,1141.0,853.0,1088.6666666666667,1362.3333333333333
C-02,1,2026-08-31 02:00:00,232,25.5,0.0,82.0,2.0,998.4,월드컵대교,189882.0,450789.0,2,0,0,8,31,0,0.49999999999999994,0.8660254037844387,0.0,1.0,278.0,671.0,516.0,696.6666666666666,1338.375
C-02,1,2026-08-31 03:00:00,243,25.3,0.0,81.0,2.1,998.0,월드컵대교,189882.0,450789.0,3,0,0,8,31,0,0.7071067811865476,0.7071067811865476,0.0,1.0,232.0,278.0,370.0,393.6666666666667,1326.5416666666667
C-02,1,2026-08-31 04:00:00,310,24.7,6.1,89.0,1.4,998.1,월드컵대교,189882.0,450789.0,4,0,0,8,31,0,0.8660254037844386,0.5000000000000001,0.0,1.0,243.0,232.0,320.0,251.0,1321.25
C-02,1,2026-08-31 05:00:00,724,24.1,8.6,91.0,1.9,998.2,월드컵대교,189882.0,450789.0,5,0,0,8,31,0,0.9659258262890683,0.25881904510252074,0.0,1.0,310.0,243.0,304.0,261.6666666666667,1320.8333333333333
C-02,1,2026-08-31 06:00:00,1522,24.0,1.1,93.0,1.3,998.6,월드컵대교,189882.0,450789.0,6,0,0,8,31,0,1.0,6.123233995736766e-17,0.0,1.0,724.0,310.0,437.0,425.6666666666667,1338.3333333333333
C-02,1,2026-08-31 07:00:00,2312,24.0,0.1,92.0,1.5,998.7,월드컵대교,189882.0,450789.0,7,0,0,8,31,1,0.9659258262890683,-0.25881904510252063,0.0,1.0,1522.0,724.0,577.0,852.0,1383.5416666666667
C-02,1,2026-08-31 08:00:00,2432,24.2,0.0,92.0,2.6,998.9,월드컵대교,189882.0,450789.0,8,0,0,8,31,1,0.8660254037844387,-0.4999999999999998,0.0,1.0,2312.0,1522.0,750.0,1519.3333333333333,1455.8333333333333
C-02,1,2026-08-31 09:00:00,2046,24.4,0.2,93.0,2.1,999.1,월드컵대교,189882.0,450789.0,9,0,0,8,31,1,0.7071067811865476,-0.7071067811865475,0.0,1.0,2432.0,2312.0,1071.0,2088.6666666666665,1525.9166666666667
C-02,1,2026-08-31 10:00:00,1752,24.4,1.4,94.0,2.5,999.3,월드컵대교,189882.0,450789.0,10,0,0,8,31,0,0.49999999999999994,-0.8660254037844387,0.0,1.0,2046.0,2432.0,1640.0,2263.3333333333335,1566.5416666666667
C-02,1,2026-08-31 11:00:00,1862,24.5,2.3,94.0,2.4,999.4,월드컵대교,189882.0,450789.0,11,0,0,8,31,0,0.258819045102521,-0.9659258262890682,0.0,1.0,1752.0,2046.0,1988.0,2076.6666666666665,1571.2083333333333
C-02,1,2026-08-31 12:00:00,1867,24.6,1.6,94.0,2.9,999.0,월드컵대교,189882.0,450789.0,12,0,0,8,31,0,1.2246467991473532e-16,-1.0,0.0,1.0,1862.0,1752.0,2124.0,1886.6666666666667,1565.9583333333333
C-02,1,2026-08-31 13:00:00,2115,24.7,2.9,92.0,1.8,999.2,월드컵대교,189882.0,450789.0,13,0,0,8,31,0,-0.2588190451025208,-0.9659258262890683,0.0,1.0,1867.0,1862.0,2384.0,1827.0,1555.25
C-02,1,2026-08-31 14:00:00,2233,24.6,2.7,91.0,2.0,999.4,월드컵대교,189882.0,450789.0,14,0,0,8,31,0,-0.4999999999999997,-0.8660254037844388,0.0,1.0,2115.0,1867.0,1718.0,1948.0,1544.0416666666667
C-02,1,2026-08-31 15:00:00,2142,24.2,2.0,88.0,1.4,998.7,월드컵대교,189882.0,450789.0,15,0,0,8,31,0,-0.7071067811865471,-0.7071067811865479,0.0,1.0,2233.0,2115.0,2460.0,2071.6666666666665,1565.5
C-02,1,2026-08-31 16:00:00,2773,24.2,0.7,91.0,2.3,998.6,월드컵대교,189882.0,450789.0,16,0,0,8,31,0,-0.8660254037844385,-0.5000000000000004,0.0,1.0,2142.0,2233.0,2212.0,2163.3333333333335,1552.25
C-02,1,2026-08-31 17:00:00,2753,23.9,0.8,92.0,2.1,999.0,월드컵대교,189882.0,450789.0,17,0,0,8,31,0,-0.9659258262890683,-0.25881904510252063,0.0,1.0,2773.0,2142.0,2289.0,2382.6666666666665,1575.625
C-02,1,2026-08-31 18:00:00,2662,23.8,0.8,94.0,2.6,998.7,월드컵대교,189882.0,450789.0,18,0,0,8,31,1,-1.0,-1.8369701987210297e-16,0.0,1.0,2753.0,2773.0,2234.0,2556.0,1594.9583333333333
C-02,1,2026-08-31 19:00:00,2734,24.1,1.3,94.0,0.5,999.1,월드컵대교,189882.0,450789.0,19,0,0,8,31,1,-0.9659258262890684,0.2588190451025203,0.0,1.0,2662.0,2753.0,1679.0,2729.3333333333335,1612.7916666666667
C-02,1,2026-08-31 20:00:00,2483,24.0,0.7,93.0,0.6,999.7,월드컵대교,189882.0,450789.0,20,0,0,8,31,1,-0.8660254037844386,0.5000000000000001,0.0,1.0,2734.0,2662.0,1679.0,2716.3333333333335,1656.75
C-02,1,2026-08-31 21:00:00,1454,23.7,0.5,92.0,1.7,1000.0,월드컵대교,189882.0,450789.0,21,0,0,8,31,0,-0.7071067811865477,0.7071067811865474,0.0,1.0,2483.0,2734.0,1825.0,2626.3333333333335,1690.25
C-02,1,2026-08-31 22:00:00,1283,23.5,0.7,92.0,2.5,1000.3,월드컵대교,189882.0,450789.0,22,0,0,8,31,0,-0.5000000000000004,0.8660254037844384,0.0,1.0,1454.0,2483.0,1454.0,2223.6666666666665,1674.7916666666667
C-02,1,2026-08-31 23:00:00,809,23.4,0.3,93.0,1.7,1000.3,월드컵대교,189882.0,450789.0,23,0,0,8,31,0,-0.25881904510252157,0.9659258262890681,0.0,1.0,1283.0,1454.0,1141.0,1740.0,1667.6666666666667
C-02,1,2026-09-01 01:00:00,412,26.9,0.0,74.0,2.1,998.6,월드컵대교,189882.0,450789.0,1,1,0,9,1,0,0.25881904510252074,0.9659258262890683,0.7818314824680298,0.6234898018587336,809.0,1283.0,671.0,1182.0,1653.8333333333333
C-02,1,2026-09-01 02:00:00,297,26.9,0.0,74.0,2.1,998.6,월드컵대교,189882.0,450789.0,2,1,0,9,1,0,0.49999999999999994,0.8660254037844387,0.7818314824680298,0.6234898018587336,412.0,809.0,278.0,834.6666666666666,1643.0416666666667
C-02,1,2026-09-01 03:00:00,261,26.9,0.0,74.0,2.1,998.6,월드컵대교,189882.0,450789.0,3,1,0,9,1,0,0.7071067811865476,0.7071067811865476,0.7818314824680298,0.6234898018587336,297.0,412.0,232.0,506.0,1643.8333333333333
C-02,1,2026-09-01 04:00:00,328,26.9,0.0,74.0,2.1,998.6,월드컵대교,189882.0,450789.0,4,1,0,9,1,0,0.8660254037844386,0.5000000000000001,0.7818314824680298,0.6234898018587336,261.0,297.0,243.0,323.3333333333333,1645.0416666666667
C-02,1,2026-09-01 05:00:00,720,26.9,0.0,74.0,2.1,998.6,월드컵대교,189882.0,450789.0,5,1,0,9,1,0,0.9659258262890683,0.25881904510252074,0.7818314824680298,0.6234898018587336,328.0,261.0,310.0,295.3333333333333,1648.5833333333333
C-02,1,2026-09-01 06:00:00,1446,26.9,0.0,74.0,2.1,998.6,월드컵대교,189882.0,450789.0,6,1,0,9,1,0,1.0,6.123233995736766e-17,0.7818314824680298,0.6234898018587336,720.0,328.0,724.0,436.3333333333333,1665.6666666666667
C-02,1,2026-09-01 07:00:00,2291,26.9,0.0,74.0,2.1,998.6,월드컵대교,189882.0,450789.0,7,1,0,9,1,1,0.9659258262890683,-0.25881904510252063,0.7818314824680298,0.6234898018587336,1446.0,720.0,1522.0,831.3333333333334,1695.75
C-02,1,2026-09-01 08:00:00,2660,26.9,0.0,74.0,2.1,998.6,월드컵대교,189882.0,450789.0,8,1,0,9,1,1,0.8660254037844387,-0.4999999999999998,0.7818314824680298,0.6234898018587336,2291.0,1446.0,2312.0,1485.6666666666667,1727.7916666666667
C-02,1,2026-09-01 09:00:00,2225,26.9,0.0,74.0,2.1,998.6,월드컵대교,189882.0,450789.0,9,1,0,9,1,1,0.7071067811865476,-0.7071067811865475,0.7818314824680298,0.6234898018587336,2660.0,2291.0,2432.0,2132.3333333333335,1742.2916666666667
C-02,1,2026-09-01 10:00:00,1773,26.9,0.0,74.0,2.1,998.6,월드컵대교,189882.0,450789.0,10,1,0,9,1,0,0.49999999999999994,-0.8660254037844387,0.7818314824680298,0.6234898018587336,2225.0,2660.0,2046.0,2392.0,1733.6666666666667
C-02,1,2026-09-01 11:00:00,2139,26.9,0.0,74.0,2.1,998.6,월드컵대교,189882.0,450789.0,11,1,0,9,1,0,0.258819045102521,-0.9659258262890682,0.7818314824680298,0.6234898018587336,1773.0,2225.0,1752.0,2219.3333333333335,1722.2916666666667
C-02,1,2026-09-01 12:00:00,2136,26.9,0.0,74.0,2.1,998.6,월드컵대교,189882.0,450789.0,12,1,0,9,1,0,1.2246467991473532e-16,-1.0,0.7818314824680298,0.6234898018587336,2139.0,1773.0,1862.0,2045.6666666666667,1738.4166666666667
C-02,1,2026-09-01 13:00:00,1848,26.9,0.0,74.0,2.1,998.6,월드컵대교,189882.0,450789.0,13,1,0,9,1,0,-0.2588190451025208,-0.9659258262890683,0.7818314824680298,0.6234898018587336,2136.0,2139.0,1867.0,2016.0,1749.8333333333333
C-02,1,2026-09-01 14:00:00,1948,26.9,0.0,74.0,2.1,998.6,월드컵대교,189882.0,450789.0,14,1,0,9,1,0,-0.4999999999999997,-0.8660254037844388,0.7818314824680298,0.6234898018587336,1848.0,2136.0,2115.0,2041.0,1749.0416666666667
C-02,1,2026-09-01 15:00:00,1961,26.9,0.0,74.0,2.1,998.6,월드컵대교,189882.0,450789.0,15,1,0,9,1,0,-0.7071067811865471,-0.7071067811865479,0.7818314824680298,0.6234898018587336,1948.0,1848.0,2233.0,1977.3333333333333,1742.0833333333333
C-02,1,2026-09-01 16:00:00,2482,26.9,0.0,74.0,2.1,998.6,월드컵대교,189882.0,450789.0,16,1,0,9,1,0,-0.8660254037844385,-0.5000000000000004,0.7818314824680298,0.6234898018587336,1961.0,1948.0,2142.0,1919.0,1730.75
C-02,1,2026-09-01 17:00:00,2994,26.9,0.0,74.0,2.1,998.6,월드컵대교,189882.0,450789.0,17,1,0,9,1,0,-0.9659258262890683,-0.25881904510252063,0.7818314824680298,0.6234898018587336,2482.0,1961.0,2773.0,2130.3333333333335,1744.9166666666667
C-02,1,2026-09-01 18:00:00,2839,26.9,0.0,74.0,2.1,998.6,월드컵대교,189882.0,450789.0,18,1,0,9,1,1,-1.0,-1.8369701987210297e-16,0.7818314824680298,0.6234898018587336,2994.0,2482.0,2753.0,2479.0,1754.125
C-02,1,2026-09-01 19:00:00,2482,26.9,0.0,74.0,2.1,998.6,월드컵대교,189882.0,450789.0,19,1,0,9,1,1,-0.9659258262890684,0.2588190451025203,0.7818314824680298,0.6234898018587336,2839.0,2994.0,2662.0,2771.6666666666665,1757.7083333333333
C-02,1,2026-09-01 20:00:00,2199,26.9,0.0,74.0,2.1,998.6,월드컵대교,189882.0,450789.0,20,1,0,9,1,1,-0.8660254037844386,0.5000000000000001,0.7818314824680298,0.6234898018587336,2482.0,2839.0,2734.0,2771.6666666666665,1750.2083333333333
C-02,1,2026-09-01 21:00:00,1512,26.9,0.0,74.0,2.1,998.6,월드컵대교,189882.0,450789.0,21,1,0,9,1,0,-0.7071067811865477,0.7071067811865474,0.7818314824680298,0.6234898018587336,2199.0,2482.0,2483.0,2506.6666666666665,1727.9166666666667
C-02,1,2026-09-01 22:00:00,1357,26.9,0.0,74.0,2.1,998.6,월드컵대교,189882.0,450789.0,22,1,0,9,1,0,-0.5000000000000004,0.8660254037844384,0.7818314824680298,0.6234898018587336,1512.0,2199.0,1454.0,2064.3333333333335,1687.4583333333333
C-02,1,2026-09-01 23:00:00,893,26.9,0.0,74.0,2.1,998.6,월드컵대교,189882.0,450789.0,23,1,0,9,1,0,-0.25881904510252157,0.9659258262890681,0.7818314824680298,0.6234898018587336,1357.0,1512.0,1283.0,1689.3333333333333,1683.4166666666667
C-02,1,2026-09-03 01:00:00,470,26.9,0.0,74.0,2.1,998.6,월드컵대교,189882.0,450789.0,1,3,0,9,3,0,0.25881904510252074,0.9659258262890683,0.43388373911755823,-0.900968867902419,893.0,1357.0,809.0,1254.0,1667.1666666666667
C-02,1,2026-09-03 02:00:00,359,26.9,0.0,74.0,2.1,998.6,월드컵대교,189882.0,450789.0,2,3,0,9,3,0,0.49999999999999994,0.8660254037844387,0.43388373911755823,-0.900968867902419,470.0,893.0,412.0,906.6666666666666,1653.0416666666667
C-02,1,2026-09-03 03:00:00,298,26.9,0.0,74.0,2.1,998.6,월드컵대교,189882.0,450789.0,3,3,0,9,3,0,0.7071067811865476,0.7071067811865476,0.43388373911755823,-0.900968867902419,359.0,470.0,297.0,574.0,1650.8333333333333
C-02,1,2026-09-03 04:00:00,380,26.9,0.0,74.0,2.1,998.6,월드컵대교,189882.0,450789.0,4,3,0,9,3,0,0.8660254037844386,0.5000000000000001,0.43388373911755823,-0.900968867902419,298.0,359.0,261.0,375.6666666666667,1650.875
C-02,1,2026-09-03 05:00:00,782,26.9,0.0,74.0,2.1,998.6,월드컵대교,189882.0,450789.0,5,3,0,9,3,0,0.9659258262890683,0.25881904510252074,0.43388373911755823,-0.900968867902419,380.0,298.0,328.0,345.6666666666667,1655.8333333333333
C-02,1,2026-09-03 06:00:00,1740,26.9,0.0,74.0,2.1,998.6,월드컵대교,189882.0,450789.0,6,3,0,9,3,0,1.0,6.123233995736766e-17,0.43388373911755823,-0.900968867902419,782.0,380.0,720.0,486.6666666666667,1674.75
C-02,1,2026-09-03 07:00:00,2331,26.9,0.0,74.0,2.1,998.6,월드컵대교,189882.0,450789.0,7,3,0,9,3,1,0.9659258262890683,-0.25881904510252063,0.43388373911755823,-0.900968867902419,1740.0,782.0,1446.0,967.3333333333334,1717.25
C-02,1,2026-09-03 08:00:00,2513,26.9,0.0,74.0,2.1,998.6,월드컵대교,189882.0,450789.0,8,3,0,9,3,1,0.8660254037844387,-0.4999999999999998,0.43388373911755823,-0.900968867902419,2331.0,1740.0,2291.0,1617.6666666666667,1754.125
C-02,1,2026-09-03 09:00:00,2462,26.9,0.0,74.0,2.1,998.6,월드컵대교,189882.0,450789.0,9,3,0,9,3,1,0.7071067811865476,-0.7071067811865475,0.43388373911755823,-0.900968867902419,2513.0,2331.0,2660.0,2194.6666666666665,1763.375
C-02,1,2026-09-03 10:00:00,2058,26.9,0.0,74.0,2.1,998.6,월드컵대교,189882.0,450789.0,10,3,0,9,3,0,0.49999999999999994,-0.8660254037844387,0.43388373911755823,-0.900968867902419,2462.0,2513.0,2225.0,2435.3333333333335,1755.125
C-02,1,2026-09-03 11:00:00,1991,26.9,0.0,74.0,2.1,998.6,월드컵대교,189882.0,450789.0,11,3,0,9,3,0,0.258819045102521,-0.9659258262890682,0.43388373911755823,-0.900968867902419,2058.0,2462.0,1773.0,2344.3333333333335,1748.1666666666667
C-02,1,2026-09-03 12:00:00,2127,26.9,0.0,74.0,2.1,998.6,월드컵대교,189882.0,450789.0,12,3,0,9,3,0,1.2246467991473532e-16,-1.0,0.43388373911755823,-0.900968867902419,1991.0,2058.0,2139.0,2170.3333333333335,1757.25
C-02,1,2026-09-03 13:00:00,1940,26.9,0.0,74.0,2.1,998.6,월드컵대교,189882.0,450789.0,13,3,0,9,3,0,-0.2588190451025208,-0.9659258262890683,0.43388373911755823,-0.900968867902419,2127.0,1991.0,2136.0,2058.6666666666665,1756.75
C-02,1,2026-09-03 14:00:00,2027,26.9,0.0,74.0,2.1,998.6,월드컵대교,189882.0,450789.0,14,3,0,9,3,0,-0.4999999999999997,-0.8660254037844388,0.43388373911755823,-0.900968867902419,1940.0,2127.0,1848.0,2019.3333333333333,1748.5833333333333
C-02,1,2026-09-03 15:00:00,2087,26.9,0.0,74.0,2.1,998.6,월드컵대교,189882.0,450789.0,15,3,0,9,3,0,-0.7071067811865471,-0.7071067811865479,0.43388373911755823,-0.900968867902419,2027.0,1940.0,1948.0,2031.3333333333333,1756.0416666666667
C-02,1,2026-09-03 16:00:00,2809,26.9,0.0,74.0,2.1,998.6,월드컵대교,189882.0,450789.0,16,3,0,9,3,0,-0.8660254037844385,-0.5000000000000004,0.43388373911755823,-0.900968867902419,2087.0,2027.0,1961.0,2018.0,1761.8333333333333
C-02,1,2026-09-03 17:00:00,2348,26.9,0.0,74.0,2.1,998.6,월드컵대교,189882.0,450789.0,17,3,0,9,3,0,-0.9659258262890683,-0.25881904510252063,0.43388373911755823,-0.900968867902419,2809.0,2087.0,2482.0,2307.6666666666665,1797.1666666666667
C-02,1,2026-09-03 18:00:00,2952,26.9,0.0,74.0,2.1,998.6,월드컵대교,189882.0,450789.0,18,3,0,9,3,1,-1.0,-1.8369701987210297e-16,0.43388373911755823,-0.900968867902419,2348.0,2809.0,2994.0,2414.6666666666665,1791.5833333333333
C-02,1,2026-09-03 19:00:00,2271,26.9,0.0,74.0,2.1,998.6,월드컵대교,189882.0,450789.0,19,3,0,9,3,1,-0.9659258262890684,0.2588190451025203,0.43388373911755823,-0.900968867902419,2952.0,2348.0,2839.0,2703.0,1789.8333333333333
C-02,1,2026-09-03 20:00:00,2255,26.9,0.0,74.0,2.1,998.6,월드컵대교,189882.0,450789.0,20,3,0,9,3,1,-0.8660254037844386,0.5000000000000001,0.43388373911755823,-0.900968867902419,2271.0,2952.0,2482.0,2523.6666666666665,1766.1666666666667
C-02,1,2026-09-03 21:00:00,1770,26.9,0.0,74.0,2.1,998.6,월드컵대교,189882.0,450789.0,21,3,0,9,3,0,-0.7071067811865477,0.7071067811865474,0.43388373911755823,-0.900968867902419,2255.0,2271.0,2199.0,2492.6666666666665,1756.7083333333333
C-02,1,2026-09-03 22:00:00,1499,26.9,0.0,74.0,2.1,998.6,월드컵대교,189882.0,450789.0,22,3,0,9,3,0,-0.5000000000000004,0.8660254037844384,0.43388373911755823,-0.900968867902419,1770.0,2255.0,1512.0,2098.6666666666665,1738.8333333333333
C-02,1,2026-09-03 23:00:00,983,26.9,0.0,74.0,2.1,998.6,월드컵대교,189882.0,450789.0,23,3,0,9,3,0,-0.25881904510252157,0.9659258262890681,0.43388373911755823,-0.900968867902419,1499.0,1770.0,1357.0,1841.3333333333333,1738.2916666666667
C-02,2,2026-08-06 02:00:00,259,30.4,0.0,78.0,2.1,997.3,월드컵대교,189882.0,450789.0,2,3,0,8,6,0,0.49999999999999994,0.8660254037844387,0.43388373911755823,-0.900968867902419,399.0,776.0,303.0,1064.0,1543.125
C-02,2,2026-08-06 03:00:00,247,30.2,0.0,75.0,1.7,997.3,월드컵대교,189882.0,450789.0,3,3,0,8,6,0,0.7071067811865476,0.7071067811865476,0.43388373911755823,-0.900968867902419,259.0,399.0,238.0,478.0,1541.2916666666667
C-02,2,2026-08-06 04:00:00,414,29.8,0.0,67.0,2.3,997.7,월드컵대교,189882.0,450789.0,4,3,0,8,6,0,0.8660254037844386,0.5000000000000001,0.43388373911755823,-0.900968867902419,247.0,259.0,226.0,301.6666666666667,1541.6666666666667
C-02,2,2026-08-06 05:00:00,1006,29.4,0.0,67.0,2.3,997.9,월드컵대교,189882.0,450789.0,5,3,0,8,6,0,0.9659258262890683,0.25881904510252074,0.43388373911755823,-0.900968867902419,414.0,247.0,415.0,306.6666666666667,1549.5
C-02,2,2026-08-06 06:00:00,2162,29.1,0.0,68.0,2.2,998.0,월드컵대교,189882.0,450789.0,6,3,0,8,6,0,1.0,6.123233995736766e-17,0.43388373911755823,-0.900968867902419,1006.0,414.0,950.0,555.6666666666666,1574.125
C-02,2,2026-08-06 07:00:00,2935,29.2,0.0,71.0,2.9,998.3,월드컵대교,189882.0,450789.0,7,3,0,8,6,1,0.9659258262890683,-0.25881904510252063,0.43388373911755823,-0.900968867902419,2162.0,1006.0,2121.0,1194.0,1624.625
C-02,2,2026-08-06 08:00:00,2972,30.5,0.0,70.0,2.9,997.9,월드컵대교,189882.0,450789.0,8,3,0,8,6,1,0.8660254037844387,-0.4999999999999998,0.43388373911755823,-0.900968867902419,2935.0,2162.0,2996.0,2034.3333333333333,1658.5416666666667
C-02,2,2026-08-06 09:00:00,2622,32.0,0.0,65.0,2.5,997.7,월드컵대교,189882.0,450789.0,9,3,0,8,6,1,0.7071067811865476,-0.7071067811865475,0.43388373911755823,-0.900968867902419,2972.0,2935.0,2774.0,2689.6666666666665,1657.5416666666667
C-02,2,2026-08-06 10:00:00,2241,33.1,0.0,65.0,2.5,997.7,월드컵대교,189882.0,450789.0,10,3,0,8,6,0,0.49999999999999994,-0.8660254037844387,0.43388373911755823,-0.900968867902419,2622.0,2972.0,2561.0,2843.0,1651.2083333333333
C-02,2,2026-08-06 11:00:00,1978,33.9,0.0,59.0,2.0,997.1,월드컵대교,189882.0,450789.0,11,3,0,8,6,0,0.258819045102521,-0.9659258262890682,0.43388373911755823,-0.900968867902419,2241.0,2622.0,2204.0,2611.6666666666665,1637.875
C-02,2,2026-08-06 12:00:00,1894,34.3,0.0,56.0,2.2,996.4,월드컵대교,189882.0,450789.0,12,3,0,8,6,0,1.2246467991473532e-16,-1.0,0.43388373911755823,-0.900968867902419,1978.0,2241.0,1873.0,2280.3333333333335,1628.4583333333333
C-02,2,2026-08-06 13:00:00,2050,35.2,0.0,50.0,1.3,996.0,월드컵대교,189882.0,450789.0,13,3,0,8,6,0,-0.2588190451025208,-0.9659258262890683,0.43388373911755823,-0.900968867902419,1894.0,1978.0,1143.0,2037.6666666666667,1629.3333333333333
C-02,2,2026-08-06 14:00:00,1859,36.0,0.0,43.0,2.4,995.3,월드컵대교,189882.0,450789.0,14,3,0,8,6,0,-0.4999999999999997,-0.8660254037844388,0.43388373911755823,-0.900968867902419,2050.0,1894.0,896.0,1974.0,1667.125
C-02,2,2026-08-06 15:00:00,2093,37.4,0.0,38.0,2.5,994.8,월드컵대교,189882.0,450789.0,15,3,0,8,6,0,-0.7071067811865471,-0.7071067811865479,0.43388373911755823,-0.900968867902419,1859.0,2050.0,1938.0,1934.3333333333333,1707.25
C-02,2,2026-08-06 16:00:00,2233,37.8,0.0,39.0,1.9,994.5,월드컵대교,189882.0,450789.0,16,3,0,8,6,0,-0.8660254037844385,-0.5000000000000004,0.43388373911755823,-0.900968867902419,2093.0,1859.0,1803.0,2000.6666666666667,1713.7083333333333
C-02,2,2026-08-06 17:00:00,2098,37.7,0.0,38.0,1.4,994.5,월드컵대교,189882.0,450789.0,17,3,0,8,6,0,-0.9659258262890683,-0.25881904510252063,0.43388373911755823,-0.900968867902419,2233.0,2093.0,2171.0,2061.6666666666665,1731.625
C-02,2,2026-08-06 18:00:00,2222,36.5,0.0,54.0,2.4,994.3,월드컵대교,189882.0,450789.0,18,3,0,8,6,1,-1.0,-1.8369701987210297e-16,0.43388373911755823,-0.900968867902419,2098.0,2233.0,2309.0,2141.3333333333335,1728.5833333333333
C-02,2,2026-08-06 19:00:00,1610,34.6,0.0,60.0,2.6,994.7,월드컵대교,189882.0,450789.0,19,3,0,8,6,1,-0.9659258262890684,0.2588190451025203,0.43388373911755823,-0.900968867902419,2222.0,2098.0,2221.0,2184.3333333333335,1724.9583333333333
C-02,2,2026-08-06 20:00:00,1399,33.2,0.0,65.0,2.8,994.8,월드컵대교,189882.0,450789.0,20,3,0,8,6,1,-0.8660254037844386,0.5000000000000001,0.43388373911755823,-0.900968867902419,1610.0,2222.0,1620.0,1976.6666666666667,1699.5
C-02,2,2026-08-06 21:00:00,1487,32.6,0.0,67.0,1.2,995.2,월드컵대교,189882.0,450789.0,21,3,0,8,6,0,-0.7071067811865477,0.7071067811865474,0.43388373911755823,-0.900968867902419,1399.0,1610.0,1395.0,1743.6666666666667,1690.2916666666667
C-02,2,2026-08-06 22:00:00,1184,32.1,0.0,70.0,2.1,995.5,월드컵대교,189882.0,450789.0,22,3,0,8,6,0,-0.5000000000000004,0.8660254037844384,0.43388373911755823,-0.900968867902419,1487.0,1399.0,1686.0,1498.6666666666667,1694.125
C-02,2,2026-08-06 23:00:00,779,31.7,0.0,72.0,0.2,995.5,월드컵대교,189882.0,450789.0,23,3,0,8,6,0,-0.25881904510252157,0.9659258262890681,0.43388373911755823,-0.900968867902419,1184.0,1487.0,2017.0,1356.6666666666667,1673.2083333333333
C-02,2,2026-08-07 01:00:00,287,31.1,0.0,75.0,1.0,995.4,월드컵대교,189882.0,450789.0,1,4,0,8,7,0,0.25881904510252074,0.9659258262890683,-0.433883739117558,-0.9009688679024191,779.0,1184.0,776.0,1150.0,1621.625
C-02,2,2026-08-07 02:00:00,274,30.8,0.0,70.0,1.5,995.3,월드컵대교,189882.0,450789.0,2,4,0,8,7,0,0.49999999999999994,0.8660254037844387,-0.433883739117558,-0.9009688679024191,287.0,779.0,399.0,750.0,1601.25
C-02,2,2026-08-07 03:00:00,245,30.3,0.0,69.0,1.8,995.3,월드컵대교,189882.0,450789.0,3,4,0,8,7,0,0.7071067811865476,0.7071067811865476,-0.433883739117558,-0.9009688679024191,274.0,287.0,259.0,446.6666666666667,1596.0416666666667
C-02,2,2026-08-07 04:00:00,401,29.7,0.0,70.0,2.1,995.4,월드컵대교,189882.0,450789.0,4,4,0,8,7,0,0.8660254037844386,0.5000000000000001,-0.433883739117558,-0.9009688679024191,245.0,274.0,247.0,268.6666666666667,1595.4583333333333
C-02,2,2026-08-07 05:00:00,898,29.1,0.0,71.0,2.1,995.5,월드컵대교,189882.0,450789.0,5,4,0,8,7,0,0.9659258262890683,0.25881904510252074,-0.433883739117558,-0.9009688679024191,401.0,245.0,414.0,306.6666666666667,1601.875
C-02,2,2026-08-07 06:00:00,1928,28.7,0.0,73.0,1.7,995.6,월드컵대교,189882.0,450789.0,6,4,0,8,7,0,1.0,6.123233995736766e-17,-0.433883739117558,-0.9009688679024191,898.0,401.0,1006.0,514.6666666666666,1622.0416666666667
C-02,2,2026-08-07 07:00:00,2744,29.0,0.0,72.0,2.4,995.7,월드컵대교,189882.0,450789.0,7,4,0,8,7,1,0.9659258262890683,-0.25881904510252063,-0.433883739117558,-0.9009688679024191,1928.0,898.0,2162.0,1075.6666666666667,1660.4583333333333
C-02,2,2026-08-07 08:00:00,2678,30.5,0.0,67.0,2.5,995.6,월드컵대교,189882.0,450789.0,8,4,0,8,7,1,0.8660254037844387,-0.4999999999999998,-0.433883739117558,-0.9009688679024191,2744.0,1928.0,2935.0,1856.6666666666667,1684.7083333333333
C-02,2,2026-08-07 09:00:00,2532,32.3,0.0,61.0,2.3,995.7,월드컵대교,189882.0,450789.0,9,4,0,8,7,1,0.7071067811865476,-0.7071067811865475,-0.433883739117558,-0.9009688679024191,2678.0,2744.0,2972.0,2450.0,1674.0
C-02,2,2026-08-07 10:00:00,2308,33.9,0.0,55.0,3.0,995.7,월드컵대교,189882.0,450789.0,10,4,0,8,7,0,0.49999999999999994,-0.8660254037844387,-0.433883739117558,-0.9009688679024191,2532.0,2678.0,2622.0,2651.3333333333335,1655.6666666666667
C-02,2,2026-08-07 11:00:00,2058,35.0,0.0,51.0,1.6,995.5,월드컵대교,189882.0,450789.0,11,4,0,8,7,0,0.258819045102521,-0.9659258262890682,-0.433883739117558,-0.9009688679024191,2308.0,2532.0,2241.0,2506.0,1642.5833333333333
C-02,2,2026-08-07 12:00:00,1735,34.7,0.0,50.0,0.9,995.1,월드컵대교,189882.0,450789.0,12,4,0,8,7,0,1.2246467991473532e-16,-1.0,-0.433883739117558,-0.9009688679024191,2058.0,2308.0,1978.0,2299.3333333333335,1634.9583333333333
C-02,2,2026-08-07 13:00:00,1949,35.3,0.0,49.0,1.1,994.6,월드컵대교,189882.0,450789.0,13,4,0,8,7,0,-0.2588190451025208,-0.9659258262890683,-0.433883739117558,-0.9009688679024191,1735.0,2058.0,1894.0,2033.6666666666667,1624.8333333333333
C-02,2,2026-08-07 14:00:00,2102,37.1,0.0,47.0,2.4,994.0,월드컵대교,189882.0,450789.0,14,4,0,8,7,0,-0.4999999999999997,-0.8660254037844388,-0.433883739117558,-0.9009688679024191,1949.0,1735.0,2050.0,1914.0,1627.125
C-02,2,2026-08-07 15:00:00,2228,37.6,0.0,46.0,3.1,993.5,월드컵대교,189882.0,450789.0,15,4,0,8,7,0,-0.7071067811865471,-0.7071067811865479,-0.433883739117558,-0.9009688679024191,2102.0,1949.0,1859.0,1928.6666666666667,1629.2916666666667
C-02,2,2026-08-07 16:00:00,2501,37.5,0.0,46.0,1.6,993.0,월드컵대교,189882.0,450789.0,16,4,0,8,7,0,-0.8660254037844385,-0.5000000000000004,-0.433883739117558,-0.9009688679024191,2228.0,2102.0,2093.0,2093.0,1644.6666666666667
C-02,2,2026-08-07 17:00:00,2494,37.2,0.0,48.0,3.2,993.0,월드컵대교,189882.0,450789.0,17,4,0,8,7,0,-0.9659258262890683,-0.25881904510252063,-0.433883739117558,-0.9009688679024191,2501.0,2228.0,2233.0,2277.0,1661.6666666666667
C-02,2,2026-08-07 18:00:00,2169,36.4,0.0,51.0,3.2,993.0,월드컵대교,189882.0,450789.0,18,4,0,8,7,1,-1.0,-1.8369701987210297e-16,-0.433883739117558,-0.9009688679024191,2494.0,2501.0,2098.0,2407.6666666666665,1672.5416666666667
C-02,2,2026-08-07 19:00:00,1452,35.0,0.0,57.0,3.3,993.2,월드컵대교,189882.0,450789.0,19,4,0,8,7,1,-0.9659258262890684,0.2588190451025203,-0.433883739117558,-0.9009688679024191,2169.0,2494.0,2222.0,2388.0,1675.5
C-02,2,2026-08-07 20:00:00,1534,33.8,0.0,59.0,3.2,993.9,월드컵대교,189882.0,450789.0,20,4,0,8,7,1,-0.8660254037844386,0.5000000000000001,-0.433883739117558,-0.9009688679024191,1452.0,2169.0,1610.0,2038.3333333333333,1643.4166666666667
C-02,2,2026-08-07 21:00:00,1421,33.2,0.0,60.0,1.2,994.4,월드컵대교,189882.0,450789.0,21,4,0,8,7,0,-0.7071067811865477,0.7071067811865474,-0.433883739117558,-0.9009688679024191,1534.0,1452.0,1399.0,1718.3333333333333,1640.25
C-02,2,2026-08-07 22:00:00,1321,32.5,0.0,60.0,0.4,994.8,월드컵대교,189882.0,450789.0,22,4,0,8,7,0,-0.5000000000000004,0.8660254037844384,-0.433883739117558,-0.9009688679024191,1421.0,1534.0,1487.0,1469.0,1641.1666666666667
C-02,2,2026-08-07 23:00:00,842,32.0,0.0,59.0,0.8,994.9,월드컵대교,189882.0,450789.0,23,4,0,8,7,0,-0.25881904510252157,0.9659258262890681,-0.433883739117558,-0.9009688679024191,1321.0,1421.0,1184.0,1425.3333333333333,1634.25
C-02,2,2026-08-08 01:00:00,435,30.9,0.0,65.0,1.9,994.7,월드컵대교,189882.0,450789.0,1,5,1,8,8,0,0.25881904510252074,0.9659258262890683,-0.9749279121818236,-0.2225209339563146,842.0,1321.0,779.0,1194.6666666666667,1620.0
C-02,2,2026-08-08 02:00:00,360,30.7,0.0,67.0,2.6,994.6,월드컵대교,189882.0,450789.0,2,5,1,8,8,0,0.49999999999999994,0.8660254037844387,-0.9749279121818236,-0.2225209339563146,435.0,842.0,287.0,866.0,1605.6666666666667
C-02,2,2026-08-08 03:00:00,283,30.2,0.0,66.0,2.9,994.9,월드컵대교,189882.0,450789.0,3,5,1,8,8,0,0.7071067811865476,0.7071067811865476,-0.9749279121818236,-0.2225209339563146,360.0,435.0,274.0,545.6666666666666,1608.7083333333333
C-02,2,2026-08-08 04:00:00,398,29.7,0.0,69.0,2.7,995.6,월드컵대교,189882.0,450789.0,4,5,1,8,8,0,0.8660254037844386,0.5000000000000001,-0.9749279121818236,-0.2225209339563146,283.0,360.0,245.0,359.3333333333333,1609.0833333333333
C-02,2,2026-08-08 05:00:00,740,29.6,0.0,67.0,3.0,996.1,월드컵대교,189882.0,450789.0,5,5,1,8,8,0,0.9659258262890683,0.25881904510252074,-0.9749279121818236,-0.2225209339563146,398.0,283.0,401.0,347.0,1615.4583333333333
C-02,2,2026-08-08 06:00:00,1039,29.2,0.0,64.0,4.6,996.6,월드컵대교,189882.0,450789.0,6,5,1,8,8,0,1.0,6.123233995736766e-17,-0.9749279121818236,-0.2225209339563146,740.0,398.0,898.0,473.6666666666667,1629.5833333333333
C-02,2,2026-08-08 07:00:00,1281,29.2,0.0,65.0,4.7,997.1,월드컵대교,189882.0,450789.0,7,5,1,8,8,0,0.9659258262890683,-0.25881904510252063,-0.9749279121818236,-0.2225209339563146,1039.0,740.0,1928.0,725.6666666666666,1635.4583333333333
C-02,2,2026-08-08 08:00:00,1815,30.5,0.0,62.0,3.9,997.5,월드컵대교,189882.0,450789.0,8,5,1,8,8,0,0.8660254037844387,-0.4999999999999998,-0.9749279121818236,-0.2225209339563146,1281.0,1039.0,2744.0,1020.0,1608.5
C-02,2,2026-08-08 09:00:00,1620,32.0,0.0,57.0,3.0,997.7,월드컵대교,189882.0,450789.0,9,5,1,8,8,0,0.7071067811865476,-0.7071067811865475,-0.9749279121818236,-0.2225209339563146,1815.0,1281.0,2678.0,1378.3333333333333,1569.7916666666667
C-02,2,2026-08-08 10:00:00,2193,33.5,0.0,54.0,3.6,997.7,월드컵대교,189882.0,450789.0,10,5,1,8,8,0,0.49999999999999994,-0.8660254037844387,-0.9749279121818236,-0.2225209339563146,1620.0,1815.0,2532.0,1572.0,1525.7083333333333
C-02,2,2026-08-08 11:00:00,1879,34.7,0.0,50.0,3.6,997.6,월드컵대교,189882.0,450789.0,11,5,1,8,8,0,0.258819045102521,-0.9659258262890682,-0.9749279121818236,-0.2225209339563146,2193.0,1620.0,2308.0,1876.0,1511.5833333333333
C-02,2,2026-08-08 12:00:00,2170,35.3,0.0,50.0,3.8,997.3,월드컵대교,189882.0,450789.0,12,5,1,8,8,0,1.2246467991473532e-16,-1.0,-0.9749279121818236,-0.2225209339563146,1879.0,2193.0,2058.0,1897.3333333333333,1493.7083333333333
C-02,2,2026-08-08 13:00:00,2219,36.2,0.0,48.0,3.5,996.7,월드컵대교,189882.0,450789.0,13,5,1,8,8,0,-0.2588190451025208,-0.9659258262890683,-0.9749279121818236,-0.2225209339563146,2170.0,1879.0,1735.0,2080.6666666666665,1498.375
C-02,2,2026-08-08 14:00:00,2063,36.7,0.0,47.0,3.9,996.1,월드컵대교,189882.0,450789.0,14,5,1,8,8,0,-0.4999999999999997,-0.8660254037844388,-0.9749279121818236,-0.2225209339563146,2219.0,2170.0,1949.0,2089.3333333333335,1518.5416666666667
C-02,2,2026-08-08 15:00:00,2265,36.4,0.0,46.0,4.3,995.6,월드컵대교,189882.0,450789.0,15,5,1,8,8,0,-0.7071067811865471,-0.7071067811865479,-0.9749279121818236,-0.2225209339563146,2063.0,2219.0,2102.0,2150.6666666666665,1523.2916666666667
C-02,2,2026-08-08 16:00:00,1915,35.6,0.0,45.0,4.4,996.0,월드컵대교,189882.0,450789.0,16,5,1,8,8,0,-0.8660254037844385,-0.5000000000000004,-0.9749279121818236,-0.2225209339563146,2265.0,2063.0,2228.0,2182.3333333333335,1530.0833333333333
C-02,2,2026-08-08 17:00:00,1993,34.3,0.0,48.0,4.6,996.5,월드컵대교,189882.0,450789.0,17,5,1,8,8,0,-0.9659258262890683,-0.25881904510252063,-0.9749279121818236,-0.2225209339563146,1915.0,2265.0,2501.0,2081.0,1517.0416666666667
C-02,2,2026-08-08 18:00:00,1786,32.7,0.0,51.0,5.2,996.6,월드컵대교,189882.0,450789.0,18,5,1,8,8,0,-1.0,-1.8369701987210297e-16,-0.9749279121818236,-0.2225209339563146,1993.0,1915.0,2494.0,2057.6666666666665,1495.875
C-02,2,2026-08-08 19:00:00,1418,30.9,0.0,54.0,4.4,997.0,월드컵대교,189882.0,450789.0,19,5,1,8,8,0,-0.9659258262890684,0.2588190451025203,-0.9749279121818236,-0.2225209339563146,1786.0,1993.0,2169.0,1898.0,1466.375
C-02,2,2026-08-08 20:00:00,1591,29.3,0.0,57.0,4.2,997.4,월드컵대교,189882.0,450789.0,20,5,1,8,8,0,-0.8660254037844386,0.5000000000000001,-0.9749279121818236,-0.2225209339563146,1418.0,1786.0,1452.0,1732.3333333333333,1435.0833333333333
C-02,2,2026-08-08 21:00:00,1535,28.0,0.0,58.0,4.8,998.3,월드컵대교,189882.0,450789.0,21,5,1,8,8,0,-0.7071067811865477,0.7071067811865474,-0.9749279121818236,-0.2225209339563146,1591.0,1418.0,1534.0,1598.3333333333333,1440.875
C-02,2,2026-08-08 22:00:00,1141,27.1,0.0,60.0,4.9,998.9,월드컵대교,189882.0,450789.0,22,5,1,8,8,0,-0.5000000000000004,0.8660254037844384,-0.9749279121818236,-0.2225209339563146,1535.0,1591.0,1421.0,1514.6666666666667,1440.9166666666667
C-02,2,2026-08-08 23:00:00,774,26.3,0.0,62.0,4.0,999.2,월드컵대교,189882.0,450789.0,23,5,1,8,8,0,-0.25881904510252157,0.9659258262890681,-0.9749279121818236,-0.2225209339563146,1141.0,1535.0,1321.0,1422.3333333333333,1429.25
C-02,2,2026-08-09 01:00:00,418,25.3,0.0,64.0,3.5,998.9,월드컵대교,189882.0,450789.0,1,6,1,8,9,0,0.25881904510252074,0.9659258262890683,-0.7818314824680299,0.6234898018587334,774.0,1141.0,842.0,1150.0,1406.4583333333333
C-02,2,2026-08-09 02:00:00,284,25.0,0.0,63.0,3.8,998.8,월드컵대교,189882.0,450789.0,2,6,1,8,9,0,0.49999999999999994,0.8660254037844387,-0.7818314824680299,0.6234898018587334,418.0,774.0,435.0,777.6666666666666,1388.7916666666667
C-02,2,2026-08-09 03:00:00,199,24.7,0.0,65.0,3.5,998.7,월드컵대교,189882.0,450789.0,3,6,1,8,9,0,0.7071067811865476,0.7071067811865476,-0.7818314824680299,0.6234898018587334,284.0,418.0,360.0,492.0,1382.5
C-02,2,2026-08-09 04:00:00,230,24.8,0.0,64.0,3.7,998.9,월드컵대교,189882.0,450789.0,4,6,1,8,9,0,0.8660254037844386,0.5000000000000001,-0.7818314824680299,0.6234898018587334,199.0,284.0,283.0,300.3333333333333,1375.7916666666667
C-02,2,2026-08-09 05:00:00,403,24.8,0.0,62.0,2.7,999.0,월드컵대교,189882.0,450789.0,5,6,1,8,9,0,0.9659258262890683,0.25881904510252074,-0.7818314824680299,0.6234898018587334,230.0,199.0,398.0,237.66666666666666,1373.5833333333333
C-02,2,2026-08-09 06:00:00,534,24.6,0.0,62.0,2.8,999.7,월드컵대교,189882.0,450789.0,6,6,1,8,9,0,1.0,6.123233995736766e-17,-0.7818314824680299,0.6234898018587334,403.0,230.0,740.0,277.3333333333333,1373.7916666666667
C-02,2,2026-08-09 07:00:00,787,25.3,0.0,58.0,3.7,999.9,월드컵대교,189882.0,450789.0,7,6,1,8,9,0,0.9659258262890683,-0.25881904510252063,-0.7818314824680299,0.6234898018587334,534.0,403.0,1039.0,389.0,1365.2083333333333
C-02,2,2026-08-09 08:00:00,1330,26.9,0.0,56.0,3.1,999.7,월드컵대교,189882.0,450789.0,8,6,1,8,9,0,0.8660254037844387,-0.4999999999999998,-0.7818314824680299,0.6234898018587334,787.0,534.0,1281.0,574.6666666666666,1354.7083333333333
C-02,2,2026-08-09 09:00:00,1687,28.2,0.0,55.0,4.6,999.7,월드컵대교,189882.0,450789.0,9,6,1,8,9,0,0.7071067811865476,-0.7071067811865475,-0.7818314824680299,0.6234898018587334,1330.0,787.0,1815.0,883.6666666666666,1356.75
C-02,2,2026-08-09 10:00:00,1911,29.6,0.0,55.0,5.5,999.8,월드컵대교,189882.0,450789.0,10,6,1,8,9,0,0.49999999999999994,-0.8660254037844387,-0.7818314824680299,0.6234898018587334,1687.0,1330.0,1620.0,1268.0,1351.4166666666667
C-02,2,2026-08-09 11:00:00,1952,29.8,0.0,54.0,5.0,999.9,월드컵대교,189882.0,450789.0,11,6,1,8,9,0,0.258819045102521,-0.9659258262890682,-0.7818314824680299,0.6234898018587334,1911.0,1687.0,2193.0,1642.6666666666667,1363.5416666666667
C-02,2,2026-08-09 12:00:00,1851,29.9,0.0,54.0,4.9,999.4,월드컵대교,189882.0,450789.0,12,6,1,8,9,0,1.2246467991473532e-16,-1.0,-0.7818314824680299,0.6234898018587334,1952.0,1911.0,1879.0,1850.0,1353.5
C-02,2,2026-08-09 13:00:00,1901,30.7,0.0,54.0,4.2,999.3,월드컵대교,189882.0,450789.0,13,6,1,8,9,0,-0.2588190451025208,-0.9659258262890683,-0.7818314824680299,0.6234898018587334,1851.0,1952.0,2170.0,1904.6666666666667,1352.3333333333333
C-02,2,2026-08-09 14:00:00,1821,31.6,0.0,52.0,3.9,998.9,월드컵대교,189882.0,450789.0,14,6,1,8,9,0,-0.4999999999999997,-0.8660254037844388,-0.7818314824680299,0.6234898018587334,1901.0,1851.0,2219.0,1901.3333333333333,1341.125
C-02,2,2026-08-09 15:00:00,1916,31.4,0.0,53.0,4.4,998.7,월드컵대교,189882.0,450789.0,15,6,1,8,9,0,-0.7071067811865471,-0.7071067811865479,-0.7818314824680299,0.6234898018587334,1821.0,1901.0,2063.0,1857.6666666666667,1324.5416666666667
C-02,2,2026-08-09 16:00:00,1920,31.4,0.0,52.0,4.1,998.6,월드컵대교,189882.0,450789.0,16,6,1,8,9,0,-0.8660254037844385,-0.5000000000000004,-0.7818314824680299,0.6234898018587334,1916.0,1821.0,2265.0,1879.3333333333333,1318.4166666666667
C-02,2,2026-08-09 17:00:00,1860,30.2,0.0,55.0,5.2,998.8,월드컵대교,189882.0,450789.0,17,6,1,8,9,0,-0.9659258262890683,-0.25881904510252063,-0.7818314824680299,0.6234898018587334,1920.0,1916.0,1915.0,1885.6666666666667,1304.0416666666667
C-02,2,2026-08-09 18:00:00,1655,29.2,0.0,57.0,4.7,998.9,월드컵대교,189882.0,450789.0,18,6,1,8,9,0,-1.0,-1.8369701987210297e-16,-0.7818314824680299,0.6234898018587334,1860.0,1920.0,1993.0,1898.6666666666667,1301.75
C-02,2,2026-08-09 19:00:00,1427,28.6,0.0,58.0,4.9,999.7,월드컵대교,189882.0,450789.0,19,6,1,8,9,0,-0.9659258262890684,0.2588190451025203,-0.7818314824680299,0.6234898018587334,1655.0,1860.0,1786.0,1811.6666666666667,1287.6666666666667
C-02,2,2026-08-09 20:00:00,1539,27.8,0.0,60.0,4.1,1000.3,월드컵대교,189882.0,450789.0,20,6,1,8,9,0,-0.8660254037844386,0.5000000000000001,-0.7818314824680299,0.6234898018587334,1427.0,1655.0,1418.0,1647.3333333333333,1272.7083333333333
C-02,2,2026-08-09 21:00:00,1533,27.2,0.0,61.0,3.3,1000.9,월드컵대교,189882.0,450789.0,21,6,1,8,9,0,-0.7071067811865477,0.7071067811865474,-0.7818314824680299,0.6234898018587334,1539.0,1427.0,1591.0,1540.3333333333333,1277.75
C-02,2,2026-08-09 22:00:00,1832,26.8,0.0,63.0,4.0,1001.1,월드컵대교,189882.0,450789.0,22,6,1,8,9,0,-0.5000000000000004,0.8660254037844384,-0.7818314824680299,0.6234898018587334,1533.0,1539.0,1535.0,1499.6666666666667,1275.3333333333333
C-02,2,2026-08-09 23:00:00,1477,26.3,0.0,64.0,4.0,1001.4,월드컵대교,189882.0,450789.0,23,6,1,8,9,0,-0.25881904510252157,0.9659258262890681,-0.7818314824680299,0.6234898018587334,1832.0,1533.0,1141.0,1634.6666666666667,1287.7083333333333
C-02,2,2026-08-10 01:00:00,250,25.5,0.0,66.0,4.6,1001.2,월드컵대교,189882.0,450789.0,1,0,0,8,10,0,0.25881904510252074,0.9659258262890683,0.0,1.0,1477.0,1832.0,774.0,1614.0,1301.7083333333333
C-02,2,2026-08-10 02:00:00,215,25.3,0.0,67.0,3.0,1000.8,월드컵대교,189882.0,450789.0,2,0,0,8,10,0,0.49999999999999994,0.8660254037844387,0.0,1.0,250.0,1477.0,418.0,1186.3333333333333,1279.875
C-02,2,2026-08-10 03:00:00,243,25.2,0.0,67.0,2.7,1000.9,월드컵대교,189882.0,450789.0,3,0,0,8,10,0,0.7071067811865476,0.7071067811865476,0.0,1.0,215.0,250.0,284.0,647.3333333333334,1271.4166666666667
C-02,2,2026-08-10 04:00:00,481,25.1,0.0,69.0,3.2,1001.1,월드컵대교,189882.0,450789.0,4,0,0,8,10,0,0.8660254037844386,0.5000000000000001,0.0,1.0,243.0,215.0,199.0,236.0,1269.7083333333333
C-02,2,2026-08-10 05:00:00,1193,24.8,0.0,70.0,3.0,1001.1,월드컵대교,189882.0,450789.0,5,0,0,8,10,0,0.9659258262890683,0.25881904510252074,0.0,1.0,481.0,243.0,230.0,313.0,1281.4583333333333
C-02,2,2026-08-10 06:00:00,2338,24.9,0.0,70.0,3.0,1001.6,월드컵대교,189882.0,450789.0,6,0,0,8,10,0,1.0,6.123233995736766e-17,0.0,1.0,1193.0,481.0,403.0,639.0,1321.5833333333333
C-02,2,2026-08-10 07:00:00,3103,25.2,0.0,68.0,3.2,1001.8,월드컵대교,189882.0,450789.0,7,0,0,8,10,1,0.9659258262890683,-0.25881904510252063,0.0,1.0,2338.0,1193.0,534.0,1337.3333333333333,1402.2083333333333
C-02,2,2026-08-10 08:00:00,2660,26.1,0.0,66.0,3.1,1001.9,월드컵대교,189882.0,450789.0,8,0,0,8,10,1,0.8660254037844387,-0.4999999999999998,0.0,1.0,3103.0,2338.0,787.0,2211.3333333333335,1509.25
C-02,2,2026-08-10 09:00:00,2563,27.3,0.0,63.0,3.2,1002.1,월드컵대교,189882.0,450789.0,9,0,0,8,10,1,0.7071067811865476,-0.7071067811865475,0.0,1.0,2660.0,3103.0,1330.0,2700.3333333333335,1587.2916666666667
C-02,2,2026-08-10 10:00:00,2007,28.5,0.0,58.0,3.7,1002.0,월드컵대교,189882.0,450789.0,10,0,0,8,10,0,0.49999999999999994,-0.8660254037844387,0.0,1.0,2563.0,2660.0,1687.0,2775.3333333333335,1638.6666666666667
C-02,2,2026-08-10 11:00:00,1787,30.4,0.0,53.0,3.1,1001.6,월드컵대교,189882.0,450789.0,11,0,0,8,10,0,0.258819045102521,-0.9659258262890682,0.0,1.0,2007.0,2563.0,1911.0,2410.0,1652.0
C-02,2,2026-08-10 12:00:00,1574,31.4,0.0,51.0,3.1,1001.1,월드컵대교,189882.0,450789.0,12,0,0,8,10,0,1.2246467991473532e-16,-1.0,0.0,1.0,1787.0,2007.0,1952.0,2119.0,1646.8333333333333
C-02,2,2026-08-10 13:00:00,1765,32.9,0.0,47.0,2.0,1000.5,월드컵대교,189882.0,450789.0,13,0,0,8,10,0,-0.2588190451025208,-0.9659258262890683,0.0,1.0,1574.0,1787.0,1851.0,1789.3333333333333,1631.0833333333333
C-02,2,2026-08-10 14:00:00,1592,33.3,0.0,43.0,2.1,1000.1,월드컵대교,189882.0,450789.0,14,0,0,8,10,0,-0.4999999999999997,-0.8660254037844388,0.0,1.0,1765.0,1574.0,1901.0,1708.6666666666667,1627.5
C-02,2,2026-08-10 15:00:00,1818,34.2,0.0,43.0,2.5,999.8,월드컵대교,189882.0,450789.0,15,0,0,8,10,0,-0.7071067811865471,-0.7071067811865479,0.0,1.0,1592.0,1765.0,1821.0,1643.6666666666667,1614.625
C-02,2,2026-08-10 16:00:00,2065,34.0,0.0,44.0,1.6,999.4,월드컵대교,189882.0,450789.0,16,0,0,8,10,0,-0.8660254037844385,-0.5000000000000004,0.0,1.0,1818.0,1592.0,1916.0,1725.0,1614.5
C-02,2,2026-08-10 17:00:00,2470,32.9,0.0,47.0,3.4,999.3,월드컵대교,189882.0,450789.0,17,0,0,8,10,0,-0.9659258262890683,-0.25881904510252063,0.0,1.0,2065.0,1818.0,1920.0,1825.0,1620.7083333333333
C-02,2,2026-08-10 18:00:00,2408,32.4,0.0,48.0,2.1,999.2,월드컵대교,189882.0,450789.0,18,0,0,8,10,1,-1.0,-1.8369701987210297e-16,0.0,1.0,2470.0,2065.0,1860.0,2117.6666666666665,1643.625
C-02,2,2026-08-10 19:00:00,1745,31.6,0.0,51.0,2.4,999.4,월드컵대교,189882.0,450789.0,19,0,0,8,10,1,-0.9659258262890684,0.2588190451025203,0.0,1.0,2408.0,2470.0,1655.0,2314.3333333333335,1666.4583333333333
C-02,2,2026-08-10 20:00:00,1426,30.5,0.0,54.0,2.0,999.7,월드컵대교,189882.0,450789.0,20,0,0,8,10,1,-0.8660254037844386,0.5000000000000001,0.0,1.0,1745.0,2408.0,1427.0,2207.6666666666665,1670.2083333333333
C-02,2,2026-08-10 21:00:00,1203,29.9,0.0,57.0,2.4,1000.3,월드컵대교,189882.0,450789.0,21,0,0,8,10,0,-0.7071067811865477,0.7071067811865474,0.0,1.0,1426.0,1745.0,1539.0,1859.6666666666667,1670.1666666666667
C-02,2,2026-08-10 22:00:00,997,29.5,0.0,58.0,2.8,1000.4,월드컵대교,189882.0,450789.0,22,0,0,8,10,0,-0.5000000000000004,0.8660254037844384,0.0,1.0,1203.0,1426.0,1533.0,1458.0,1656.1666666666667
C-02,2,2026-08-10 23:00:00,606,28.7,0.0,63.0,2.8,1000.8,월드컵대교,189882.0,450789.0,23,0,0,8,10,0,-0.25881904510252157,0.9659258262890681,0.0,1.0,997.0,1203.0,1832.0,1208.6666666666667,1633.8333333333333
C-02,2,2026-08-13 01:00:00,319,23.8,0.0,68.0,2.7,996.4,월드컵대교,189882.0,450789.0,1,3,0,8,13,0,0.25881904510252074,0.9659258262890683,0.43388373911755823,-0.900968867902419,606.0,997.0,1477.0,935.3333333333334,1582.75
C-02,2,2026-08-13 02:00:00,254,23.3,0.0,68.0,2.3,996.1,월드컵대교,189882.0,450789.0,2,3,0,8,13,0,0.49999999999999994,0.8660254037844387,0.43388373911755823,-0.900968867902419,319.0,606.0,250.0,640.6666666666666,1534.5
C-02,2,2026-08-13 03:00:00,242,22.8,0.0,69.0,2.4,995.8,월드컵대교,189882.0,450789.0,3,3,0,8,13,0,0.7071067811865476,0.7071067811865476,0.43388373911755823,-0.900968867902419,254.0,319.0,215.0,393.0,1534.6666666666667
C-02,2,2026-08-13 04:00:00,440,22.4,0.0,71.0,2.5,995.8,월드컵대교,189882.0,450789.0,4,3,0,8,13,0,0.8660254037844386,0.5000000000000001,0.43388373911755823,-0.900968867902419,242.0,254.0,243.0,271.6666666666667,1535.7916666666667
C-02,2,2026-08-13 05:00:00,1071,22.2,0.0,72.0,1.9,995.6,월드컵대교,189882.0,450789.0,5,3,0,8,13,0,0.9659258262890683,0.25881904510252074,0.43388373911755823,-0.900968867902419,440.0,242.0,481.0,312.0,1544.0
C-02,2,2026-08-13 06:00:00,2270,22.1,0.0,74.0,1.7,995.9,월드컵대교,189882.0,450789.0,6,3,0,8,13,0,1.0,6.123233995736766e-17,0.43388373911755823,-0.900968867902419,1071.0,440.0,1193.0,584.3333333333334,1568.5833333333333
C-02,2,2026-08-13 07:00:00,2999,22.9,0.0,73.0,2.5,995.7,월드컵대교,189882.0,450789.0,7,3,0,8,13,1,0.9659258262890683,-0.25881904510252063,0.43388373911755823,-0.900968867902419,2270.0,1071.0,2338.0,1260.3333333333333,1613.4583333333333
C-02,2,2026-08-13 08:00:00,3008,23.8,0.0,71.0,1.9,995.7,월드컵대교,189882.0,450789.0,8,3,0,8,13,1,0.8660254037844387,-0.4999999999999998,0.43388373911755823,-0.900968867902419,2999.0,2270.0,3103.0,2113.3333333333335,1641.0
C-02,2,2026-08-13 09:00:00,2896,25.8,0.0,65.0,2.0,995.5,월드컵대교,189882.0,450789.0,9,3,0,8,13,1,0.7071067811865476,-0.7071067811865475,0.43388373911755823,-0.900968867902419,3008.0,2999.0,2660.0,2759.0,1637.0416666666667
C-02,2,2026-08-13 10:00:00,2201,27.6,0.0,59.0,2.5,995.4,월드컵대교,189882.0,450789.0,10,3,0,8,13,0,0.49999999999999994,-0.8660254037844387,0.43388373911755823,-0.900968867902419,2896.0,3008.0,2563.0,2967.6666666666665,1646.875
C-02,2,2026-08-13 11:00:00,2336,29.1,0.0,55.0,1.8,995.4,월드컵대교,189882.0,450789.0,11,3,0,8,13,0,0.258819045102521,-0.9659258262890682,0.43388373911755823,-0.900968867902419,2201.0,2896.0,2007.0,2701.6666666666665,1631.7916666666667
C-02,2,2026-08-13 12:00:00,2000,31.0,0.0,49.0,2.6,994.7,월드컵대교,189882.0,450789.0,12,3,0,8,13,0,1.2246467991473532e-16,-1.0,0.43388373911755823,-0.900968867902419,2336.0,2201.0,1787.0,2477.6666666666665,1645.5
C-02,2,2026-08-13 13:00:00,2162,31.8,0.0,48.0,2.9,994.2,월드컵대교,189882.0,450789.0,13,3,0,8,13,0,-0.2588190451025208,-0.9659258262890683,0.43388373911755823,-0.900968867902419,2000.0,2336.0,1574.0,2179.0,1654.375
C-02,2,2026-08-13 14:00:00,2037,31.7,0.0,47.0,3.5,993.9,월드컵대교,189882.0,450789.0,14,3,0,8,13,0,-0.4999999999999997,-0.8660254037844388,0.43388373911755823,-0.900968867902419,2162.0,2000.0,1765.0,2166.0,1678.875
C-02,2,2026-08-13 15:00:00,2264,31.5,0.0,49.0,3.0,993.6,월드컵대교,189882.0,450789.0,15,3,0,8,13,0,-0.7071067811865471,-0.7071067811865479,0.43388373911755823,-0.900968867902419,2037.0,2162.0,1592.0,2066.3333333333335,1690.2083333333333
C-02,2,2026-08-13 16:00:00,2340,31.3,0.0,49.0,2.9,993.4,월드컵대교,189882.0,450789.0,16,3,0,8,13,0,-0.8660254037844385,-0.5000000000000004,0.43388373911755823,-0.900968867902419,2264.0,2037.0,1818.0,2154.3333333333335,1718.2083333333333
C-02,2,2026-08-13 17:00:00,2519,31.2,0.0,50.0,2.7,993.5,월드컵대교,189882.0,450789.0,17,3,0,8,13,0,-0.9659258262890683,-0.25881904510252063,0.43388373911755823,-0.900968867902419,2340.0,2264.0,2065.0,2213.6666666666665,1739.9583333333333
C-02,2,2026-08-13 18:00:00,2206,31.2,0.0,51.0,3.3,993.3,월드컵대교,189882.0,450789.0,18,3,0,8,13,1,-1.0,-1.8369701987210297e-16,0.43388373911755823,-0.900968867902419,2519.0,2340.0,2470.0,2374.3333333333335,1758.875
C-02,2,2026-08-13 19:00:00,1691,30.2,0.0,53.0,3.6,993.8,월드컵대교,189882.0,450789.0,19,3,0,8,13,1,-0.9659258262890684,0.2588190451025203,0.43388373911755823,-0.900968867902419,2206.0,2519.0,2408.0,2355.0,1747.875
C-02,2,2026-08-13 20:00:00,1481,28.7,0.0,57.0,2.6,994.1,월드컵대교,189882.0,450789.0,20,3,0,8,13,1,-0.8660254037844386,0.5000000000000001,0.43388373911755823,-0.900968867902419,1691.0,2206.0,1745.0,2138.6666666666665,1718.0
C-02,2,2026-08-13 21:00:00,1464,27.7,0.0,60.0,1.6,994.6,월드컵대교,189882.0,450789.0,21,3,0,8,13,0,-0.7071067811865477,0.7071067811865474,0.43388373911755823,-0.900968867902419,1481.0,1691.0,1426.0,1792.6666666666667,1707.0
C-02,2,2026-08-13 22:00:00,1265,27.0,0.0,63.0,2.2,994.8,월드컵대교,189882.0,450789.0,22,3,0,8,13,0,-0.5000000000000004,0.8660254037844384,0.43388373911755823,-0.900968867902419,1464.0,1481.0,1203.0,1545.3333333333333,1708.5833333333333
C-02,2,2026-08-13 23:00:00,720,26.3,0.0,65.0,1.4,995.1,월드컵대교,189882.0,450789.0,23,3,0,8,13,0,-0.25881904510252157,0.9659258262890681,0.43388373911755823,-0.900968867902419,1265.0,1464.0,997.0,1403.3333333333333,1711.1666666666667
C-02,2,2026-08-14 01:00:00,334,25.5,0.0,67.0,1.8,995.0,월드컵대교,189882.0,450789.0,1,4,0,8,14,0,0.25881904510252074,0.9659258262890683,-0.433883739117558,-0.9009688679024191,720.0,1265.0,606.0,1149.6666666666667,1699.625
C-02,2,2026-08-14 02:00:00,290,25.3,0.0,68.0,2.4,994.7,월드컵대교,189882.0,450789.0,2,4,0,8,14,0,0.49999999999999994,0.8660254037844387,-0.433883739117558,-0.9009688679024191,334.0,720.0,319.0,773.0,1688.2916666666667
C-02,2,2026-08-14 03:00:00,263,25.1,0.0,68.0,2.2,994.7,월드컵대교,189882.0,450789.0,3,4,0,8,14,0,0.7071067811865476,0.7071067811865476,-0.433883739117558,-0.9009688679024191,290.0,334.0,254.0,448.0,1687.0833333333333
C-02,2,2026-08-14 04:00:00,449,25.0,0.0,71.0,2.3,994.7,월드컵대교,189882.0,450789.0,4,4,0,8,14,0,0.8660254037844386,0.5000000000000001,-0.433883739117558,-0.9009688679024191,263.0,290.0,242.0,295.6666666666667,1687.4583333333333
C-02,2,2026-08-14 05:00:00,1052,24.9,0.0,72.0,2.1,994.8,월드컵대교,189882.0,450789.0,5,4,0,8,14,0,0.9659258262890683,0.25881904510252074,-0.433883739117558,-0.9009688679024191,449.0,263.0,440.0,334.0,1696.0833333333333
C-02,2,2026-08-14 06:00:00,2095,24.8,0.0,72.0,2.2,995.1,월드컵대교,189882.0,450789.0,6,4,0,8,14,0,1.0,6.123233995736766e-17,-0.433883739117558,-0.9009688679024191,1052.0,449.0,1071.0,588.0,1721.5833333333333
C-02,2,2026-08-14 07:00:00,2885,24.9,0.0,71.0,2.1,995.5,월드컵대교,189882.0,450789.0,7,4,0,8,14,1,0.9659258262890683,-0.25881904510252063,-0.433883739117558,-0.9009688679024191,2095.0,1052.0,2270.0,1198.6666666666667,1764.25
C-02,2,2026-08-14 08:00:00,2978,25.9,0.0,70.0,1.9,995.6,월드컵대교,189882.0,450789.0,8,4,0,8,14,1,0.8660254037844387,-0.4999999999999998,-0.433883739117558,-0.9009688679024191,2885.0,2095.0,2999.0,2010.6666666666667,1789.875
C-02,2,2026-08-14 09:00:00,2620,27.1,0.0,65.0,1.7,995.8,월드컵대교,189882.0,450789.0,9,4,0,8,14,1,0.7071067811865476,-0.7071067811865475,-0.433883739117558,-0.9009688679024191,2978.0,2885.0,3008.0,2652.6666666666665,1789.0
C-02,2,2026-08-14 10:00:00,1942,29.1,0.0,58.0,2.0,995.9,월드컵대교,189882.0,450789.0,10,4,0,8,14,0,0.49999999999999994,-0.8660254037844387,-0.433883739117558,-0.9009688679024191,2620.0,2978.0,2896.0,2827.6666666666665,1772.8333333333333
C-02,2,2026-08-14 11:00:00,1955,31.1,0.0,52.0,2.0,995.7,월드컵대교,189882.0,450789.0,11,4,0,8,14,0,0.258819045102521,-0.9659258262890682,-0.433883739117558,-0.9009688679024191,1942.0,2620.0,2201.0,2513.3333333333335,1733.0833333333333
C-02,2,2026-08-14 12:00:00,2060,31.3,0.0,50.0,1.3,995.6,월드컵대교,189882.0,450789.0,12,4,0,8,14,0,1.2246467991473532e-16,-1.0,-0.433883739117558,-0.9009688679024191,1955.0,1942.0,2336.0,2172.3333333333335,1722.8333333333333
C-02,2,2026-08-14 13:00:00,1975,31.5,0.0,51.0,1.8,995.3,월드컵대교,189882.0,450789.0,13,4,0,8,14,0,-0.2588190451025208,-0.9659258262890683,-0.433883739117558,-0.9009688679024191,2060.0,1955.0,2000.0,1985.6666666666667,1711.3333333333333
C-02,2,2026-08-14 14:00:00,2197,30.9,0.0,52.0,1.9,995.0,월드컵대교,189882.0,450789.0,14,4,0,8,14,0,-0.4999999999999997,-0.8660254037844388,-0.433883739117558,-0.9009688679024191,1975.0,2060.0,2162.0,1996.6666666666667,1710.2916666666667
C-02,2,2026-08-14 15:00:00,2177,31.2,0.0,54.0,1.8,994.7,월드컵대교,189882.0,450789.0,15,4,0,8,14,0,-0.7071067811865471,-0.7071067811865479,-0.433883739117558,-0.9009688679024191,2197.0,1975.0,2037.0,2077.3333333333335,1711.75
C-02,2,2026-08-14 16:00:00,2251,30.9,0.0,56.0,2.9,994.7,월드컵대교,189882.0,450789.0,16,4,0,8,14,0,-0.8660254037844385,-0.5000000000000004,-0.433883739117558,-0.9009688679024191,2177.0,2197.0,2264.0,2116.3333333333335,1717.5833333333333
C-02,2,2026-08-14 17:00:00,2374,30.6,0.0,58.0,2.3,994.8,월드컵대교,189882.0,450789.0,17,4,0,8,14,0,-0.9659258262890683,-0.25881904510252063,-0.433883739117558,-0.9009688679024191,2251.0,2177.0,2340.0,2208.3333333333335,1717.0416666666667
C-02,2,2026-08-14 18:00:00,2171,30.4,0.0,57.0,0.3,994.7,월드컵대교,189882.0,450789.0,18,4,0,8,14,1,-1.0,-1.8369701987210297e-16,-0.433883739117558,-0.9009688679024191,2374.0,2251.0,2519.0,2267.3333333333335,1718.4583333333333
C-02,2,2026-08-14 19:00:00,2118,28.5,0.2,74.0,2.5,995.1,월드컵대교,189882.0,450789.0,19,4,0,8,14,1,-0.9659258262890684,0.2588190451025203,-0.433883739117558,-0.9009688679024191,2171.0,2374.0,2206.0,2265.3333333333335,1703.9583333333333
C-02,2,2026-08-14 20:00:00,1741,26.7,0.0,81.0,1.7,995.7,월드컵대교,189882.0,450789.0,20,4,0,8,14,1,-0.8660254037844386,0.5000000000000001,-0.433883739117558,-0.9009688679024191,2118.0,2171.0,1691.0,2221.0,1700.2916666666667
C-02,2,2026-08-14 21:00:00,1613,26.4,0.0,83.0,2.2,996.1,월드컵대교,189882.0,450789.0,21,4,0,8,14,0,-0.7071067811865477,0.7071067811865474,-0.433883739117558,-0.9009688679024191,1741.0,2118.0,1481.0,2010.0,1702.375
C-02,2,2026-08-14 22:00:00,1212,26.2,0.0,82.0,1.4,996.3,월드컵대교,189882.0,450789.0,22,4,0,8,14,0,-0.5000000000000004,0.8660254037844384,-0.433883739117558,-0.9009688679024191,1613.0,1741.0,1464.0,1824.0,1707.875
C-02,2,2026-08-14 23:00:00,964,26.2,0.0,83.0,1.2,996.5,월드컵대교,189882.0,450789.0,23,4,0,8,14,0,-0.25881904510252157,0.9659258262890681,-0.433883739117558,-0.9009688679024191,1212.0,1613.0,1265.0,1522.0,1697.375
C-02,2,2026-08-15 01:00:00,423,26.0,0.0,81.0,1.5,996.5,월드컵대교,189882.0,450789.0,1,5,1,8,15,0,0.25881904510252074,0.9659258262890683,-0.9749279121818236,-0.2225209339563146,964.0,1212.0,720.0,1263.0,1684.8333333333333
C-02,2,2026-08-15 02:00:00,347,26.0,0.0,82.0,1.0,996.2,월드컵대교,189882.0,450789.0,2,5,1,8,15,0,0.49999999999999994,0.8660254037844387,-0.9749279121818236,-0.2225209339563146,423.0,964.0,334.0,866.3333333333334,1672.4583333333333
C-02,2,2026-08-15 03:00:00,286,25.8,0.0,82.0,1.5,996.3,월드컵대교,189882.0,450789.0,3,5,1,8,15,0,0.7071067811865476,0.7071067811865476,-0.9749279121818236,-0.2225209339563146,347.0,423.0,290.0,578.0,1673.0
C-02,2,2026-08-15 04:00:00,405,25.7,0.0,79.0,1.5,996.2,월드컵대교,189882.0,450789.0,4,5,1,8,15,0,0.8660254037844386,0.5000000000000001,-0.9749279121818236,-0.2225209339563146,286.0,347.0,263.0,352.0,1672.8333333333333
C-02,2,2026-08-15 05:00:00,837,25.5,0.0,81.0,1.1,996.2,월드컵대교,189882.0,450789.0,5,5,1,8,15,0,0.9659258262890683,0.25881904510252074,-0.9749279121818236,-0.2225209339563146,405.0,286.0,449.0,346.0,1678.75
C-02,2,2026-08-15 06:00:00,1205,25.3,0.0,82.0,2.3,996.5,월드컵대교,189882.0,450789.0,6,5,1,8,15,0,1.0,6.123233995736766e-17,-0.9749279121818236,-0.2225209339563146,837.0,405.0,1052.0,509.3333333333333,1694.9166666666667
C-02,2,2026-08-15 07:00:00,1175,25.3,0.0,79.0,2.0,996.7,월드컵대교,189882.0,450789.0,7,5,1,8,15,0,0.9659258262890683,-0.25881904510252063,-0.9749279121818236,-0.2225209339563146,1205.0,837.0,2095.0,815.6666666666666,1701.2916666666667
C-02,2,2026-08-15 08:00:00,1721,25.6,0.0,79.0,1.3,996.9,월드컵대교,189882.0,450789.0,8,5,1,8,15,0,0.8660254037844387,-0.4999999999999998,-0.9749279121818236,-0.2225209339563146,1175.0,1205.0,2885.0,1072.3333333333333,1662.9583333333333
C-02,2,2026-08-15 09:00:00,1911,26.2,0.0,77.0,2.0,997.2,월드컵대교,189882.0,450789.0,9,5,1,8,15,0,0.7071067811865476,-0.7071067811865475,-0.9749279121818236,-0.2225209339563146,1721.0,1175.0,2978.0,1367.0,1614.4583333333333
C-02,2,2026-08-15 10:00:00,1846,27.1,0.0,75.0,2.0,997.4,월드컵대교,189882.0,450789.0,10,5,1,8,15,0,0.49999999999999994,-0.8660254037844387,-0.9749279121818236,-0.2225209339563146,1911.0,1721.0,2620.0,1602.3333333333333,1570.0
C-02,2,2026-08-15 11:00:00,2007,27.2,0.0,74.0,2.6,997.3,월드컵대교,189882.0,450789.0,11,5,1,8,15,0,0.258819045102521,-0.9659258262890682,-0.9749279121818236,-0.2225209339563146,1846.0,1911.0,1942.0,1826.0,1537.75
C-02,2,2026-08-15 12:00:00,1491,27.3,0.0,75.0,2.5,996.8,월드컵대교,189882.0,450789.0,12,5,1,8,15,0,1.2246467991473532e-16,-1.0,-0.9749279121818236,-0.2225209339563146,2007.0,1846.0,1955.0,1921.3333333333333,1540.4583333333333
C-02,2,2026-08-15 13:00:00,1915,28.3,0.0,74.0,3.3,996.4,월드컵대교,189882.0,450789.0,13,5,1,8,15,0,-0.2588190451025208,-0.9659258262890683,-0.9749279121818236,-0.2225209339563146,1491.0,2007.0,2060.0,1781.3333333333333,1521.125
C-02,2,2026-08-15 14:00:00,1784,29.3,0.0,67.0,2.9,996.0,월드컵대교,189882.0,450789.0,14,5,1,8,15,0,-0.4999999999999997,-0.8660254037844388,-0.9749279121818236,-0.2225209339563146,1915.0,1491.0,1975.0,1804.3333333333333,1515.0833333333333
C-02,2,2026-08-15 15:00:00,2008,28.3,0.0,72.0,2.8,996.0,월드컵대교,189882.0,450789.0,15,5,1,8,15,0,-0.7071067811865471,-0.7071067811865479,-0.9749279121818236,-0.2225209339563146,1784.0,1915.0,2197.0,1730.0,1507.125
C-02,2,2026-08-15 16:00:00,2577,26.6,1.0,86.0,1.8,996.2,월드컵대교,189882.0,450789.0,16,5,1,8,15,0,-0.8660254037844385,-0.5000000000000004,-0.9749279121818236,-0.2225209339563146,2008.0,1784.0,2177.0,1902.3333333333333,1499.25
C-02,2,2026-08-15 17:00:00,2370,25.6,0.3,85.0,2.0,996.1,월드컵대교,189882.0,450789.0,17,5,1,8,15,0,-0.9659258262890683,-0.25881904510252063,-0.9749279121818236,-0.2225209339563146,2577.0,2008.0,2251.0,2123.0,1515.9166666666667
C-02,2,2026-08-15 18:00:00,1966,25.2,0.0,84.0,1.2,995.7,월드컵대교,189882.0,450789.0,18,5,1,8,15,0,-1.0,-1.8369701987210297e-16,-0.9749279121818236,-0.2225209339563146,2370.0,2577.0,2374.0,2318.3333333333335,1520.875
C-02,2,2026-08-15 19:00:00,1500,25.2,0.0,85.0,1.9,996.0,월드컵대교,189882.0,450789.0,19,5,1,8,15,0,-0.9659258262890684,0.2588190451025203,-0.9749279121818236,-0.2225209339563146,1966.0,2370.0,2171.0,2304.3333333333335,1503.875
C-02,2,2026-08-15 20:00:00,1500,25.2,0.0,85.0,0.4,996.0,월드컵대교,189882.0,450789.0,20,5,1,8,15,0,-0.8660254037844386,0.5000000000000001,-0.9749279121818236,-0.2225209339563146,1500.0,1966.0,2118.0,1945.3333333333333,1475.9166666666667
C-02,2,2026-08-15 21:00:00,1721,25.3,0.0,84.0,0.6,996.3,월드컵대교,189882.0,450789.0,21,5,1,8,15,0,-0.7071067811865477,0.7071067811865474,-0.9749279121818236,-0.2225209339563146,1500.0,1500.0,1741.0,1655.3333333333333,1450.1666666666667
C-02,2,2026-08-15 22:00:00,1388,25.3,0.0,85.0,2.3,996.2,월드컵대교,189882.0,450789.0,22,5,1,8,15,0,-0.5000000000000004,0.8660254037844384,-0.9749279121818236,-0.2225209339563146,1721.0,1500.0,1613.0,1573.6666666666667,1449.3333333333333
C-02,2,2026-08-15 23:00:00,760,25.4,0.0,85.0,1.3,996.2,월드컵대교,189882.0,450789.0,23,5,1,8,15,0,-0.25881904510252157,0.9659258262890681,-0.9749279121818236,-0.2225209339563146,1388.0,1721.0,1212.0,1536.3333333333333,1439.9583333333333
C-02,2,2026-08-16 01:00:00,344,25.4,0.0,85.0,1.8,996.1,월드컵대교,189882.0,450789.0,1,6,1,8,16,0,0.25881904510252074,0.9659258262890683,-0.7818314824680299,0.6234898018587334,760.0,1388.0,964.0,1289.6666666666667,1421.125
C-02,2,2026-08-16 02:00:00,260,25.4,0.0,85.0,1.2,996.1,월드컵대교,189882.0,450789.0,2,6,1,8,16,0,0.49999999999999994,0.8660254037844387,-0.7818314824680299,0.6234898018587334,344.0,760.0,423.0,830.6666666666666,1395.2916666666667
C-02,2,2026-08-16 03:00:00,160,24.3,1.6,90.0,1.2,996.6,월드컵대교,189882.0,450789.0,3,6,1,8,16,0,0.7071067811865476,0.7071067811865476,-0.7818314824680299,0.6234898018587334,260.0,344.0,347.0,454.6666666666667,1388.5
C-02,2,2026-08-16 04:00:00,208,24.1,3.7,94.0,1.0,996.6,월드컵대교,189882.0,450789.0,4,6,1,8,16,0,0.8660254037844386,0.5000000000000001,-0.7818314824680299,0.6234898018587334,160.0,260.0,286.0,254.66666666666666,1380.7083333333333
C-02,2,2026-08-16 05:00:00,322,23.2,3.7,91.0,2.8,996.7,월드컵대교,189882.0,450789.0,5,6,1,8,16,0,0.9659258262890683,0.25881904510252074,-0.7818314824680299,0.6234898018587334,208.0,160.0,405.0,209.33333333333334,1377.4583333333333
C-02,2,2026-08-16 06:00:00,527,22.9,0.0,91.0,1.2,996.7,월드컵대교,189882.0,450789.0,6,6,1,8,16,0,1.0,6.123233995736766e-17,-0.7818314824680299,0.6234898018587334,322.0,208.0,837.0,230.0,1374.0
C-02,2,2026-08-16 07:00:00,765,22.7,0.0,95.0,2.0,996.7,월드컵대교,189882.0,450789.0,7,6,1,8,16,0,0.9659258262890683,-0.25881904510252063,-0.7818314824680299,0.6234898018587334,527.0,322.0,1205.0,352.3333333333333,1361.0833333333333
C-02,2,2026-08-16 08:00:00,1244,22.7,0.3,93.0,3.3,996.4,월드컵대교,189882.0,450789.0,8,6,1,8,16,0,0.8660254037844387,-0.4999999999999998,-0.7818314824680299,0.6234898018587334,765.0,527.0,1175.0,538.0,1342.75
C-02,2,2026-08-16 09:00:00,1657,23.3,0.0,91.0,2.8,996.2,월드컵대교,189882.0,450789.0,9,6,1,8,16,0,0.7071067811865476,-0.7071067811865475,-0.7818314824680299,0.6234898018587334,1244.0,765.0,1721.0,845.3333333333334,1345.625
C-02,2,2026-08-16 10:00:00,1898,23.8,0.0,89.0,2.6,996.2,월드컵대교,189882.0,450789.0,10,6,1,8,16,0,0.49999999999999994,-0.8660254037844387,-0.7818314824680299,0.6234898018587334,1657.0,1244.0,1911.0,1222.0,1342.9583333333333
C-02,2,2026-08-16 11:00:00,1822,24.2,0.0,91.0,2.8,996.3,월드컵대교,189882.0,450789.0,11,6,1,8,16,0,0.258819045102521,-0.9659258262890682,-0.7818314824680299,0.6234898018587334,1898.0,1657.0,1846.0,1599.6666666666667,1342.4166666666667
C-02,2,2026-08-16 12:00:00,1440,24.5,0.5,90.0,2.6,995.7,월드컵대교,189882.0,450789.0,12,6,1,8,16,0,1.2246467991473532e-16,-1.0,-0.7818314824680299,0.6234898018587334,1822.0,1898.0,2007.0,1792.3333333333333,1341.4166666666667
C-02,2,2026-08-16 13:00:00,1710,24.3,0.4,91.0,2.2,995.6,월드컵대교,189882.0,450789.0,13,6,1,8,16,0,-0.2588190451025208,-0.9659258262890683,-0.7818314824680299,0.6234898018587334,1440.0,1822.0,1491.0,1720.0,1317.7916666666667
C-02,2,2026-08-16 14:00:00,1872,24.0,0.2,90.0,2.9,995.3,월드컵대교,189882.0,450789.0,14,6,1,8,16,0,-0.4999999999999997,-0.8660254037844388,-0.7818314824680299,0.6234898018587334,1710.0,1440.0,1915.0,1657.3333333333333,1326.9166666666667
C-02,2,2026-08-16 15:00:00,2058,24.5,0.0,91.0,2.4,995.0,월드컵대교,189882.0,450789.0,15,6,1,8,16,0,-0.7071067811865471,-0.7071067811865479,-0.7818314824680299,0.6234898018587334,1872.0,1710.0,1784.0,1674.0,1325.125
C-02,2,2026-08-16 16:00:00,2052,24.8,0.1,84.0,2.7,994.7,월드컵대교,189882.0,450789.0,16,6,1,8,16,0,-0.8660254037844385,-0.5000000000000004,-0.7818314824680299,0.6234898018587334,2058.0,1872.0,2008.0,1880.0,1336.5416666666667
C-02,2,2026-08-16 17:00:00,1906,24.7,0.0,86.0,3.2,994.7,월드컵대교,189882.0,450789.0,17,6,1,8,16,0,-0.9659258262890683,-0.25881904510252063,-0.7818314824680299,0.6234898018587334,2052.0,2058.0,2577.0,1994.0,1338.375
C-02,2,2026-08-16 18:00:00,1702,24.8,0.0,85.0,3.4,994.4,월드컵대교,189882.0,450789.0,18,6,1,8,16,0,-1.0,-1.8369701987210297e-16,-0.7818314824680299,0.6234898018587334,1906.0,2052.0,2370.0,2005.3333333333333,1310.4166666666667
C-02,2,2026-08-16 19:00:00,1301,24.5,0.0,85.0,3.4,994.6,월드컵대교,189882.0,450789.0,19,6,1,8,16,0,-0.9659258262890684,0.2588190451025203,-0.7818314824680299,0.6234898018587334,1702.0,1906.0,1966.0,1886.6666666666667,1282.5833333333333
C-02,2,2026-08-16 20:00:00,1511,24.4,0.0,85.0,3.0,994.9,월드컵대교,189882.0,450789.0,20,6,1,8,16,0,-0.8660254037844386,0.5000000000000001,-0.7818314824680299,0.6234898018587334,1301.0,1702.0,1500.0,1636.3333333333333,1254.875
C-02,2,2026-08-16 21:00:00,1442,24.1,0.0,87.0,3.4,995.4,월드컵대교,189882.0,450789.0,21,6,1,8,16,0,-0.7071067811865477,0.7071067811865474,-0.7818314824680299,0.6234898018587334,1511.0,1301.0,1500.0,1504.6666666666667,1255.3333333333333
C-02,2,2026-08-16 22:00:00,1113,24.2,0.0,85.0,2.7,995.7,월드컵대교,189882.0,450789.0,22,6,1,8,16,0,-0.5000000000000004,0.8660254037844384,-0.7818314824680299,0.6234898018587334,1442.0,1511.0,1721.0,1418.0,1252.9166666666667
C-02,2,2026-08-16 23:00:00,686,24.2,0.0,84.0,1.9,995.7,월드컵대교,189882.0,450789.0,23,6,1,8,16,0,-0.25881904510252157,0.9659258262890681,-0.7818314824680299,0.6234898018587334,1113.0,1442.0,1388.0,1355.3333333333333,1227.5833333333333
C-02,2,2026-08-17 01:00:00,281,23.8,0.0,87.0,2.2,995.8,월드컵대교,189882.0,450789.0,1,0,0,8,17,0,0.25881904510252074,0.9659258262890683,0.0,1.0,686.0,1113.0,760.0,1080.3333333333333,1198.3333333333333
C-02,2,2026-08-17 02:00:00,268,23.8,0.0,85.0,2.1,995.5,월드컵대교,189882.0,450789.0,2,0,0,8,17,0,0.49999999999999994,0.8660254037844387,0.0,1.0,281.0,686.0,344.0,693.3333333333334,1178.375
C-02,2,2026-08-17 03:00:00,220,23.8,0.0,84.0,2.0,995.5,월드컵대교,189882.0,450789.0,3,0,0,8,17,0,0.7071067811865476,0.7071067811865476,0.0,1.0,268.0,281.0,260.0,411.6666666666667,1175.2083333333333
C-02,2,2026-08-17 04:00:00,302,23.7,0.0,85.0,2.2,995.5,월드컵대교,189882.0,450789.0,4,0,0,8,17,0,0.8660254037844386,0.5000000000000001,0.0,1.0,220.0,268.0,160.0,256.3333333333333,1173.5416666666667
C-02,2,2026-08-17 05:00:00,632,23.7,0.0,86.0,2.3,995.1,월드컵대교,189882.0,450789.0,5,0,0,8,17,0,0.9659258262890683,0.25881904510252074,0.0,1.0,302.0,220.0,208.0,263.3333333333333,1179.4583333333333
C-02,2,2026-08-17 06:00:00,794,23.8,0.0,83.0,2.1,995.6,월드컵대교,189882.0,450789.0,6,0,0,8,17,0,1.0,6.123233995736766e-17,0.0,1.0,632.0,302.0,322.0,384.6666666666667,1197.125
C-02,2,2026-08-17 07:00:00,821,23.8,0.0,84.0,1.8,996.2,월드컵대교,189882.0,450789.0,7,0,0,8,17,1,0.9659258262890683,-0.25881904510252063,0.0,1.0,794.0,632.0,527.0,576.0,1216.7916666666667
C-02,2,2026-08-17 08:00:00,1081,24.0,0.0,85.0,2.4,996.3,월드컵대교,189882.0,450789.0,8,0,0,8,17,1,0.8660254037844387,-0.4999999999999998,0.0,1.0,821.0,794.0,765.0,749.0,1229.0416666666667
C-02,2,2026-08-17 09:00:00,1368,24.6,0.0,83.0,1.8,996.3,월드컵대교,189882.0,450789.0,9,0,0,8,17,1,0.7071067811865476,-0.7071067811865475,0.0,1.0,1081.0,821.0,1244.0,898.6666666666666,1242.2083333333333
C-02,2,2026-08-17 10:00:00,1684,25.3,0.0,81.0,1.6,996.6,월드컵대교,189882.0,450789.0,10,0,0,8,17,0,0.49999999999999994,-0.8660254037844387,0.0,1.0,1368.0,1081.0,1657.0,1090.0,1247.375
C-02,2,2026-08-17 11:00:00,1713,25.1,0.0,82.0,2.1,996.6,월드컵대교,189882.0,450789.0,11,0,0,8,17,0,0.258819045102521,-0.9659258262890682,0.0,1.0,1684.0,1368.0,1898.0,1377.6666666666667,1248.5
C-02,2,2026-08-17 12:00:00,1635,25.0,0.3,87.0,1.6,996.4,월드컵대교,189882.0,450789.0,12,0,0,8,17,0,1.2246467991473532e-16,-1.0,0.0,1.0,1713.0,1684.0,1822.0,1588.3333333333333,1240.7916666666667
C-02,2,2026-08-17 13:00:00,1826,25.5,0.0,84.0,2.4,996.2,월드컵대교,189882.0,450789.0,13,0,0,8,17,0,-0.2588190451025208,-0.9659258262890683,0.0,1.0,1635.0,1713.0,1440.0,1677.3333333333333,1233.0
C-02,2,2026-08-17 14:00:00,1782,25.2,1.4,91.0,1.3,996.3,월드컵대교,189882.0,450789.0,14,0,0,8,17,0,-0.4999999999999997,-0.8660254037844388,0.0,1.0,1826.0,1635.0,1710.0,1724.6666666666667,1249.0833333333333
C-02,2,2026-08-17 15:00:00,1682,25.5,1.6,91.0,1.2,996.1,월드컵대교,189882.0,450789.0,15,0,0,8,17,0,-0.7071067811865471,-0.7071067811865479,0.0,1.0,1782.0,1826.0,1872.0,1747.6666666666667,1252.0833333333333
C-02,2,2026-08-17 16:00:00,2100,25.5,0.0,88.0,1.8,996.0,월드컵대교,189882.0,450789.0,16,0,0,8,17,0,-0.8660254037844385,-0.5000000000000004,0.0,1.0,1682.0,1782.0,2058.0,1763.3333333333333,1244.1666666666667
C-02,2,2026-08-17 17:00:00,2030,25.8,0.0,88.0,0.8,996.2,월드컵대교,189882.0,450789.0,17,0,0,8,17,0,-0.9659258262890683,-0.25881904510252063,0.0,1.0,2100.0,1682.0,2052.0,1854.6666666666667,1245.9166666666667
C-02,2,2026-08-17 18:00:00,1433,26.0,0.0,86.0,0.9,996.2,월드컵대교,189882.0,450789.0,18,0,0,8,17,1,-1.0,-1.8369701987210297e-16,0.0,1.0,2030.0,2100.0,1906.0,1937.3333333333333,1245.0
C-02,2,2026-08-17 19:00:00,1299,25.9,0.1,91.0,0.3,996.3,월드컵대교,189882.0,450789.0,19,0,0,8,17,1,-0.9659258262890684,0.2588190451025203,0.0,1.0,1433.0,2030.0,1702.0,1854.3333333333333,1225.2916666666667
C-02,2,2026-08-17 20:00:00,1491,25.6,0.2,89.0,0.1,997.0,월드컵대교,189882.0,450789.0,20,0,0,8,17,1,-0.8660254037844386,0.5000000000000001,0.0,1.0,1299.0,1433.0,1301.0,1587.3333333333333,1208.5
C-02,2,2026-08-17 21:00:00,1326,25.4,0.0,90.0,0.5,997.8,월드컵대교,189882.0,450789.0,21,0,0,8,17,0,-0.7071067811865477,0.7071067811865474,0.0,1.0,1491.0,1299.0,1511.0,1407.6666666666667,1216.4166666666667
C-02,2,2026-08-17 22:00:00,937,25.3,0.3,90.0,1.2,998.0,월드컵대교,189882.0,450789.0,22,0,0,8,17,0,-0.5000000000000004,0.8660254037844384,0.0,1.0,1326.0,1491.0,1442.0,1372.0,1208.7083333333333
C-02,2,2026-08-17 23:00:00,619,25.2,0.0,90.0,1.1,998.1,월드컵대교,189882.0,450789.0,23,0,0,8,17,0,-0.25881904510252157,0.9659258262890681,0.0,1.0,937.0,1326.0,1113.0,1251.3333333333333,1187.6666666666667
C-02,2,2026-08-18 01:00:00,288,24.6,0.0,89.0,1.1,998.2,월드컵대교,189882.0,450789.0,1,1,0,8,18,0,0.25881904510252074,0.9659258262890683,0.7818314824680298,0.6234898018587336,619.0,937.0,686.0,960.6666666666666,1167.0833333333333
C-02,2,2026-08-18 02:00:00,200,24.3,0.0,90.0,1.2,998.4,월드컵대교,189882.0,450789.0,2,1,0,8,18,0,0.49999999999999994,0.8660254037844387,0.7818314824680298,0.6234898018587336,288.0,619.0,281.0,614.6666666666666,1150.5
C-02,2,2026-08-18 03:00:00,226,24.1,0.0,93.0,1.4,998.3,월드컵대교,189882.0,450789.0,3,1,0,8,18,0,0.7071067811865476,0.7071067811865476,0.7818314824680298,0.6234898018587336,200.0,288.0,268.0,369.0,1147.125
C-02,2,2026-08-18 04:00:00,425,24.0,0.0,92.0,1.9,998.6,월드컵대교,189882.0,450789.0,4,1,0,8,18,0,0.8660254037844386,0.5000000000000001,0.7818314824680298,0.6234898018587336,226.0,200.0,220.0,238.0,1145.375
C-02,2,2026-08-18 05:00:00,1198,24.2,0.0,91.0,1.4,999.3,월드컵대교,189882.0,450789.0,5,1,0,8,18,0,0.9659258262890683,0.25881904510252074,0.7818314824680298,0.6234898018587336,425.0,226.0,302.0,283.6666666666667,1153.9166666666667
C-02,2,2026-08-18 06:00:00,2425,24.2,0.0,90.0,1.4,999.9,월드컵대교,189882.0,450789.0,6,1,0,8,18,0,1.0,6.123233995736766e-17,0.7818314824680298,0.6234898018587336,1198.0,425.0,632.0,616.3333333333334,1191.25
C-02,2,2026-08-18 07:00:00,2872,24.4,0.0,90.0,0.4,1000.3,월드컵대교,189882.0,450789.0,7,1,0,8,18,1,0.9659258262890683,-0.25881904510252063,0.7818314824680298,0.6234898018587336,2425.0,1198.0,794.0,1349.3333333333333,1265.9583333333333
C-02,2,2026-08-18 08:00:00,3017,24.9,0.0,89.0,2.0,1000.5,월드컵대교,189882.0,450789.0,8,1,0,8,18,1,0.8660254037844387,-0.4999999999999998,0.7818314824680298,0.6234898018587336,2872.0,2425.0,821.0,2165.0,1352.5416666666667
C-02,2,2026-08-18 09:00:00,2532,26.0,0.0,84.0,1.8,1000.7,월드컵대교,189882.0,450789.0,9,1,0,8,18,1,0.7071067811865476,-0.7071067811865475,0.7818314824680298,0.6234898018587336,3017.0,2872.0,1081.0,2771.3333333333335,1444.0416666666667
C-02,2,2026-08-18 10:00:00,2289,27.0,0.0,76.0,1.4,1000.7,월드컵대교,189882.0,450789.0,10,1,0,8,18,0,0.49999999999999994,-0.8660254037844387,0.7818314824680298,0.6234898018587336,2532.0,3017.0,1368.0,2807.0,1504.5
C-02,2,2026-08-18 11:00:00,1773,28.4,0.0,70.0,1.9,1000.6,월드컵대교,189882.0,450789.0,11,1,0,8,18,0,0.258819045102521,-0.9659258262890682,0.7818314824680298,0.6234898018587336,2289.0,2532.0,1684.0,2612.6666666666665,1542.875
C-02,2,2026-08-18 12:00:00,1832,28.8,0.0,66.0,2.4,1000.7,월드컵대교,189882.0,450789.0,12,1,0,8,18,0,1.2246467991473532e-16,-1.0,0.7818314824680298,0.6234898018587336,1773.0,2289.0,1713.0,2198.0,1546.5833333333333
C-02,2,2026-08-18 13:00:00,1896,30.3,0.0,61.0,3.1,1000.7,월드컵대교,189882.0,450789.0,13,1,0,8,18,0,-0.2588190451025208,-0.9659258262890683,0.7818314824680298,0.6234898018587336,1832.0,1773.0,1635.0,1964.6666666666667,1551.5416666666667
C-02,2,2026-08-18 14:00:00,1803,29.9,0.0,60.0,3.4,1000.6,월드컵대교,189882.0,450789.0,14,1,0,8,18,0,-0.4999999999999997,-0.8660254037844388,0.7818314824680298,0.6234898018587336,1896.0,1832.0,1826.0,1833.6666666666667,1562.4166666666667
C-02,2,2026-08-18 15:00:00,2158,30.6,0.0,55.0,3.2,1000.2,월드컵대교,189882.0,450789.0,15,1,0,8,18,0,-0.7071067811865471,-0.7071067811865479,0.7818314824680298,0.6234898018587336,1803.0,1896.0,1782.0,1843.6666666666667,1561.4583333333333
C-02,2,2026-08-18 16:00:00,2286,31.4,0.0,52.0,1.1,1000.0,월드컵대교,189882.0,450789.0,16,1,0,8,18,0,-0.8660254037844385,-0.5000000000000004,0.7818314824680298,0.6234898018587336,2158.0,1803.0,1682.0,1952.3333333333333,1577.125
C-02,2,2026-08-18 17:00:00,2451,31.2,0.0,53.0,2.7,1000.4,월드컵대교,189882.0,450789.0,17,1,0,8,18,0,-0.9659258262890683,-0.25881904510252063,0.7818314824680298,0.6234898018587336,2286.0,2158.0,2100.0,2082.3333333333335,1602.2916666666667
C-02,2,2026-08-18 18:00:00,2366,29.9,0.0,58.0,2.9,1000.4,월드컵대교,189882.0,450789.0,18,1,0,8,18,1,-1.0,-1.8369701987210297e-16,0.7818314824680298,0.6234898018587336,2451.0,2286.0,2030.0,2298.3333333333335,1616.9166666666667
C-02,2,2026-08-18 19:00:00,1748,28.6,0.0,62.0,3.1,1001.0,월드컵대교,189882.0,450789.0,19,1,0,8,18,1,-0.9659258262890684,0.2588190451025203,0.7818314824680298,0.6234898018587336,2366.0,2451.0,1433.0,2367.6666666666665,1630.9166666666667
C-02,2,2026-08-18 20:00:00,1595,27.2,0.0,67.0,2.5,1001.7,월드컵대교,189882.0,450789.0,20,1,0,8,18,1,-0.8660254037844386,0.5000000000000001,0.7818314824680298,0.6234898018587336,1748.0,2366.0,1299.0,2188.3333333333335,1644.0416666666667
C-02,2,2026-08-18 21:00:00,1199,26.6,0.0,71.0,1.3,1002.2,월드컵대교,189882.0,450789.0,21,1,0,8,18,0,-0.7071067811865477,0.7071067811865474,0.7818314824680298,0.6234898018587336,1595.0,1748.0,1491.0,1903.0,1656.375
C-02,2,2026-08-18 22:00:00,1095,26.1,0.0,75.0,1.1,1002.5,월드컵대교,189882.0,450789.0,22,1,0,8,18,0,-0.5000000000000004,0.8660254037844384,0.7818314824680298,0.6234898018587336,1199.0,1595.0,1326.0,1514.0,1644.2083333333333
C-02,2,2026-08-18 23:00:00,675,25.7,0.0,75.0,0.7,1002.9,월드컵대교,189882.0,450789.0,23,1,0,8,18,0,-0.25881904510252157,0.9659258262890681,0.7818314824680298,0.6234898018587336,1095.0,1199.0,937.0,1296.3333333333333,1634.5833333333333
C-02,2,2026-08-19 01:00:00,339,25.2,0.0,79.0,0.1,1002.7,월드컵대교,189882.0,450789.0,1,2,0,8,19,0,0.25881904510252074,0.9659258262890683,0.9749279121818236,-0.22252093395631434,675.0,1095.0,619.0,989.6666666666666,1623.6666666666667
C-02,2,2026-08-19 02:00:00,232,25.0,0.0,81.0,0.8,1002.7,월드컵대교,189882.0,450789.0,2,2,0,8,19,0,0.49999999999999994,0.8660254037844387,0.9749279121818236,-0.22252093395631434,339.0,675.0,288.0,703.0,1612.0
C-02,2,2026-08-19 03:00:00,270,24.8,0.0,80.0,1.1,1002.6,월드컵대교,189882.0,450789.0,3,2,0,8,19,0,0.7071067811865476,0.7071067811865476,0.9749279121818236,-0.22252093395631434,232.0,339.0,200.0,415.3333333333333,1609.6666666666667
C-02,2,2026-08-19 04:00:00,393,24.7,0.0,80.0,1.0,1002.8,월드컵대교,189882.0,450789.0,4,2,0,8,19,0,0.8660254037844386,0.5000000000000001,0.9749279121818236,-0.22252093395631434,270.0,232.0,226.0,280.3333333333333,1612.5833333333333
C-02,2,2026-08-19 05:00:00,1065,24.8,0.0,81.0,1.4,1003.1,월드컵대교,189882.0,450789.0,5,2,0,8,19,0,0.9659258262890683,0.25881904510252074,0.9749279121818236,-0.22252093395631434,393.0,270.0,425.0,298.3333333333333,1619.5416666666667
C-02,2,2026-08-19 06:00:00,2207,24.8,0.0,81.0,1.7,1003.4,월드컵대교,189882.0,450789.0,6,2,0,8,19,0,1.0,6.123233995736766e-17,0.9749279121818236,-0.22252093395631434,1065.0,393.0,1198.0,576.0,1646.2083333333333
C-02,2,2026-08-19 07:00:00,2983,25.2,0.0,82.0,1.6,1003.9,월드컵대교,189882.0,450789.0,7,2,0,8,19,1,0.9659258262890683,-0.25881904510252063,0.9749279121818236,-0.22252093395631434,2207.0,1065.0,2425.0,1221.6666666666667,1688.25
C-02,2,2026-08-19 08:00:00,3069,25.6,0.0,81.0,0.8,1004.1,월드컵대교,189882.0,450789.0,8,2,0,8,19,1,0.8660254037844387,-0.4999999999999998,0.9749279121818236,-0.22252093395631434,2983.0,2207.0,2872.0,2085.0,1711.5
C-02,2,2026-08-19 09:00:00,2720,26.7,0.0,81.0,0.9,1004.0,월드컵대교,189882.0,450789.0,9,2,0,8,19,1,0.7071067811865476,-0.7071067811865475,0.9749279121818236,-0.22252093395631434,3069.0,2983.0,3017.0,2753.0,1719.7083333333333
C-02,2,2026-08-19 10:00:00,2343,27.8,0.0,72.0,1.1,1004.2,월드컵대교,189882.0,450789.0,10,2,0,8,19,0,0.49999999999999994,-0.8660254037844387,0.9749279121818236,-0.22252093395631434,2720.0,3069.0,2532.0,2924.0,1707.3333333333333
C-02,2,2026-08-19 11:00:00,1800,28.8,0.0,66.0,1.3,1004.3,월드컵대교,189882.0,450789.0,11,2,0,8,19,0,0.258819045102521,-0.9659258262890682,0.9749279121818236,-0.22252093395631434,2343.0,2720.0,2289.0,2710.6666666666665,1699.4583333333333
C-02,2,2026-08-19 12:00:00,1725,28.8,0.0,65.0,2.5,1004.0,월드컵대교,189882.0,450789.0,12,2,0,8,19,0,1.2246467991473532e-16,-1.0,0.9749279121818236,-0.22252093395631434,1800.0,2343.0,1773.0,2287.6666666666665,1679.0833333333333
C-02,2,2026-08-19 13:00:00,1683,29.0,0.0,63.0,1.8,1004.0,월드컵대교,189882.0,450789.0,13,2,0,8,19,0,-0.2588190451025208,-0.9659258262890683,0.9749279121818236,-0.22252093395631434,1725.0,1800.0,1832.0,1956.0,1677.0833333333333
C-02,2,2026-08-19 14:00:00,1822,29.5,0.0,61.0,2.4,1003.6,월드컵대교,189882.0,450789.0,14,2,0,8,19,0,-0.4999999999999997,-0.8660254037844388,0.9749279121818236,-0.22252093395631434,1683.0,1725.0,1896.0,1736.0,1670.875
C-02,2,2026-08-19 15:00:00,2047,29.9,0.0,61.0,2.2,1003.3,월드컵대교,189882.0,450789.0,15,2,0,8,19,0,-0.7071067811865471,-0.7071067811865479,0.9749279121818236,-0.22252093395631434,1822.0,1683.0,1803.0,1743.3333333333333,1667.7916666666667
C-02,2,2026-08-19 16:00:00,2443,29.6,0.0,62.0,2.6,1003.0,월드컵대교,189882.0,450789.0,16,2,0,8,19,0,-0.8660254037844385,-0.5000000000000004,0.9749279121818236,-0.22252093395631434,2047.0,1822.0,2158.0,1850.6666666666667,1677.9583333333333
C-02,2,2026-08-19 17:00:00,2441,29.5,0.0,61.0,2.0,1003.0,월드컵대교,189882.0,450789.0,17,2,0,8,19,0,-0.9659258262890683,-0.25881904510252063,0.9749279121818236,-0.22252093395631434,2443.0,2047.0,2286.0,2104.0,1689.8333333333333
C-02,2,2026-08-19 18:00:00,2300,29.2,0.0,63.0,1.7,1002.9,월드컵대교,189882.0,450789.0,18,2,0,8,19,1,-1.0,-1.8369701987210297e-16,0.9749279121818236,-0.22252093395631434,2441.0,2443.0,2451.0,2310.3333333333335,1696.2916666666667
C-02,2,2026-08-19 19:00:00,1605,28.2,0.0,63.0,1.2,1003.1,월드컵대교,189882.0,450789.0,19,2,0,8,19,1,-0.9659258262890684,0.2588190451025203,0.9749279121818236,-0.22252093395631434,2300.0,2441.0,2366.0,2394.6666666666665,1690.0
C-02,2,2026-08-19 20:00:00,1347,27.4,0.0,64.0,1.2,1003.8,월드컵대교,189882.0,450789.0,20,2,0,8,19,1,-0.8660254037844386,0.5000000000000001,0.9749279121818236,-0.22252093395631434,1605.0,2300.0,1748.0,2115.3333333333335,1658.2916666666667
C-02,2,2026-08-19 21:00:00,1371,26.9,0.0,68.0,1.7,1004.6,월드컵대교,189882.0,450789.0,21,2,0,8,19,0,-0.7071067811865477,0.7071067811865474,0.9749279121818236,-0.22252093395631434,1347.0,1605.0,1595.0,1750.6666666666667,1641.5833333333333
C-02,2,2026-08-19 22:00:00,1018,26.4,0.0,71.0,1.3,1004.9,월드컵대교,189882.0,450789.0,22,2,0,8,19,0,-0.5000000000000004,0.8660254037844384,0.9749279121818236,-0.22252093395631434,1371.0,1347.0,1199.0,1441.0,1632.25
C-02,2,2026-08-19 23:00:00,711,26.0,0.0,74.0,1.0,1004.8,월드컵대교,189882.0,450789.0,23,2,0,8,19,0,-0.25881904510252157,0.9659258262890681,0.9749279121818236,-0.22252093395631434,1018.0,1371.0,1095.0,1245.3333333333333,1624.7083333333333
C-02,2,2026-08-20 01:00:00,336,25.0,0.0,76.0,1.2,1004.4,월드컵대교,189882.0,450789.0,1,3,0,8,20,0,0.25881904510252074,0.9659258262890683,0.43388373911755823,-0.900968867902419,711.0,1018.0,675.0,1033.3333333333333,1608.7083333333333
C-02,2,2026-08-20 02:00:00,271,24.6,0.0,78.0,1.3,1004.2,월드컵대교,189882.0,450789.0,2,3,0,8,20,0,0.49999999999999994,0.8660254037844387,0.43388373911755823,-0.900968867902419,336.0,711.0,339.0,688.3333333333334,1594.5833333333333
C-02,2,2026-08-20 03:00:00,252,24.4,0.0,79.0,0.7,1004.1,월드컵대교,189882.0,450789.0,3,3,0,8,20,0,0.7071067811865476,0.7071067811865476,0.43388373911755823,-0.900968867902419,271.0,336.0,232.0,439.3333333333333,1591.75
C-02,2,2026-08-20 04:00:00,418,24.4,0.0,80.0,1.5,1004.1,월드컵대교,189882.0,450789.0,4,3,0,8,20,0,0.8660254037844386,0.5000000000000001,0.43388373911755823,-0.900968867902419,252.0,271.0,270.0,286.3333333333333,1592.5833333333333
C-02,2,2026-08-20 05:00:00,1056,24.2,0.0,80.0,1.9,1004.3,월드컵대교,189882.0,450789.0,5,3,0,8,20,0,0.9659258262890683,0.25881904510252074,0.43388373911755823,-0.900968867902419,418.0,252.0,393.0,313.6666666666667,1598.75
C-02,2,2026-08-20 06:00:00,2272,24.1,0.0,81.0,1.4,1004.4,월드컵대교,189882.0,450789.0,6,3,0,8,20,0,1.0,6.123233995736766e-17,0.43388373911755823,-0.900968867902419,1056.0,418.0,1065.0,575.3333333333334,1626.375
C-02,2,2026-08-20 07:00:00,2974,24.1,0.0,82.0,1.3,1004.6,월드컵대교,189882.0,450789.0,7,3,0,8,20,1,0.9659258262890683,-0.25881904510252063,0.43388373911755823,-0.900968867902419,2272.0,1056.0,2207.0,1248.6666666666667,1676.6666666666667
C-02,2,2026-08-20 08:00:00,3087,24.8,0.0,82.0,2.1,1004.7,월드컵대교,189882.0,450789.0,8,3,0,8,20,1,0.8660254037844387,-0.4999999999999998,0.43388373911755823,-0.900968867902419,2974.0,2272.0,2983.0,2100.6666666666665,1708.625
C-02,2,2026-08-20 09:00:00,2811,25.7,0.0,79.0,1.3,1005.2,월드컵대교,189882.0,450789.0,9,3,0,8,20,1,0.7071067811865476,-0.7071067811865475,0.43388373911755823,-0.900968867902419,3087.0,2974.0,3069.0,2777.6666666666665,1712.9583333333333
C-02,2,2026-08-20 10:00:00,2405,27.0,0.0,74.0,0.8,1005.2,월드컵대교,189882.0,450789.0,10,3,0,8,20,0,0.49999999999999994,-0.8660254037844387,0.43388373911755823,-0.900968867902419,2811.0,3087.0,2720.0,2957.3333333333335,1702.2083333333333
C-02,2,2026-08-20 11:00:00,1582,27.8,0.0,69.0,0.8,1005.0,월드컵대교,189882.0,450789.0,11,3,0,8,20,0,0.258819045102521,-0.9659258262890682,0.43388373911755823,-0.900968867902419,2405.0,2811.0,2343.0,2767.6666666666665,1689.0833333333333
C-02,2,2026-08-20 12:00:00,1966,27.9,0.0,69.0,1.2,1005.0,월드컵대교,189882.0,450789.0,12,3,0,8,20,0,1.2246467991473532e-16,-1.0,0.43388373911755823,-0.900968867902419,1582.0,2405.0,1800.0,2266.0,1657.375
C-02,2,2026-08-20 13:00:00,787,27.7,0.0,72.0,2.1,1004.8,월드컵대교,189882.0,450789.0,13,3,0,8,20,0,-0.2588190451025208,-0.9659258262890683,0.43388373911755823,-0.900968867902419,1966.0,1582.0,1725.0,1984.3333333333333,1664.2916666666667
C-02,2,2026-08-20 14:00:00,0,26.9,1.5,82.0,1.4,1004.6,월드컵대교,189882.0,450789.0,14,3,0,8,20,0,-0.4999999999999997,-0.8660254037844388,0.43388373911755823,-0.900968867902419,787.0,1966.0,1683.0,1445.0,1625.2083333333333
C-02,2,2026-08-20 15:00:00,79,26.7,0.3,81.0,1.9,1003.9,월드컵대교,189882.0,450789.0,15,3,0,8,20,0,-0.7071067811865471,-0.7071067811865479,0.43388373911755823,-0.900968867902419,0.0,787.0,1822.0,917.6666666666666,1555.0833333333333
C-02,2,2026-08-20 16:00:00,2287,27.3,0.0,81.0,1.6,1003.5,월드컵대교,189882.0,450789.0,16,3,0,8,20,0,-0.8660254037844385,-0.5000000000000004,0.43388373911755823,-0.900968867902419,79.0,0.0,2047.0,288.6666666666667,1482.4583333333333
C-02,2,2026-08-20 17:00:00,2284,27.3,0.0,79.0,2.0,1003.3,월드컵대교,189882.0,450789.0,17,3,0,8,20,0,-0.9659258262890683,-0.25881904510252063,0.43388373911755823,-0.900968867902419,2287.0,79.0,2443.0,788.6666666666666,1492.4583333333333
C-02,2,2026-08-20 18:00:00,1960,27.1,0.0,80.0,2.6,1003.1,월드컵대교,189882.0,450789.0,18,3,0,8,20,1,-1.0,-1.8369701987210297e-16,0.43388373911755823,-0.900968867902419,2284.0,2287.0,2441.0,1550.0,1485.8333333333333
C-02,2,2026-08-20 19:00:00,1581,26.8,0.0,80.0,2.6,1003.0,월드컵대교,189882.0,450789.0,19,3,0,8,20,1,-0.9659258262890684,0.2588190451025203,0.43388373911755823,-0.900968867902419,1960.0,2284.0,2300.0,2177.0,1465.7916666666667
C-02,2,2026-08-20 20:00:00,1556,26.3,0.0,81.0,1.5,1003.4,월드컵대교,189882.0,450789.0,20,3,0,8,20,1,-0.8660254037844386,0.5000000000000001,0.43388373911755823,-0.900968867902419,1581.0,1960.0,1605.0,1941.6666666666667,1435.8333333333333
C-02,2,2026-08-20 21:00:00,1431,26.1,0.0,81.0,1.7,1003.5,월드컵대교,189882.0,450789.0,21,3,0,8,20,0,-0.7071067811865477,0.7071067811865474,0.43388373911755823,-0.900968867902419,1556.0,1581.0,1347.0,1699.0,1433.7916666666667
C-02,2,2026-08-20 22:00:00,1217,25.9,0.0,81.0,1.9,1003.6,월드컵대교,189882.0,450789.0,22,3,0,8,20,0,-0.5000000000000004,0.8660254037844384,0.43388373911755823,-0.900968867902419,1431.0,1556.0,1371.0,1522.6666666666667,1437.2916666666667
C-02,2,2026-08-20 23:00:00,812,25.7,0.0,81.0,2.1,1003.4,월드컵대교,189882.0,450789.0,23,3,0,8,20,0,-0.25881904510252157,0.9659258262890681,0.43388373911755823,-0.900968867902419,1217.0,1431.0,1018.0,1401.3333333333333,1430.875
C-02,2,2026-08-21 01:00:00,343,25.3,0.0,83.0,1.2,1003.3,월드컵대교,189882.0,450789.0,1,4,0,8,21,0,0.25881904510252074,0.9659258262890683,-0.433883739117558,-0.9009688679024191,812.0,1217.0,711.0,1153.3333333333333,1422.2916666666667
C-02,2,2026-08-21 02:00:00,273,25.3,0.0,83.0,1.9,1003.1,월드컵대교,189882.0,450789.0,2,4,0,8,21,0,0.49999999999999994,0.8660254037844387,-0.433883739117558,-0.9009688679024191,343.0,812.0,336.0,790.6666666666666,1406.9583333333333
C-02,2,2026-08-21 03:00:00,252,25.1,0.0,84.0,1.3,1002.9,월드컵대교,189882.0,450789.0,3,4,0,8,21,0,0.7071067811865476,0.7071067811865476,-0.433883739117558,-0.9009688679024191,273.0,343.0,271.0,476.0,1404.3333333333333
C-02,2,2026-08-21 04:00:00,428,24.9,0.0,85.0,1.9,1002.7,월드컵대교,189882.0,450789.0,4,4,0,8,21,0,0.8660254037844386,0.5000000000000001,-0.433883739117558,-0.9009688679024191,252.0,273.0,252.0,289.3333333333333,1403.5416666666667
C-02,2,2026-08-21 05:00:00,1014,24.8,0.0,85.0,1.9,1002.6,월드컵대교,189882.0,450789.0,5,4,0,8,21,0,0.9659258262890683,0.25881904510252074,-0.433883739117558,-0.9009688679024191,428.0,252.0,418.0,317.6666666666667,1410.875
C-02,2,2026-08-21 06:00:00,2089,24.7,0.0,87.0,1.1,1002.5,월드컵대교,189882.0,450789.0,6,4,0,8,21,0,1.0,6.123233995736766e-17,-0.433883739117558,-0.9009688679024191,1014.0,428.0,1056.0,564.6666666666666,1435.7083333333333
C-02,2,2026-08-21 07:00:00,2955,25.0,0.0,86.0,1.9,1003.0,월드컵대교,189882.0,450789.0,7,4,0,8,21,1,0.9659258262890683,-0.25881904510252063,-0.433883739117558,-0.9009688679024191,2089.0,1014.0,2272.0,1177.0,1478.75
C-02,2,2026-08-21 08:00:00,2921,25.3,0.0,86.0,2.0,1003.2,월드컵대교,189882.0,450789.0,8,4,0,8,21,1,0.8660254037844387,-0.4999999999999998,-0.433883739117558,-0.9009688679024191,2955.0,2089.0,2974.0,2019.3333333333333,1507.2083333333333
C-02,2,2026-08-21 09:00:00,2611,25.7,0.3,86.0,2.4,1003.2,월드컵대교,189882.0,450789.0,9,4,0,8,21,1,0.7071067811865476,-0.7071067811865475,-0.433883739117558,-0.9009688679024191,2921.0,2955.0,3087.0,2655.0,1505.0
C-02,2,2026-08-21 10:00:00,2240,26.0,0.0,85.0,1.1,1003.4,월드컵대교,189882.0,450789.0,10,4,0,8,21,0,0.49999999999999994,-0.8660254037844387,-0.433883739117558,-0.9009688679024191,2611.0,2921.0,2811.0,2829.0,1485.1666666666667
C-02,2,2026-08-21 11:00:00,2044,26.3,0.1,86.0,1.9,1003.1,월드컵대교,189882.0,450789.0,11,4,0,8,21,0,0.258819045102521,-0.9659258262890682,-0.433883739117558,-0.9009688679024191,2240.0,2611.0,2405.0,2590.6666666666665,1461.375
C-02,2,2026-08-21 12:00:00,1589,26.8,0.0,83.0,1.9,1002.9,월드컵대교,189882.0,450789.0,12,4,0,8,21,0,1.2246467991473532e-16,-1.0,-0.433883739117558,-0.9009688679024191,2044.0,2240.0,1582.0,2298.3333333333335,1446.3333333333333
C-02,2,2026-08-21 13:00:00,1600,26.9,0.0,82.0,3.2,1002.8,월드컵대교,189882.0,450789.0,13,4,0,8,21,0,-0.2588190451025208,-0.9659258262890683,-0.433883739117558,-0.9009688679024191,1589.0,2044.0,1966.0,1957.6666666666667,1446.625
C-02,2,2026-08-21 14:00:00,2019,26.5,0.2,81.0,3.1,1001.8,월드컵대교,189882.0,450789.0,14,4,0,8,21,0,-0.4999999999999997,-0.8660254037844388,-0.433883739117558,-0.9009688679024191,1600.0,1589.0,787.0,1744.3333333333333,1431.375
C-02,2,2026-08-21 15:00:00,2216,27.3,0.0,77.0,1.0,1001.3,월드컵대교,189882.0,450789.0,15,4,0,8,21,0,-0.7071067811865471,-0.7071067811865479,-0.433883739117558,-0.9009688679024191,2019.0,1600.0,0.0,1736.0,1482.7083333333333
C-02,2,2026-08-21 16:00:00,2365,27.9,0.0,72.0,0.7,1001.8,월드컵대교,189882.0,450789.0,16,4,0,8,21,0,-0.8660254037844385,-0.5000000000000004,-0.433883739117558,-0.9009688679024191,2216.0,2019.0,79.0,1945.0,1575.0416666666667
C-02,2,2026-08-21 17:00:00,2580,27.3,0.0,74.0,1.3,1001.1,월드컵대교,189882.0,450789.0,17,4,0,8,21,0,-0.9659258262890683,-0.25881904510252063,-0.433883739117558,-0.9009688679024191,2365.0,2216.0,2287.0,2200.0,1670.2916666666667
C-02,2,2026-08-21 18:00:00,2617,27.1,0.0,77.0,2.4,1001.2,월드컵대교,189882.0,450789.0,18,4,0,8,21,1,-1.0,-1.8369701987210297e-16,-0.433883739117558,-0.9009688679024191,2580.0,2365.0,2284.0,2387.0,1682.5
C-02,2,2026-08-21 19:00:00,1839,26.8,0.0,76.0,1.9,1001.3,월드컵대교,189882.0,450789.0,19,4,0,8,21,1,-0.9659258262890684,0.2588190451025203,-0.433883739117558,-0.9009688679024191,2617.0,2580.0,1960.0,2520.6666666666665,1696.375
C-02,2,2026-08-21 20:00:00,1584,26.5,0.0,78.0,1.3,1001.9,월드컵대교,189882.0,450789.0,20,4,0,8,21,1,-0.8660254037844386,0.5000000000000001,-0.433883739117558,-0.9009688679024191,1839.0,2617.0,1581.0,2345.3333333333335,1691.3333333333333
C-02,2,2026-08-21 21:00:00,1383,26.1,0.0,80.0,2.1,1002.1,월드컵대교,189882.0,450789.0,21,4,0,8,21,0,-0.7071067811865477,0.7071067811865474,-0.433883739117558,-0.9009688679024191,1584.0,1839.0,1556.0,2013.3333333333333,1691.4583333333333
C-02,2,2026-08-21 22:00:00,1255,25.9,0.0,81.0,2.2,1002.3,월드컵대교,189882.0,450789.0,22,4,0,8,21,0,-0.5000000000000004,0.8660254037844384,-0.433883739117558,-0.9009688679024191,1383.0,1584.0,1431.0,1602.0,1684.25
C-02,2,2026-08-21 23:00:00,1006,25.7,0.0,82.0,2.0,1002.2,월드컵대교,189882.0,450789.0,23,4,0,8,21,0,-0.25881904510252157,0.9659258262890681,-0.433883739117558,-0.9009688679024191,1255.0,1383.0,1217.0,1407.3333333333333,1676.9166666666667
C-02,2,2026-08-22 01:00:00,410,25.4,0.0,84.0,2.4,1002.2,월드컵대교,189882.0,450789.0,1,5,1,8,22,0,0.25881904510252074,0.9659258262890683,-0.9749279121818236,-0.2225209339563146,1006.0,1255.0,812.0,1214.6666666666667,1668.125
C-02,2,2026-08-22 02:00:00,355,25.3,0.0,83.0,2.9,1002.0,월드컵대교,189882.0,450789.0,2,5,1,8,22,0,0.49999999999999994,0.8660254037844387,-0.9749279121818236,-0.2225209339563146,410.0,1006.0,343.0,890.3333333333334,1651.375
C-02,2,2026-08-22 03:00:00,320,25.3,0.0,83.0,2.0,1001.9,월드컵대교,189882.0,450789.0,3,5,1,8,22,0,0.7071067811865476,0.7071067811865476,-0.9749279121818236,-0.2225209339563146,355.0,410.0,273.0,590.3333333333334,1651.875
C-02,2,2026-08-22 04:00:00,382,25.2,0.0,83.0,2.0,1002.0,월드컵대교,189882.0,450789.0,4,5,1,8,22,0,0.8660254037844386,0.5000000000000001,-0.9749279121818236,-0.2225209339563146,320.0,355.0,252.0,361.6666666666667,1653.8333333333333
C-02,2,2026-08-22 05:00:00,728,25.2,0.0,83.0,2.2,1002.1,월드컵대교,189882.0,450789.0,5,5,1,8,22,0,0.9659258262890683,0.25881904510252074,-0.9749279121818236,-0.2225209339563146,382.0,320.0,428.0,352.3333333333333,1659.25
C-02,2,2026-08-22 06:00:00,1047,24.9,1.3,89.0,1.8,1002.4,월드컵대교,189882.0,450789.0,6,5,1,8,22,0,1.0,6.123233995736766e-17,-0.9749279121818236,-0.2225209339563146,728.0,382.0,1014.0,476.6666666666667,1671.75
C-02,2,2026-08-22 07:00:00,1354,24.4,2.7,91.0,1.3,1003.2,월드컵대교,189882.0,450789.0,7,5,1,8,22,0,0.9659258262890683,-0.25881904510252063,-0.9749279121818236,-0.2225209339563146,1047.0,728.0,2089.0,719.0,1673.125
C-02,2,2026-08-22 08:00:00,1873,24.0,3.0,92.0,2.7,1003.0,월드컵대교,189882.0,450789.0,8,5,1,8,22,0,0.8660254037844387,-0.4999999999999998,-0.9749279121818236,-0.2225209339563146,1354.0,1047.0,2955.0,1043.0,1642.5
C-02,2,2026-08-22 09:00:00,1939,24.5,0.2,91.0,2.5,1002.9,월드컵대교,189882.0,450789.0,9,5,1,8,22,0,0.7071067811865476,-0.7071067811865475,-0.9749279121818236,-0.2225209339563146,1873.0,1354.0,2921.0,1424.6666666666667,1597.4166666666667
C-02,2,2026-08-22 10:00:00,1893,24.7,0.0,89.0,2.6,1003.3,월드컵대교,189882.0,450789.0,10,5,1,8,22,0,0.49999999999999994,-0.8660254037844387,-0.9749279121818236,-0.2225209339563146,1939.0,1873.0,2611.0,1722.0,1556.5
C-02,2,2026-08-22 11:00:00,1987,25.5,0.0,88.0,2.7,1003.2,월드컵대교,189882.0,450789.0,11,5,1,8,22,0,0.258819045102521,-0.9659258262890682,-0.9749279121818236,-0.2225209339563146,1893.0,1939.0,2240.0,1901.6666666666667,1526.5833333333333
C-02,2,2026-08-22 12:00:00,1698,26.2,0.0,87.0,2.4,1002.8,월드컵대교,189882.0,450789.0,12,5,1,8,22,0,1.2246467991473532e-16,-1.0,-0.9749279121818236,-0.2225209339563146,1987.0,1893.0,2044.0,1939.6666666666667,1516.0416666666667
C-02,2,2026-08-22 13:00:00,2037,24.5,1.5,87.0,4.2,1003.1,월드컵대교,189882.0,450789.0,13,5,1,8,22,0,-0.2588190451025208,-0.9659258262890683,-0.9749279121818236,-0.2225209339563146,1698.0,1987.0,1589.0,1859.3333333333333,1501.625
C-02,2,2026-08-22 14:00:00,2292,23.9,6.5,92.0,1.9,1003.8,월드컵대교,189882.0,450789.0,14,5,1,8,22,0,-0.4999999999999997,-0.8660254037844388,-0.9749279121818236,-0.2225209339563146,2037.0,1698.0,1600.0,1907.3333333333333,1520.2916666666667
C-02,2,2026-08-22 15:00:00,2370,23.7,6.6,93.0,2.5,1003.7,월드컵대교,189882.0,450789.0,15,5,1,8,22,0,-0.7071067811865471,-0.7071067811865479,-0.9749279121818236,-0.2225209339563146,2292.0,2037.0,2019.0,2009.0,1549.125
C-02,2,2026-08-22 16:00:00,2461,23.0,4.0,91.0,1.6,1003.7,월드컵대교,189882.0,450789.0,16,5,1,8,22,0,-0.8660254037844385,-0.5000000000000004,-0.9749279121818236,-0.2225209339563146,2370.0,2292.0,2216.0,2233.0,1563.75
C-02,2,2026-08-22 17:00:00,2043,22.7,3.2,91.0,2.1,1003.8,월드컵대교,189882.0,450789.0,17,5,1,8,22,0,-0.9659258262890683,-0.25881904510252063,-0.9749279121818236,-0.2225209339563146,2461.0,2370.0,2365.0,2374.3333333333335,1573.9583333333333
C-02,2,2026-08-22 18:00:00,2252,22.8,1.3,92.0,1.2,1003.4,월드컵대교,189882.0,450789.0,18,5,1,8,22,0,-1.0,-1.8369701987210297e-16,-0.9749279121818236,-0.2225209339563146,2043.0,2461.0,2580.0,2291.3333333333335,1560.5416666666667
C-02,2,2026-08-22 19:00:00,1379,23.1,0.1,93.0,2.9,1002.6,월드컵대교,189882.0,450789.0,19,5,1,8,22,0,-0.9659258262890684,0.2588190451025203,-0.9749279121818236,-0.2225209339563146,2252.0,2043.0,2617.0,2252.0,1546.875
C-02,2,2026-08-22 20:00:00,1474,22.9,0.0,93.0,1.9,1003.2,월드컵대교,189882.0,450789.0,20,5,1,8,22,0,-0.8660254037844386,0.5000000000000001,-0.9749279121818236,-0.2225209339563146,1379.0,2252.0,1839.0,1891.3333333333333,1495.2916666666667
C-02,2,2026-08-22 21:00:00,1501,22.6,0.0,92.0,2.1,1004.0,월드컵대교,189882.0,450789.0,21,5,1,8,22,0,-0.7071067811865477,0.7071067811865474,-0.9749279121818236,-0.2225209339563146,1474.0,1379.0,1584.0,1701.6666666666667,1480.0833333333333
C-02,2,2026-08-22 22:00:00,1153,22.7,0.0,92.0,1.8,1004.2,월드컵대교,189882.0,450789.0,22,5,1,8,22,0,-0.5000000000000004,0.8660254037844384,-0.9749279121818236,-0.2225209339563146,1501.0,1474.0,1383.0,1451.3333333333333,1476.625
C-02,2,2026-08-22 23:00:00,786,22.7,0.0,93.0,2.6,1004.2,월드컵대교,189882.0,450789.0,23,5,1,8,22,0,-0.25881904510252157,0.9659258262890681,-0.9749279121818236,-0.2225209339563146,1153.0,1501.0,1255.0,1376.0,1467.0416666666667
C-02,2,2026-08-23 01:00:00,363,22.9,0.0,92.0,1.6,1004.0,월드컵대교,189882.0,450789.0,1,6,1,8,23,0,0.25881904510252074,0.9659258262890683,-0.7818314824680299,0.6234898018587334,786.0,1153.0,1006.0,1146.6666666666667,1447.5
C-02,2,2026-08-23 02:00:00,305,22.9,0.0,91.0,2.5,1004.1,월드컵대교,189882.0,450789.0,2,6,1,8,23,0,0.49999999999999994,0.8660254037844387,-0.7818314824680299,0.6234898018587334,363.0,786.0,410.0,767.3333333333334,1420.7083333333333
C-02,2,2026-08-23 03:00:00,208,22.8,0.0,91.0,2.5,1004.1,월드컵대교,189882.0,450789.0,3,6,1,8,23,0,0.7071067811865476,0.7071067811865476,-0.7818314824680299,0.6234898018587334,305.0,363.0,355.0,484.6666666666667,1416.3333333333333
C-02,2,2026-08-23 04:00:00,235,22.9,0.0,91.0,2.6,1004.0,월드컵대교,189882.0,450789.0,4,6,1,8,23,0,0.8660254037844386,0.5000000000000001,-0.7818314824680299,0.6234898018587334,208.0,305.0,320.0,292.0,1410.2083333333333
C-02,2,2026-08-23 05:00:00,396,22.8,0.0,91.0,1.8,1003.9,월드컵대교,189882.0,450789.0,5,6,1,8,23,0,0.9659258262890683,0.25881904510252074,-0.7818314824680299,0.6234898018587334,235.0,208.0,382.0,249.33333333333334,1406.6666666666667
C-02,2,2026-08-23 06:00:00,571,22.7,0.0,92.0,2.2,1004.0,월드컵대교,189882.0,450789.0,6,6,1,8,23,0,1.0,6.123233995736766e-17,-0.7818314824680299,0.6234898018587334,396.0,235.0,728.0,279.6666666666667,1407.25
C-02,2,2026-08-23 07:00:00,815,23.1,0.0,92.0,1.9,1004.5,월드컵대교,189882.0,450789.0,7,6,1,8,23,0,0.9659258262890683,-0.25881904510252063,-0.7818314824680299,0.6234898018587334,571.0,396.0,1047.0,400.6666666666667,1400.7083333333333
C-02,2,2026-08-23 08:00:00,1477,24.3,0.0,88.0,2.3,1004.8,월드컵대교,189882.0,450789.0,8,6,1,8,23,0,0.8660254037844387,-0.4999999999999998,-0.7818314824680299,0.6234898018587334,815.0,571.0,1354.0,594.0,1391.0416666666667
C-02,2,2026-08-23 09:00:00,1780,26.0,0.0,82.0,1.3,1005.1,월드컵대교,189882.0,450789.0,9,6,1,8,23,0,0.7071067811865476,-0.7071067811865475,-0.7818314824680299,0.6234898018587334,1477.0,815.0,1873.0,954.3333333333334,1396.1666666666667
C-02,2,2026-08-23 10:00:00,2244,27.6,0.0,76.0,1.9,1005.5,월드컵대교,189882.0,450789.0,10,6,1,8,23,0,0.49999999999999994,-0.8660254037844387,-0.7818314824680299,0.6234898018587334,1780.0,1477.0,1939.0,1357.3333333333333,1392.2916666666667
C-02,2,2026-08-23 11:00:00,1876,29.3,0.0,71.0,1.9,1005.2,월드컵대교,189882.0,450789.0,11,6,1,8,23,0,0.258819045102521,-0.9659258262890682,-0.7818314824680299,0.6234898018587334,2244.0,1780.0,1893.0,1833.6666666666667,1405.0
C-02,2,2026-08-23 12:00:00,1924,30.6,0.0,67.0,1.6,1004.5,월드컵대교,189882.0,450789.0,12,6,1,8,23,0,1.2246467991473532e-16,-1.0,-0.7818314824680299,0.6234898018587334,1876.0,2244.0,1987.0,1966.6666666666667,1404.2916666666667
C-02,2,2026-08-23 13:00:00,2025,31.7,0.0,61.0,2.2,1004.1,월드컵대교,189882.0,450789.0,13,6,1,8,23,0,-0.2588190451025208,-0.9659258262890683,-0.7818314824680299,0.6234898018587334,1924.0,1876.0,1698.0,2014.6666666666667,1401.6666666666667
C-02,2,2026-08-23 14:00:00,1821,32.4,0.0,60.0,1.8,1003.6,월드컵대교,189882.0,450789.0,14,6,1,8,23,0,-0.4999999999999997,-0.8660254037844388,-0.7818314824680299,0.6234898018587334,2025.0,1924.0,2037.0,1941.6666666666667,1415.2916666666667
C-02,2,2026-08-23 15:00:00,2268,31.9,0.0,56.0,2.9,1003.2,월드컵대교,189882.0,450789.0,15,6,1,8,23,0,-0.7071067811865471,-0.7071067811865479,-0.7818314824680299,0.6234898018587334,1821.0,2025.0,2292.0,1923.3333333333333,1406.2916666666667
C-02,2,2026-08-23 16:00:00,2063,32.4,0.0,57.0,2.3,1003.0,월드컵대교,189882.0,450789.0,16,6,1,8,23,0,-0.8660254037844385,-0.5000000000000004,-0.7818314824680299,0.6234898018587334,2268.0,1821.0,2370.0,2038.0,1405.2916666666667
C-02,2,2026-08-23 17:00:00,2119,32.7,0.0,56.0,2.8,1002.9,월드컵대교,189882.0,450789.0,17,6,1,8,23,0,-0.9659258262890683,-0.25881904510252063,-0.7818314824680299,0.6234898018587334,2063.0,2268.0,2461.0,2050.6666666666665,1392.5
C-02,2,2026-08-23 18:00:00,1568,31.3,0.0,64.0,3.1,1003.1,월드컵대교,189882.0,450789.0,18,6,1,8,23,0,-1.0,-1.8369701987210297e-16,-0.7818314824680299,0.6234898018587334,2119.0,2063.0,2043.0,2150.0,1378.25
C-02,2,2026-08-23 19:00:00,1555,30.1,0.0,68.0,3.0,1003.3,월드컵대교,189882.0,450789.0,19,6,1,8,23,0,-0.9659258262890684,0.2588190451025203,-0.7818314824680299,0.6234898018587334,1568.0,2119.0,2252.0,1916.6666666666667,1358.4583333333333
C-02,2,2026-08-23 20:00:00,1561,28.8,0.0,72.0,2.3,1003.6,월드컵대교,189882.0,450789.0,20,6,1,8,23,0,-0.8660254037844386,0.5000000000000001,-0.7818314824680299,0.6234898018587334,1555.0,1568.0,1379.0,1747.3333333333333,1329.4166666666667
C-02,2,2026-08-23 21:00:00,1547,28.2,0.0,75.0,1.5,1004.1,월드컵대교,189882.0,450789.0,21,6,1,8,23,0,-0.7071067811865477,0.7071067811865474,-0.7818314824680299,0.6234898018587334,1561.0,1555.0,1474.0,1561.3333333333333,1337.0
C-02,2,2026-08-23 22:00:00,1123,27.7,0.0,76.0,0.4,1004.2,월드컵대교,189882.0,450789.0,22,6,1,8,23,0,-0.5000000000000004,0.8660254037844384,-0.7818314824680299,0.6234898018587334,1547.0,1561.0,1501.0,1554.3333333333333,1340.0416666666667
C-02,2,2026-08-23 23:00:00,704,27.2,0.0,79.0,0.2,1004.1,월드컵대교,189882.0,450789.0,23,6,1,8,23,0,-0.25881904510252157,0.9659258262890681,-0.7818314824680299,0.6234898018587334,1123.0,1547.0,1153.0,1410.3333333333333,1324.2916666666667
C-02,2,2026-08-24 01:00:00,242,26.4,0.0,82.0,0.7,1004.1,월드컵대교,189882.0,450789.0,1,0,0,8,24,0,0.25881904510252074,0.9659258262890683,0.0,1.0,704.0,1123.0,786.0,1124.6666666666667,1305.5833333333333
C-02,2,2026-08-24 02:00:00,205,26.2,0.0,84.0,0.6,1004.1,월드컵대교,189882.0,450789.0,2,0,0,8,24,0,0.49999999999999994,0.8660254037844387,0.0,1.0,242.0,704.0,363.0,689.6666666666666,1282.9166666666667
C-02,2,2026-08-24 03:00:00,224,26.1,0.0,82.0,0.3,1004.0,월드컵대교,189882.0,450789.0,3,0,0,8,24,0,0.7071067811865476,0.7071067811865476,0.0,1.0,205.0,242.0,305.0,383.6666666666667,1276.3333333333333
C-02,2,2026-08-24 04:00:00,507,25.8,0.0,85.0,0.7,1003.9,월드컵대교,189882.0,450789.0,4,0,0,8,24,0,0.8660254037844386,0.5000000000000001,0.0,1.0,224.0,205.0,208.0,223.66666666666666,1272.9583333333333
C-02,2,2026-08-24 05:00:00,1238,25.7,0.0,84.0,0.8,1003.6,월드컵대교,189882.0,450789.0,5,0,0,8,24,0,0.9659258262890683,0.25881904510252074,0.0,1.0,507.0,224.0,235.0,312.0,1285.4166666666667
C-02,2,2026-08-24 06:00:00,2412,25.4,0.0,86.0,1.1,1003.9,월드컵대교,189882.0,450789.0,6,0,0,8,24,0,1.0,6.123233995736766e-17,0.0,1.0,1238.0,507.0,396.0,656.3333333333334,1327.2083333333333
C-02,2,2026-08-24 07:00:00,3154,25.6,0.0,87.0,1.4,1003.9,월드컵대교,189882.0,450789.0,7,0,0,8,24,1,0.9659258262890683,-0.25881904510252063,0.0,1.0,2412.0,1238.0,571.0,1385.6666666666667,1411.2083333333333
C-02,2,2026-08-24 08:00:00,2843,26.5,0.0,85.0,1.4,1004.0,월드컵대교,189882.0,450789.0,8,0,0,8,24,1,0.8660254037844387,-0.4999999999999998,0.0,1.0,3154.0,2412.0,815.0,2268.0,1518.8333333333333
C-02,2,2026-08-24 09:00:00,2678,27.6,0.0,78.0,1.5,1003.8,월드컵대교,189882.0,450789.0,9,0,0,8,24,1,0.7071067811865476,-0.7071067811865475,0.0,1.0,2843.0,3154.0,1477.0,2803.0,1603.3333333333333
C-02,2,2026-08-24 10:00:00,2149,29.6,0.0,69.0,1.7,1003.5,월드컵대교,189882.0,450789.0,10,0,0,8,24,0,0.49999999999999994,-0.8660254037844387,0.0,1.0,2678.0,2843.0,1780.0,2891.6666666666665,1653.375
C-02,2,2026-08-24 11:00:00,1956,30.7,0.0,64.0,2.7,1003.2,월드컵대교,189882.0,450789.0,11,0,0,8,24,0,0.258819045102521,-0.9659258262890682,0.0,1.0,2149.0,2678.0,2244.0,2556.6666666666665,1668.75
C-02,2,2026-08-24 12:00:00,1536,31.2,0.0,64.0,3.3,1002.7,월드컵대교,189882.0,450789.0,12,0,0,8,24,0,1.2246467991473532e-16,-1.0,0.0,1.0,1956.0,2149.0,1876.0,2261.0,1656.75
C-02,2,2026-08-24 13:00:00,1707,31.6,0.0,60.0,3.7,1002.2,월드컵대교,189882.0,450789.0,13,0,0,8,24,0,-0.2588190451025208,-0.9659258262890683,0.0,1.0,1536.0,1956.0,1924.0,1880.3333333333333,1642.5833333333333
C-02,2,2026-08-24 14:00:00,1845,31.5,0.0,61.0,2.5,1001.4,월드컵대교,189882.0,450789.0,14,0,0,8,24,0,-0.4999999999999997,-0.8660254037844388,0.0,1.0,1707.0,1536.0,2025.0,1733.0,1633.5416666666667
C-02,2,2026-08-24 15:00:00,1323,32.0,0.0,61.0,4.0,1001.0,월드컵대교,189882.0,450789.0,15,0,0,8,24,0,-0.7071067811865471,-0.7071067811865479,0.0,1.0,1845.0,1707.0,1821.0,1696.0,1626.0416666666667
C-02,2,2026-08-24 16:00:00,1474,31.8,0.0,61.0,4.3,1000.9,월드컵대교,189882.0,450789.0,16,0,0,8,24,0,-0.8660254037844385,-0.5000000000000004,0.0,1.0,1323.0,1845.0,2268.0,1625.0,1605.2916666666667
C-02,2,2026-08-24 17:00:00,2845,31.2,0.0,60.0,3.2,1001.3,월드컵대교,189882.0,450789.0,17,0,0,8,24,0,-0.9659258262890683,-0.25881904510252063,0.0,1.0,1474.0,1323.0,2063.0,1547.3333333333333,1572.2083333333333
C-02,2,2026-08-24 18:00:00,2049,30.9,0.0,57.0,2.6,1001.6,월드컵대교,189882.0,450789.0,18,0,0,8,24,1,-1.0,-1.8369701987210297e-16,0.0,1.0,2845.0,1474.0,2119.0,1880.6666666666667,1604.7916666666667
C-02,2,2026-08-24 19:00:00,1842,29.4,0.0,68.0,2.6,1002.0,월드컵대교,189882.0,450789.0,19,0,0,8,24,1,-0.9659258262890684,0.2588190451025203,0.0,1.0,2049.0,2845.0,1568.0,2122.6666666666665,1601.875
C-02,2,2026-08-24 20:00:00,1281,28.7,0.0,72.0,3.9,1002.5,월드컵대교,189882.0,450789.0,20,0,0,8,24,1,-0.8660254037844386,0.5000000000000001,0.0,1.0,1842.0,2049.0,1555.0,2245.3333333333335,1613.2916666666667
C-02,2,2026-08-24 21:00:00,1361,28.3,0.0,74.0,2.3,1003.2,월드컵대교,189882.0,450789.0,21,0,0,8,24,0,-0.7071067811865477,0.7071067811865474,0.0,1.0,1281.0,1842.0,1561.0,1724.0,1601.875
C-02,2,2026-08-24 22:00:00,955,27.8,0.0,76.0,2.8,1002.8,월드컵대교,189882.0,450789.0,22,0,0,8,24,0,-0.5000000000000004,0.8660254037844384,0.0,1.0,1361.0,1281.0,1547.0,1494.6666666666667,1593.5416666666667
C-02,2,2026-08-24 23:00:00,654,27.5,0.0,78.0,2.3,1001.9,월드컵대교,189882.0,450789.0,23,0,0,8,24,0,-0.25881904510252157,0.9659258262890681,0.0,1.0,955.0,1361.0,1123.0,1199.0,1568.875
C-02,2,2026-08-25 01:00:00,281,27.0,0.0,82.0,1.7,1002.4,월드컵대교,189882.0,450789.0,1,1,0,8,25,0,0.25881904510252074,0.9659258262890683,0.7818314824680298,0.6234898018587336,654.0,955.0,704.0,990.0,1549.3333333333333
C-02,2,2026-08-25 02:00:00,271,27.0,0.0,83.0,1.9,1002.2,월드컵대교,189882.0,450789.0,2,1,0,8,25,0,0.49999999999999994,0.8660254037844387,0.7818314824680298,0.6234898018587336,281.0,654.0,242.0,630.0,1531.7083333333333
C-02,2,2026-08-25 03:00:00,233,26.9,0.0,84.0,2.6,1001.9,월드컵대교,189882.0,450789.0,3,1,0,8,25,0,0.7071067811865476,0.7071067811865476,0.7818314824680298,0.6234898018587336,271.0,281.0,205.0,402.0,1532.9166666666667
C-02,2,2026-08-25 04:00:00,452,26.8,0.0,86.0,2.2,1002.0,월드컵대교,189882.0,450789.0,4,1,0,8,25,0,0.8660254037844386,0.5000000000000001,0.7818314824680298,0.6234898018587336,233.0,271.0,224.0,261.6666666666667,1534.0833333333333
C-02,2,2026-08-25 05:00:00,1029,26.5,0.1,88.0,3.4,1001.7,월드컵대교,189882.0,450789.0,5,1,0,8,25,0,0.9659258262890683,0.25881904510252074,0.7818314824680298,0.6234898018587336,452.0,233.0,507.0,318.6666666666667,1543.5833333333333
C-02,2,2026-08-25 06:00:00,2161,26.1,8.9,92.0,2.6,1002.2,월드컵대교,189882.0,450789.0,6,1,0,8,25,0,1.0,6.123233995736766e-17,0.7818314824680298,0.6234898018587336,1029.0,452.0,1238.0,571.3333333333334,1565.3333333333333
C-02,2,2026-08-25 07:00:00,3133,25.3,11.1,89.0,2.9,1002.7,월드컵대교,189882.0,450789.0,7,1,0,8,25,1,0.9659258262890683,-0.25881904510252063,0.7818314824680298,0.6234898018587336,2161.0,1029.0,2412.0,1214.0,1603.7916666666667
C-02,2,2026-08-25 08:00:00,2882,25.5,0.0,92.0,0.8,1003.0,월드컵대교,189882.0,450789.0,8,1,0,8,25,1,0.8660254037844387,-0.4999999999999998,0.7818314824680298,0.6234898018587336,3133.0,2161.0,3154.0,2107.6666666666665,1633.8333333333333
C-02,2,2026-08-25 09:00:00,2543,27.0,0.0,89.0,1.6,1002.9,월드컵대교,189882.0,450789.0,9,1,0,8,25,1,0.7071067811865476,-0.7071067811865475,0.7818314824680298,0.6234898018587336,2882.0,3133.0,2843.0,2725.3333333333335,1622.5
C-02,2,2026-08-25 10:00:00,2352,28.3,0.0,78.0,2.2,1003.1,월드컵대교,189882.0,450789.0,10,1,0,8,25,0,0.49999999999999994,-0.8660254037844387,0.7818314824680298,0.6234898018587336,2543.0,2882.0,2678.0,2852.6666666666665,1610.0
C-02,2,2026-08-25 11:00:00,2017,29.4,0.0,71.0,2.4,1003.2,월드컵대교,189882.0,450789.0,11,1,0,8,25,0,0.258819045102521,-0.9659258262890682,0.7818314824680298,0.6234898018587336,2352.0,2543.0,2149.0,2592.3333333333335,1596.4166666666667
C-02,2,2026-08-25 12:00:00,1649,29.7,0.0,68.0,2.8,1002.8,월드컵대교,189882.0,450789.0,12,1,0,8,25,0,1.2246467991473532e-16,-1.0,0.7818314824680298,0.6234898018587336,2017.0,2352.0,1956.0,2304.0,1590.9166666666667
C-02,2,2026-08-25 13:00:00,1984,30.5,0.0,65.0,2.5,1002.3,월드컵대교,189882.0,450789.0,13,1,0,8,25,0,-0.2588190451025208,-0.9659258262890683,0.7818314824680298,0.6234898018587336,1649.0,2017.0,1536.0,2006.0,1578.125
C-02,2,2026-08-25 14:00:00,1598,31.6,0.0,64.0,1.8,1001.5,월드컵대교,189882.0,450789.0,14,1,0,8,25,0,-0.4999999999999997,-0.8660254037844388,0.7818314824680298,0.6234898018587336,1984.0,1649.0,1707.0,1883.3333333333333,1596.7916666666667
C-02,2,2026-08-25 15:00:00,2206,32.1,0.0,59.0,2.8,1001.1,월드컵대교,189882.0,450789.0,15,1,0,8,25,0,-0.7071067811865471,-0.7071067811865479,0.7818314824680298,0.6234898018587336,1598.0,1984.0,1845.0,1743.6666666666667,1592.25
C-02,2,2026-08-25 16:00:00,1978,32.2,0.0,58.0,2.6,1000.8,월드컵대교,189882.0,450789.0,16,1,0,8,25,0,-0.8660254037844385,-0.5000000000000004,0.7818314824680298,0.6234898018587336,2206.0,1598.0,1323.0,1929.3333333333333,1607.2916666666667
C-02,2,2026-08-25 17:00:00,2540,32.3,0.0,58.0,2.9,1000.6,월드컵대교,189882.0,450789.0,17,1,0,8,25,0,-0.9659258262890683,-0.25881904510252063,0.7818314824680298,0.6234898018587336,1978.0,2206.0,1474.0,1927.3333333333333,1634.5833333333333
C-02,2,2026-08-25 18:00:00,2231,31.6,0.0,61.0,2.8,1000.4,월드컵대교,189882.0,450789.0,18,1,0,8,25,1,-1.0,-1.8369701987210297e-16,0.7818314824680298,0.6234898018587336,2540.0,1978.0,2845.0,2241.3333333333335,1679.0
C-02,2,2026-08-25 19:00:00,1682,30.1,0.0,64.0,2.4,1001.0,월드컵대교,189882.0,450789.0,19,1,0,8,25,1,-0.9659258262890684,0.2588190451025203,0.7818314824680298,0.6234898018587336,2231.0,2540.0,2049.0,2249.6666666666665,1653.4166666666667
C-02,2,2026-08-25 20:00:00,1534,29.0,0.0,69.0,1.6,1000.7,월드컵대교,189882.0,450789.0,20,1,0,8,25,1,-0.8660254037844386,0.5000000000000001,0.7818314824680298,0.6234898018587336,1682.0,2231.0,1842.0,2151.0,1638.125
C-02,2,2026-08-25 21:00:00,1629,28.2,0.0,74.0,2.6,1001.1,월드컵대교,189882.0,450789.0,21,1,0,8,25,0,-0.7071067811865477,0.7071067811865474,0.7818314824680298,0.6234898018587336,1534.0,1682.0,1281.0,1815.6666666666667,1625.2916666666667
C-02,2,2026-08-25 22:00:00,1272,27.7,0.0,76.0,1.6,1001.5,월드컵대교,189882.0,450789.0,22,1,0,8,25,0,-0.5000000000000004,0.8660254037844384,0.7818314824680298,0.6234898018587336,1629.0,1534.0,1361.0,1615.0,1639.7916666666667
C-02,2,2026-08-25 23:00:00,759,27.3,0.0,78.0,1.2,1001.3,월드컵대교,189882.0,450789.0,23,1,0,8,25,0,-0.25881904510252157,0.9659258262890681,0.7818314824680298,0.6234898018587336,1272.0,1629.0,955.0,1478.3333333333333,1636.0833333333333
C-02,2,2026-08-26 01:00:00,318,26.5,0.0,77.0,0.9,1000.4,월드컵대교,189882.0,450789.0,1,2,0,8,26,0,0.25881904510252074,0.9659258262890683,0.9749279121818236,-0.22252093395631434,759.0,1272.0,654.0,1220.0,1627.9166666666667
C-02,2,2026-08-26 02:00:00,260,26.1,0.0,79.0,1.0,1000.2,월드컵대교,189882.0,450789.0,2,2,0,8,26,0,0.49999999999999994,0.8660254037844387,0.9749279121818236,-0.22252093395631434,318.0,759.0,281.0,783.0,1613.9166666666667
C-02,2,2026-08-26 03:00:00,255,25.8,0.0,81.0,1.5,1000.2,월드컵대교,189882.0,450789.0,3,2,0,8,26,0,0.7071067811865476,0.7071067811865476,0.9749279121818236,-0.22252093395631434,260.0,318.0,271.0,445.6666666666667,1613.0416666666667
C-02,2,2026-08-26 04:00:00,468,25.5,0.0,82.0,0.7,999.6,월드컵대교,189882.0,450789.0,4,2,0,8,26,0,0.8660254037844386,0.5000000000000001,0.9749279121818236,-0.22252093395631434,255.0,260.0,233.0,277.6666666666667,1612.375
C-02,2,2026-08-26 05:00:00,1054,25.3,0.0,84.0,0.4,999.8,월드컵대교,189882.0,450789.0,5,2,0,8,26,0,0.9659258262890683,0.25881904510252074,0.9749279121818236,-0.22252093395631434,468.0,255.0,452.0,327.6666666666667,1622.1666666666667
C-02,2,2026-08-26 06:00:00,2336,25.0,0.0,84.0,1.7,999.6,월드컵대교,189882.0,450789.0,6,2,0,8,26,0,1.0,6.123233995736766e-17,0.9749279121818236,-0.22252093395631434,1054.0,468.0,1029.0,592.3333333333334,1647.25
C-02,2,2026-08-26 07:00:00,3260,25.1,0.0,86.0,1.8,1000.0,월드컵대교,189882.0,450789.0,7,2,0,8,26,1,0.9659258262890683,-0.25881904510252063,0.9749279121818236,-0.22252093395631434,2336.0,1054.0,2161.0,1286.0,1701.7083333333333
C-02,2,2026-08-26 08:00:00,2834,26.7,0.0,83.0,2.3,999.8,월드컵대교,189882.0,450789.0,8,2,0,8,26,1,0.8660254037844387,-0.4999999999999998,0.9749279121818236,-0.22252093395631434,3260.0,2336.0,3133.0,2216.6666666666665,1747.5
C-02,2,2026-08-26 09:00:00,2721,27.3,0.0,79.0,0.7,999.2,월드컵대교,189882.0,450789.0,9,2,0,8,26,1,0.7071067811865476,-0.7071067811865475,0.9749279121818236,-0.22252093395631434,2834.0,3260.0,2882.0,2810.0,1735.0416666666667
C-02,2,2026-08-26 10:00:00,2134,28.6,0.0,71.0,0.9,999.5,월드컵대교,189882.0,450789.0,10,2,0,8,26,0,0.49999999999999994,-0.8660254037844387,0.9749279121818236,-0.22252093395631434,2721.0,2834.0,2543.0,2938.3333333333335,1728.3333333333333
C-02,2,2026-08-26 11:00:00,1866,29.7,0.0,64.0,1.7,999.2,월드컵대교,189882.0,450789.0,11,2,0,8,26,0,0.258819045102521,-0.9659258262890682,0.9749279121818236,-0.22252093395631434,2134.0,2721.0,2352.0,2563.0,1711.2916666666667
C-02,2,2026-08-26 12:00:00,1665,30.3,0.0,64.0,2.1,998.6,월드컵대교,189882.0,450789.0,12,2,0,8,26,0,1.2246467991473532e-16,-1.0,0.9749279121818236,-0.22252093395631434,1866.0,2134.0,2017.0,2240.3333333333335,1691.0416666666667
C-02,2,2026-08-26 13:00:00,1965,30.6,0.0,62.0,2.5,998.9,월드컵대교,189882.0,450789.0,13,2,0,8,26,0,-0.2588190451025208,-0.9659258262890683,0.9749279121818236,-0.22252093395631434,1665.0,1866.0,1649.0,1888.3333333333333,1676.375
C-02,2,2026-08-26 14:00:00,1863,30.4,0.0,65.0,2.3,998.4,월드컵대교,189882.0,450789.0,14,2,0,8,26,0,-0.4999999999999997,-0.8660254037844388,0.9749279121818236,-0.22252093395631434,1965.0,1665.0,1984.0,1832.0,1689.5416666666667
C-02,2,2026-08-26 15:00:00,2075,30.0,0.0,65.0,1.7,998.2,월드컵대교,189882.0,450789.0,15,2,0,8,26,0,-0.7071067811865471,-0.7071067811865479,0.9749279121818236,-0.22252093395631434,1863.0,1965.0,1598.0,1831.0,1684.5
C-02,2,2026-08-26 16:00:00,2214,29.7,0.0,68.0,2.4,998.0,월드컵대교,189882.0,450789.0,16,2,0,8,26,0,-0.8660254037844385,-0.5000000000000004,0.9749279121818236,-0.22252093395631434,2075.0,1863.0,2206.0,1967.6666666666667,1704.375
C-02,2,2026-08-26 17:00:00,2347,30.2,0.0,64.0,2.9,997.6,월드컵대교,189882.0,450789.0,17,2,0,8,26,0,-0.9659258262890683,-0.25881904510252063,0.9749279121818236,-0.22252093395631434,2214.0,2075.0,1978.0,2050.6666666666665,1704.7083333333333
C-02,2,2026-08-26 18:00:00,2060,30.0,0.0,63.0,2.4,997.3,월드컵대교,189882.0,450789.0,18,2,0,8,26,1,-1.0,-1.8369701987210297e-16,0.9749279121818236,-0.22252093395631434,2347.0,2214.0,2540.0,2212.0,1720.0833333333333
C-02,2,2026-08-26 19:00:00,1886,29.0,0.0,67.0,1.8,997.4,월드컵대교,189882.0,450789.0,19,2,0,8,26,1,-0.9659258262890684,0.2588190451025203,0.9749279121818236,-0.22252093395631434,2060.0,2347.0,2231.0,2207.0,1700.0833333333333
C-02,2,2026-08-26 20:00:00,1516,28.3,0.0,70.0,2.1,997.5,월드컵대교,189882.0,450789.0,20,2,0,8,26,1,-0.8660254037844386,0.5000000000000001,0.9749279121818236,-0.22252093395631434,1886.0,2060.0,1682.0,2097.6666666666665,1685.7083333333333
C-02,2,2026-08-26 21:00:00,1333,27.8,0.0,71.0,1.0,997.6,월드컵대교,189882.0,450789.0,21,2,0,8,26,0,-0.7071067811865477,0.7071067811865474,0.9749279121818236,-0.22252093395631434,1516.0,1886.0,1534.0,1820.6666666666667,1678.7916666666667
C-02,2,2026-08-26 22:00:00,1103,27.6,0.0,73.0,1.1,998.0,월드컵대교,189882.0,450789.0,22,2,0,8,26,0,-0.5000000000000004,0.8660254037844384,0.9749279121818236,-0.22252093395631434,1333.0,1516.0,1629.0,1578.3333333333333,1670.4166666666667
C-02,2,2026-08-26 23:00:00,692,27.1,0.0,76.0,1.7,998.3,월드컵대교,189882.0,450789.0,23,2,0,8,26,0,-0.25881904510252157,0.9659258262890681,0.9749279121818236,-0.22252093395631434,1103.0,1333.0,1272.0,1317.3333333333333,1648.5
C-02,2,2026-08-27 01:00:00,357,26.5,0.0,78.0,0.6,998.4,월드컵대교,189882.0,450789.0,1,3,0,8,27,0,0.25881904510252074,0.9659258262890683,0.43388373911755823,-0.900968867902419,692.0,1103.0,759.0,1042.6666666666667,1624.3333333333333
C-02,2,2026-08-27 02:00:00,278,26.2,0.0,80.0,1.4,998.2,월드컵대교,189882.0,450789.0,2,3,0,8,27,0,0.49999999999999994,0.8660254037844387,0.43388373911755823,-0.900968867902419,357.0,692.0,318.0,717.3333333333334,1607.5833333333333
C-02,2,2026-08-27 03:00:00,251,25.9,0.0,81.0,0.6,997.6,월드컵대교,189882.0,450789.0,3,3,0,8,27,0,0.7071067811865476,0.7071067811865476,0.43388373911755823,-0.900968867902419,278.0,357.0,260.0,442.3333333333333,1605.9166666666667
C-02,2,2026-08-27 04:00:00,436,25.7,0.0,82.0,0.9,997.8,월드컵대교,189882.0,450789.0,4,3,0,8,27,0,0.8660254037844386,0.5000000000000001,0.43388373911755823,-0.900968867902419,251.0,278.0,255.0,295.3333333333333,1605.5416666666667
C-02,2,2026-08-27 05:00:00,1110,25.5,0.0,83.0,1.2,997.7,월드컵대교,189882.0,450789.0,5,3,0,8,27,0,0.9659258262890683,0.25881904510252074,0.43388373911755823,-0.900968867902419,436.0,251.0,468.0,321.6666666666667,1613.0833333333333
C-02,2,2026-08-27 06:00:00,2166,25.3,0.0,82.0,0.9,997.8,월드컵대교,189882.0,450789.0,6,3,0,8,27,0,1.0,6.123233995736766e-17,0.43388373911755823,-0.900968867902419,1110.0,436.0,1054.0,599.0,1639.8333333333333
C-02,2,2026-08-27 07:00:00,2839,25.3,0.0,82.0,0.6,997.8,월드컵대교,189882.0,450789.0,7,3,0,8,27,1,0.9659258262890683,-0.25881904510252063,0.43388373911755823,-0.900968867902419,2166.0,1110.0,2336.0,1237.3333333333333,1686.1666666666667
C-02,2,2026-08-27 08:00:00,2851,25.7,0.0,81.0,1.6,998.1,월드컵대교,189882.0,450789.0,8,3,0,8,27,1,0.8660254037844387,-0.4999999999999998,0.43388373911755823,-0.900968867902419,2839.0,2166.0,3260.0,2038.3333333333333,1707.125
C-02,2,2026-08-27 09:00:00,2651,26.7,0.0,80.0,1.6,998.1,월드컵대교,189882.0,450789.0,9,3,0,8,27,1,0.7071067811865476,-0.7071067811865475,0.43388373911755823,-0.900968867902419,2851.0,2839.0,2834.0,2618.6666666666665,1690.0833333333333
C-02,2,2026-08-27 10:00:00,2465,27.7,0.0,77.0,0.9,998.3,월드컵대교,189882.0,450789.0,10,3,0,8,27,0,0.49999999999999994,-0.8660254037844387,0.43388373911755823,-0.900968867902419,2651.0,2851.0,2721.0,2780.3333333333335,1682.4583333333333
C-02,2,2026-08-27 11:00:00,1989,29.0,0.0,72.0,1.9,998.1,월드컵대교,189882.0,450789.0,11,3,0,8,27,0,0.258819045102521,-0.9659258262890682,0.43388373911755823,-0.900968867902419,2465.0,2651.0,2134.0,2655.6666666666665,1671.7916666666667
C-02,2,2026-08-27 12:00:00,1783,30.7,0.0,64.0,1.8,997.7,월드컵대교,189882.0,450789.0,12,3,0,8,27,0,1.2246467991473532e-16,-1.0,0.43388373911755823,-0.900968867902419,1989.0,2465.0,1866.0,2368.3333333333335,1665.75
C-02,2,2026-08-27 13:00:00,1736,31.2,0.0,60.0,2.8,997.2,월드컵대교,189882.0,450789.0,13,3,0,8,27,0,-0.2588190451025208,-0.9659258262890683,0.43388373911755823,-0.900968867902419,1783.0,1989.0,1665.0,2079.0,1662.2916666666667
C-02,2,2026-08-27 14:00:00,2053,31.5,0.0,59.0,3.1,996.9,월드컵대교,189882.0,450789.0,14,3,0,8,27,0,-0.4999999999999997,-0.8660254037844388,0.43388373911755823,-0.900968867902419,1736.0,1783.0,1965.0,1836.0,1665.25
C-02,2,2026-08-27 15:00:00,2080,31.7,0.0,57.0,2.9,996.4,월드컵대교,189882.0,450789.0,15,3,0,8,27,0,-0.7071067811865471,-0.7071067811865479,0.43388373911755823,-0.900968867902419,2053.0,1736.0,1863.0,1857.3333333333333,1668.9166666666667
C-02,2,2026-08-27 16:00:00,2330,32.0,0.0,53.0,3.3,996.1,월드컵대교,189882.0,450789.0,16,3,0,8,27,0,-0.8660254037844385,-0.5000000000000004,0.43388373911755823,-0.900968867902419,2080.0,2053.0,2075.0,1956.3333333333333,1677.9583333333333
C-02,2,2026-08-27 17:00:00,2502,32.2,0.0,55.0,2.5,996.1,월드컵대교,189882.0,450789.0,17,3,0,8,27,0,-0.9659258262890683,-0.25881904510252063,0.43388373911755823,-0.900968867902419,2330.0,2080.0,2214.0,2154.3333333333335,1688.5833333333333
C-02,2,2026-08-27 18:00:00,2498,31.5,0.0,56.0,2.1,996.1,월드컵대교,189882.0,450789.0,18,3,0,8,27,1,-1.0,-1.8369701987210297e-16,0.43388373911755823,-0.900968867902419,2502.0,2330.0,2347.0,2304.0,1700.5833333333333
C-02,2,2026-08-27 19:00:00,1618,30.3,0.0,61.0,2.0,996.7,월드컵대교,189882.0,450789.0,19,3,0,8,27,1,-0.9659258262890684,0.2588190451025203,0.43388373911755823,-0.900968867902419,2498.0,2502.0,2060.0,2443.3333333333335,1706.875
C-02,2,2026-08-27 20:00:00,1564,29.3,0.0,67.0,1.3,997.1,월드컵대교,189882.0,450789.0,20,3,0,8,27,1,-0.8660254037844386,0.5000000000000001,0.43388373911755823,-0.900968867902419,1618.0,2498.0,1886.0,2206.0,1688.4583333333333
C-02,2,2026-08-27 21:00:00,1520,28.6,0.0,69.0,1.4,998.1,월드컵대교,189882.0,450789.0,21,3,0,8,27,0,-0.7071067811865477,0.7071067811865474,0.43388373911755823,-0.900968867902419,1564.0,1618.0,1516.0,1893.3333333333333,1675.0416666666667
C-02,2,2026-08-27 22:00:00,1221,28.0,0.0,76.0,1.5,998.4,월드컵대교,189882.0,450789.0,22,3,0,8,27,0,-0.5000000000000004,0.8660254037844384,0.43388373911755823,-0.900968867902419,1520.0,1564.0,1333.0,1567.3333333333333,1675.2083333333333
C-02,2,2026-08-27 23:00:00,1023,27.6,0.0,77.0,1.9,998.4,월드컵대교,189882.0,450789.0,23,3,0,8,27,0,-0.25881904510252157,0.9659258262890681,0.43388373911755823,-0.900968867902419,1221.0,1520.0,1103.0,1435.0,1670.5416666666667
C-02,2,2026-08-28 01:00:00,376,27.0,0.0,80.0,1.6,998.3,월드컵대교,189882.0,450789.0,1,4,0,8,28,0,0.25881904510252074,0.9659258262890683,-0.433883739117558,-0.9009688679024191,1023.0,1221.0,692.0,1254.6666666666667,1667.2083333333333
C-02,2,2026-08-28 02:00:00,305,26.8,0.0,81.0,0.9,998.0,월드컵대교,189882.0,450789.0,2,4,0,8,28,0,0.49999999999999994,0.8660254037844387,-0.433883739117558,-0.9009688679024191,376.0,1023.0,357.0,873.3333333333334,1654.0416666666667
C-02,2,2026-08-28 03:00:00,281,26.5,0.0,82.0,1.8,998.5,월드컵대교,189882.0,450789.0,3,4,0,8,28,0,0.7071067811865476,0.7071067811865476,-0.433883739117558,-0.9009688679024191,305.0,376.0,278.0,568.0,1651.875
C-02,2,2026-08-28 04:00:00,451,26.3,0.0,82.0,2.0,998.7,월드컵대교,189882.0,450789.0,4,4,0,8,28,0,0.8660254037844386,0.5000000000000001,-0.433883739117558,-0.9009688679024191,281.0,305.0,251.0,320.6666666666667,1652.0
C-02,2,2026-08-28 05:00:00,1052,26.1,0.0,83.0,2.2,998.6,월드컵대교,189882.0,450789.0,5,4,0,8,28,0,0.9659258262890683,0.25881904510252074,-0.433883739117558,-0.9009688679024191,451.0,281.0,436.0,345.6666666666667,1660.3333333333333
C-02,2,2026-08-28 06:00:00,2229,26.1,0.0,82.0,2.1,998.6,월드컵대교,189882.0,450789.0,6,4,0,8,28,0,1.0,6.123233995736766e-17,-0.433883739117558,-0.9009688679024191,1052.0,451.0,1110.0,594.6666666666666,1686.0
C-02,2,2026-08-28 07:00:00,3118,26.3,0.0,81.0,2.6,998.8,월드컵대교,189882.0,450789.0,7,4,0,8,28,1,0.9659258262890683,-0.25881904510252063,-0.433883739117558,-0.9009688679024191,2229.0,1052.0,2166.0,1244.0,1732.625
C-02,2,2026-08-28 08:00:00,2770,26.9,0.0,79.0,2.8,999.0,월드컵대교,189882.0,450789.0,8,4,0,8,28,1,0.8660254037844387,-0.4999999999999998,-0.433883739117558,-0.9009688679024191,3118.0,2229.0,2839.0,2133.0,1772.2916666666667
C-02,2,2026-08-28 09:00:00,2494,27.7,0.0,73.0,3.1,999.2,월드컵대교,189882.0,450789.0,9,4,0,8,28,1,0.7071067811865476,-0.7071067811865475,-0.433883739117558,-0.9009688679024191,2770.0,3118.0,2851.0,2705.6666666666665,1769.4166666666667
C-02,2,2026-08-28 10:00:00,1926,28.2,0.0,71.0,3.1,999.6,월드컵대교,189882.0,450789.0,10,4,0,8,28,0,0.49999999999999994,-0.8660254037844387,-0.433883739117558,-0.9009688679024191,2494.0,2770.0,2651.0,2794.0,1754.5416666666667
C-02,2,2026-08-28 11:00:00,1793,28.6,0.0,70.0,3.1,999.3,월드컵대교,189882.0,450789.0,11,4,0,8,28,0,0.258819045102521,-0.9659258262890682,-0.433883739117558,-0.9009688679024191,1926.0,2494.0,2465.0,2396.6666666666665,1724.3333333333333
C-02,2,2026-08-28 12:00:00,1879,29.4,0.0,68.0,2.7,998.8,월드컵대교,189882.0,450789.0,12,4,0,8,28,0,1.2246467991473532e-16,-1.0,-0.433883739117558,-0.9009688679024191,1793.0,1926.0,1989.0,2071.0,1696.3333333333333
C-02,2,2026-08-28 13:00:00,1817,29.7,0.0,67.0,3.5,998.5,월드컵대교,189882.0,450789.0,13,4,0,8,28,0,-0.2588190451025208,-0.9659258262890683,-0.433883739117558,-0.9009688679024191,1879.0,1793.0,1783.0,1866.0,1691.75
C-02,2,2026-08-28 14:00:00,1783,29.0,0.0,69.0,3.6,998.2,월드컵대교,189882.0,450789.0,14,4,0,8,28,0,-0.4999999999999997,-0.8660254037844388,-0.433883739117558,-0.9009688679024191,1817.0,1879.0,1736.0,1829.6666666666667,1693.1666666666667
C-02,2,2026-08-28 15:00:00,2575,28.6,0.0,69.0,3.5,997.7,월드컵대교,189882.0,450789.0,15,4,0,8,28,0,-0.7071067811865471,-0.7071067811865479,-0.433883739117558,-0.9009688679024191,1783.0,1817.0,2053.0,1826.3333333333333,1695.125
C-02,2,2026-08-28 16:00:00,2383,27.8,0.0,71.0,3.3,997.4,월드컵대교,189882.0,450789.0,16,4,0,8,28,0,-0.8660254037844385,-0.5000000000000004,-0.433883739117558,-0.9009688679024191,2575.0,1783.0,2080.0,2058.3333333333335,1716.875
C-02,2,2026-08-28 17:00:00,2378,27.4,0.0,72.0,1.8,997.8,월드컵대교,189882.0,450789.0,17,4,0,8,28,0,-0.9659258262890683,-0.25881904510252063,-0.433883739117558,-0.9009688679024191,2383.0,2575.0,2330.0,2247.0,1729.5
C-02,2,2026-08-28 18:00:00,1881,25.9,1.3,84.0,2.3,997.7,월드컵대교,189882.0,450789.0,18,4,0,8,28,1,-1.0,-1.8369701987210297e-16,-0.433883739117558,-0.9009688679024191,2378.0,2383.0,2502.0,2445.3333333333335,1731.5
C-02,2,2026-08-28 19:00:00,2009,25.3,0.0,85.0,3.1,997.8,월드컵대교,189882.0,450789.0,19,4,0,8,28,1,-0.9659258262890684,0.2588190451025203,-0.433883739117558,-0.9009688679024191,1881.0,2378.0,2498.0,2214.0,1705.625
C-02,2,2026-08-28 20:00:00,1604,25.2,0.0,84.0,2.8,998.0,월드컵대교,189882.0,450789.0,20,4,0,8,28,1,-0.8660254037844386,0.5000000000000001,-0.433883739117558,-0.9009688679024191,2009.0,1881.0,1618.0,2089.3333333333335,1685.25
C-02,2,2026-08-28 21:00:00,1514,25.4,0.0,81.0,2.8,998.4,월드컵대교,189882.0,450789.0,21,4,0,8,28,0,-0.7071067811865477,0.7071067811865474,-0.433883739117558,-0.9009688679024191,1604.0,2009.0,1564.0,1831.3333333333333,1684.6666666666667
C-02,2,2026-08-28 22:00:00,1205,25.4,0.0,81.0,2.2,998.3,월드컵대교,189882.0,450789.0,22,4,0,8,28,0,-0.5000000000000004,0.8660254037844384,-0.433883739117558,-0.9009688679024191,1514.0,1604.0,1520.0,1709.0,1682.5833333333333
C-02,2,2026-08-28 23:00:00,899,25.5,0.0,83.0,1.2,998.3,월드컵대교,189882.0,450789.0,23,4,0,8,28,0,-0.25881904510252157,0.9659258262890681,-0.433883739117558,-0.9009688679024191,1205.0,1514.0,1221.0,1441.0,1669.4583333333333
C-02,2,2026-08-29 01:00:00,453,25.4,0.0,81.0,1.1,997.9,월드컵대교,189882.0,450789.0,1,5,1,8,29,0,0.25881904510252074,0.9659258262890683,-0.9749279121818236,-0.2225209339563146,899.0,1205.0,1023.0,1206.0,1656.0416666666667
C-02,2,2026-08-29 02:00:00,342,25.4,0.0,81.0,2.0,997.4,월드컵대교,189882.0,450789.0,2,5,1,8,29,0,0.49999999999999994,0.8660254037844387,-0.9749279121818236,-0.2225209339563146,453.0,899.0,376.0,852.3333333333334,1632.2916666666667
C-02,2,2026-08-29 03:00:00,260,25.4,0.0,81.0,0.5,997.1,월드컵대교,189882.0,450789.0,3,5,1,8,29,0,0.7071067811865476,0.7071067811865476,-0.9749279121818236,-0.2225209339563146,342.0,453.0,305.0,564.6666666666666,1630.875
C-02,2,2026-08-29 04:00:00,379,25.4,0.0,82.0,1.0,997.1,월드컵대교,189882.0,450789.0,4,5,1,8,29,0,0.8660254037844386,0.5000000000000001,-0.9749279121818236,-0.2225209339563146,260.0,342.0,281.0,351.6666666666667,1629.0
C-02,2,2026-08-29 05:00:00,707,25.5,0.0,83.0,0.4,997.2,월드컵대교,189882.0,450789.0,5,5,1,8,29,0,0.9659258262890683,0.25881904510252074,-0.9749279121818236,-0.2225209339563146,379.0,260.0,451.0,327.0,1633.0833333333333
C-02,2,2026-08-29 06:00:00,1092,25.6,0.0,85.0,1.6,997.4,월드컵대교,189882.0,450789.0,6,5,1,8,29,0,1.0,6.123233995736766e-17,-0.9749279121818236,-0.2225209339563146,707.0,379.0,1052.0,448.6666666666667,1643.75
C-02,2,2026-08-29 07:00:00,1234,25.7,0.0,86.0,1.9,997.4,월드컵대교,189882.0,450789.0,7,5,1,8,29,0,0.9659258262890683,-0.25881904510252063,-0.9749279121818236,-0.2225209339563146,1092.0,707.0,2229.0,726.0,1645.4166666666667
C-02,2,2026-08-29 08:00:00,1863,26.1,0.0,85.0,2.1,997.2,월드컵대교,189882.0,450789.0,8,5,1,8,29,0,0.8660254037844387,-0.4999999999999998,-0.9749279121818236,-0.2225209339563146,1234.0,1092.0,3118.0,1011.0,1603.9583333333333
C-02,2,2026-08-29 09:00:00,2008,26.5,0.0,81.0,2.6,997.0,월드컵대교,189882.0,450789.0,9,5,1,8,29,0,0.7071067811865476,-0.7071067811865475,-0.9749279121818236,-0.2225209339563146,1863.0,1234.0,2770.0,1396.3333333333333,1551.6666666666667
C-02,2,2026-08-29 10:00:00,2089,26.6,0.0,78.0,3.1,997.5,월드컵대교,189882.0,450789.0,10,5,1,8,29,0,0.49999999999999994,-0.8660254037844387,-0.9749279121818236,-0.2225209339563146,2008.0,1863.0,2494.0,1701.6666666666667,1519.9166666666667
C-02,2,2026-08-29 11:00:00,1761,27.7,0.0,73.0,2.6,997.4,월드컵대교,189882.0,450789.0,11,5,1,8,29,0,0.258819045102521,-0.9659258262890682,-0.9749279121818236,-0.2225209339563146,2089.0,2008.0,1926.0,1986.6666666666667,1503.0416666666667
C-02,2,2026-08-29 12:00:00,1770,28.5,0.0,69.0,2.8,997.2,월드컵대교,189882.0,450789.0,12,5,1,8,29,0,1.2246467991473532e-16,-1.0,-0.9749279121818236,-0.2225209339563146,1761.0,2089.0,1793.0,1952.6666666666667,1496.1666666666667
C-02,2,2026-08-29 13:00:00,2292,29.8,0.0,66.0,3.3,996.8,월드컵대교,189882.0,450789.0,13,5,1,8,29,0,-0.2588190451025208,-0.9659258262890683,-0.9749279121818236,-0.2225209339563146,1770.0,1761.0,1879.0,1873.3333333333333,1495.2083333333333
C-02,2,2026-08-29 14:00:00,1832,29.8,0.0,63.0,3.0,996.7,월드컵대교,189882.0,450789.0,14,5,1,8,29,0,-0.4999999999999997,-0.8660254037844388,-0.9749279121818236,-0.2225209339563146,2292.0,1770.0,1817.0,1941.0,1512.4166666666667
C-02,2,2026-08-29 15:00:00,2241,30.6,0.0,61.0,3.1,996.3,월드컵대교,189882.0,450789.0,15,5,1,8,29,0,-0.7071067811865471,-0.7071067811865479,-0.9749279121818236,-0.2225209339563146,1832.0,2292.0,1783.0,1964.6666666666667,1513.0416666666667
C-02,2,2026-08-29 16:00:00,2633,31.2,0.0,58.0,3.2,996.1,월드컵대교,189882.0,450789.0,16,5,1,8,29,0,-0.8660254037844385,-0.5000000000000004,-0.9749279121818236,-0.2225209339563146,2241.0,1832.0,2575.0,2121.6666666666665,1532.125
C-02,2,2026-08-29 17:00:00,2345,29.2,0.0,59.0,3.8,996.5,월드컵대교,189882.0,450789.0,17,5,1,8,29,0,-0.9659258262890683,-0.25881904510252063,-0.9749279121818236,-0.2225209339563146,2633.0,2241.0,2383.0,2235.3333333333335,1534.5416666666667
C-02,2,2026-08-29 18:00:00,1910,28.2,0.0,65.0,2.6,996.7,월드컵대교,189882.0,450789.0,18,5,1,8,29,0,-1.0,-1.8369701987210297e-16,-0.9749279121818236,-0.2225209339563146,2345.0,2633.0,2378.0,2406.3333333333335,1532.9583333333333
C-02,2,2026-08-29 19:00:00,1634,27.0,0.0,67.0,2.4,996.9,월드컵대교,189882.0,450789.0,19,5,1,8,29,0,-0.9659258262890684,0.2588190451025203,-0.9749279121818236,-0.2225209339563146,1910.0,2345.0,1881.0,2296.0,1513.4583333333333
C-02,2,2026-08-29 20:00:00,1454,26.5,0.0,68.0,2.2,997.6,월드컵대교,189882.0,450789.0,20,5,1,8,29,0,-0.8660254037844386,0.5000000000000001,-0.9749279121818236,-0.2225209339563146,1634.0,1910.0,2009.0,1963.0,1503.1666666666667
C-02,2,2026-08-29 21:00:00,1499,26.2,0.0,69.0,2.0,998.2,월드컵대교,189882.0,450789.0,21,5,1,8,29,0,-0.7071067811865477,0.7071067811865474,-0.9749279121818236,-0.2225209339563146,1454.0,1634.0,1604.0,1666.0,1480.0416666666667
C-02,2,2026-08-29 22:00:00,1494,25.8,0.0,69.0,1.9,998.4,월드컵대교,189882.0,450789.0,22,5,1,8,29,0,-0.5000000000000004,0.8660254037844384,-0.9749279121818236,-0.2225209339563146,1499.0,1454.0,1514.0,1529.0,1475.6666666666667
C-02,2,2026-08-29 23:00:00,1191,25.4,0.0,70.0,1.7,998.4,월드컵대교,189882.0,450789.0,23,5,1,8,29,0,-0.25881904510252157,0.9659258262890681,-0.9749279121818236,-0.2225209339563146,1494.0,1499.0,1205.0,1482.3333333333333,1474.8333333333333
C-02,2,2026-08-30 01:00:00,490,24.9,0.0,75.0,2.1,998.5,월드컵대교,189882.0,450789.0,1,6,1,8,30,0,0.25881904510252074,0.9659258262890683,-0.7818314824680299,0.6234898018587334,1191.0,1494.0,899.0,1394.6666666666667,1474.25
C-02,2,2026-08-30 02:00:00,338,24.5,0.0,76.0,1.1,997.9,월드컵대교,189882.0,450789.0,2,6,1,8,30,0,0.49999999999999994,0.8660254037844387,-0.7818314824680299,0.6234898018587334,490.0,1191.0,453.0,1058.3333333333333,1457.2083333333333
C-02,2,2026-08-30 03:00:00,220,24.2,0.0,77.0,1.4,998.0,월드컵대교,189882.0,450789.0,3,6,1,8,30,0,0.7071067811865476,0.7071067811865476,-0.7818314824680299,0.6234898018587334,338.0,490.0,342.0,673.0,1452.4166666666667
C-02,2,2026-08-30 04:00:00,288,24.1,0.0,79.0,1.0,997.8,월드컵대교,189882.0,450789.0,4,6,1,8,30,0,0.8660254037844386,0.5000000000000001,-0.7818314824680299,0.6234898018587334,220.0,338.0,260.0,349.3333333333333,1447.3333333333333
C-02,2,2026-08-30 05:00:00,396,23.9,0.0,79.0,1.6,998.1,월드컵대교,189882.0,450789.0,5,6,1,8,30,0,0.9659258262890683,0.25881904510252074,-0.7818314824680299,0.6234898018587334,288.0,220.0,379.0,282.0,1448.5
C-02,2,2026-08-30 06:00:00,678,23.5,0.0,82.0,3.4,999.0,월드컵대교,189882.0,450789.0,6,6,1,8,30,0,1.0,6.123233995736766e-17,-0.7818314824680299,0.6234898018587334,396.0,288.0,707.0,301.3333333333333,1449.2083333333333
C-02,2,2026-08-30 07:00:00,844,23.5,0.0,82.0,0.8,999.4,월드컵대교,189882.0,450789.0,7,6,1,8,30,0,0.9659258262890683,-0.25881904510252063,-0.7818314824680299,0.6234898018587334,678.0,396.0,1092.0,454.0,1448.0
C-02,2,2026-08-30 08:00:00,1336,24.1,0.0,81.0,1.0,998.9,월드컵대교,189882.0,450789.0,8,6,1,8,30,0,0.8660254037844387,-0.4999999999999998,-0.7818314824680299,0.6234898018587334,844.0,678.0,1234.0,639.3333333333334,1437.6666666666667
C-02,2,2026-08-30 09:00:00,1838,24.5,0.0,81.0,2.2,999.0,월드컵대교,189882.0,450789.0,9,6,1,8,30,0,0.7071067811865476,-0.7071067811865475,-0.7818314824680299,0.6234898018587334,1336.0,844.0,1863.0,952.6666666666666,1441.9166666666667
C-02,2,2026-08-30 10:00:00,1924,25.5,0.0,77.0,1.4,999.4,월드컵대교,189882.0,450789.0,10,6,1,8,30,0,0.49999999999999994,-0.8660254037844387,-0.7818314824680299,0.6234898018587334,1838.0,1336.0,2008.0,1339.3333333333333,1440.875
C-02,2,2026-08-30 11:00:00,1916,26.2,0.0,74.0,1.1,999.5,월드컵대교,189882.0,450789.0,11,6,1,8,30,0,0.258819045102521,-0.9659258262890682,-0.7818314824680299,0.6234898018587334,1924.0,1838.0,2089.0,1699.3333333333333,1437.375
C-02,2,2026-08-30 12:00:00,1869,27.0,0.0,71.0,0.5,999.1,월드컵대교,189882.0,450789.0,12,6,1,8,30,0,1.2246467991473532e-16,-1.0,-0.7818314824680299,0.6234898018587334,1916.0,1924.0,1761.0,1892.6666666666667,1430.1666666666667
C-02,2,2026-08-30 13:00:00,1208,27.8,0.0,69.0,1.0,999.2,월드컵대교,189882.0,450789.0,13,6,1,8,30,0,-0.2588190451025208,-0.9659258262890683,-0.7818314824680299,0.6234898018587334,1869.0,1916.0,1770.0,1903.0,1434.6666666666667
C-02,2,2026-08-30 14:00:00,2112,28.2,0.0,66.0,1.1,998.6,월드컵대교,189882.0,450789.0,14,6,1,8,30,0,-0.4999999999999997,-0.8660254037844388,-0.7818314824680299,0.6234898018587334,1208.0,1869.0,2292.0,1664.3333333333333,1411.25
C-02,2,2026-08-30 15:00:00,2062,28.2,0.0,68.0,1.2,997.9,월드컵대교,189882.0,450789.0,15,6,1,8,30,0,-0.7071067811865471,-0.7071067811865479,-0.7818314824680299,0.6234898018587334,2112.0,1208.0,1832.0,1729.6666666666667,1403.75
C-02,2,2026-08-30 16:00:00,2216,28.4,0.0,67.0,1.9,997.4,월드컵대교,189882.0,450789.0,16,6,1,8,30,0,-0.8660254037844385,-0.5000000000000004,-0.7818314824680299,0.6234898018587334,2062.0,2112.0,2241.0,1794.0,1413.3333333333333
C-02,2,2026-08-30 17:00:00,2215,28.2,0.0,69.0,2.3,997.5,월드컵대교,189882.0,450789.0,17,6,1,8,30,0,-0.9659258262890683,-0.25881904510252063,-0.7818314824680299,0.6234898018587334,2216.0,2062.0,2633.0,2130.0,1412.2916666666667
C-02,2,2026-08-30 18:00:00,1624,27.6,0.0,71.0,2.4,997.8,월드컵대교,189882.0,450789.0,18,6,1,8,30,0,-1.0,-1.8369701987210297e-16,-0.7818314824680299,0.6234898018587334,2215.0,2216.0,2345.0,2164.3333333333335,1394.875
C-02,2,2026-08-30 19:00:00,1501,27.2,0.0,71.0,1.9,997.7,월드컵대교,189882.0,450789.0,19,6,1,8,30,0,-0.9659258262890684,0.2588190451025203,-0.7818314824680299,0.6234898018587334,1624.0,2215.0,1910.0,2018.3333333333333,1364.8333333333333
C-02,2,2026-08-30 20:00:00,1569,27.1,0.0,73.0,1.4,998.2,월드컵대교,189882.0,450789.0,20,6,1,8,30,0,-0.8660254037844386,0.5000000000000001,-0.7818314824680299,0.6234898018587334,1501.0,1624.0,1634.0,1780.0,1347.7916666666667
C-02,2,2026-08-30 21:00:00,1566,26.9,0.0,76.0,2.3,999.0,월드컵대교,189882.0,450789.0,21,6,1,8,30,0,-0.7071067811865477,0.7071067811865474,-0.7818314824680299,0.6234898018587334,1569.0,1501.0,1454.0,1564.6666666666667,1345.0833333333333
C-02,2,2026-08-30 22:00:00,978,26.5,0.0,77.0,1.6,998.7,월드컵대교,189882.0,450789.0,22,6,1,8,30,0,-0.5000000000000004,0.8660254037844384,-0.7818314824680299,0.6234898018587334,1566.0,1569.0,1499.0,1545.3333333333333,1349.75
C-02,2,2026-08-30 23:00:00,613,25.9,0.0,80.0,2.4,998.5,월드컵대교,189882.0,450789.0,23,6,1,8,30,0,-0.25881904510252157,0.9659258262890681,-0.7818314824680299,0.6234898018587334,978.0,1566.0,1494.0,1371.0,1328.0416666666667
C-02,2,2026-08-31 01:00:00,234,25.6,0.0,79.0,1.5,998.6,월드컵대교,189882.0,450789.0,1,0,0,8,31,0,0.25881904510252074,0.9659258262890683,0.0,1.0,613.0,978.0,1191.0,1052.3333333333333,1291.3333333333333
C-02,2,2026-08-31 02:00:00,183,25.5,0.0,82.0,2.0,998.4,월드컵대교,189882.0,450789.0,2,0,0,8,31,0,0.49999999999999994,0.8660254037844387,0.0,1.0,234.0,613.0,490.0,608.3333333333334,1251.4583333333333
C-02,2,2026-08-31 03:00:00,204,25.3,0.0,81.0,2.1,998.0,월드컵대교,189882.0,450789.0,3,0,0,8,31,0,0.7071067811865476,0.7071067811865476,0.0,1.0,183.0,234.0,338.0,343.3333333333333,1238.6666666666667
C-02,2,2026-08-31 04:00:00,455,24.7,6.1,89.0,1.4,998.1,월드컵대교,189882.0,450789.0,4,0,0,8,31,0,0.8660254037844386,0.5000000000000001,0.0,1.0,204.0,183.0,220.0,207.0,1233.0833333333333
C-02,2,2026-08-31 05:00:00,1077,24.1,8.6,91.0,1.9,998.2,월드컵대교,189882.0,450789.0,5,0,0,8,31,0,0.9659258262890683,0.25881904510252074,0.0,1.0,455.0,204.0,288.0,280.6666666666667,1242.875
C-02,2,2026-08-31 06:00:00,2326,24.0,1.1,93.0,1.3,998.6,월드컵대교,189882.0,450789.0,6,0,0,8,31,0,1.0,6.123233995736766e-17,0.0,1.0,1077.0,455.0,396.0,578.6666666666666,1275.75
C-02,2,2026-08-31 07:00:00,2692,24.0,0.1,92.0,1.5,998.7,월드컵대교,189882.0,450789.0,7,0,0,8,31,1,0.9659258262890683,-0.25881904510252063,0.0,1.0,2326.0,1077.0,678.0,1286.0,1356.1666666666667
C-02,2,2026-08-31 08:00:00,2679,24.2,0.0,92.0,2.6,998.9,월드컵대교,189882.0,450789.0,8,0,0,8,31,1,0.8660254037844387,-0.4999999999999998,0.0,1.0,2692.0,2326.0,844.0,2031.6666666666667,1440.0833333333333
C-02,2,2026-08-31 09:00:00,2596,24.4,0.2,93.0,2.1,999.1,월드컵대교,189882.0,450789.0,9,0,0,8,31,1,0.7071067811865476,-0.7071067811865475,0.0,1.0,2679.0,2692.0,1336.0,2565.6666666666665,1516.5416666666667
C-02,2,2026-08-31 10:00:00,2201,24.4,1.4,94.0,2.5,999.3,월드컵대교,189882.0,450789.0,10,0,0,8,31,0,0.49999999999999994,-0.8660254037844387,0.0,1.0,2596.0,2679.0,1838.0,2655.6666666666665,1569.0416666666667
C-02,2,2026-08-31 11:00:00,1923,24.5,2.3,94.0,2.4,999.4,월드컵대교,189882.0,450789.0,11,0,0,8,31,0,0.258819045102521,-0.9659258262890682,0.0,1.0,2201.0,2596.0,1924.0,2492.0,1584.1666666666667
C-02,2,2026-08-31 12:00:00,1840,24.6,1.6,94.0,2.9,999.0,월드컵대교,189882.0,450789.0,12,0,0,8,31,0,1.2246467991473532e-16,-1.0,0.0,1.0,1923.0,2201.0,1916.0,2240.0,1584.125
C-02,2,2026-08-31 13:00:00,1699,24.7,2.9,92.0,1.8,999.2,월드컵대교,189882.0,450789.0,13,0,0,8,31,0,-0.2588190451025208,-0.9659258262890683,0.0,1.0,1840.0,1923.0,1869.0,1988.0,1580.9583333333333
C-02,2,2026-08-31 14:00:00,1875,24.6,2.7,91.0,2.0,999.4,월드컵대교,189882.0,450789.0,14,0,0,8,31,0,-0.4999999999999997,-0.8660254037844388,0.0,1.0,1699.0,1840.0,1208.0,1820.6666666666667,1573.875
C-02,2,2026-08-31 15:00:00,1764,24.2,2.0,88.0,1.4,998.7,월드컵대교,189882.0,450789.0,15,0,0,8,31,0,-0.7071067811865471,-0.7071067811865479,0.0,1.0,1875.0,1699.0,2112.0,1804.6666666666667,1601.6666666666667
C-02,2,2026-08-31 16:00:00,2178,24.2,0.7,91.0,2.3,998.6,월드컵대교,189882.0,450789.0,16,0,0,8,31,0,-0.8660254037844385,-0.5000000000000004,0.0,1.0,1764.0,1875.0,2062.0,1779.3333333333333,1587.1666666666667
C-02,2,2026-08-31 17:00:00,2250,23.9,0.8,92.0,2.1,999.0,월드컵대교,189882.0,450789.0,17,0,0,8,31,0,-0.9659258262890683,-0.25881904510252063,0.0,1.0,2178.0,1764.0,2216.0,1939.0,1592.0
C-02,2,2026-08-31 18:00:00,2071,23.8,0.8,94.0,2.6,998.7,월드컵대교,189882.0,450789.0,18,0,0,8,31,1,-1.0,-1.8369701987210297e-16,0.0,1.0,2250.0,2178.0,2215.0,2064.0,1593.4166666666667
C-02,2,2026-08-31 19:00:00,1728,24.1,1.3,94.0,0.5,999.1,월드컵대교,189882.0,450789.0,19,0,0,8,31,1,-0.9659258262890684,0.2588190451025203,0.0,1.0,2071.0,2250.0,1624.0,2166.3333333333335,1587.4166666666667
C-02,2,2026-08-31 20:00:00,1471,24.0,0.7,93.0,0.6,999.7,월드컵대교,189882.0,450789.0,20,0,0,8,31,1,-0.8660254037844386,0.5000000000000001,0.0,1.0,1728.0,2071.0,1501.0,2016.3333333333333,1591.75
C-02,2,2026-08-31 21:00:00,1399,23.7,0.5,92.0,1.7,1000.0,월드컵대교,189882.0,450789.0,21,0,0,8,31,0,-0.7071067811865477,0.7071067811865474,0.0,1.0,1471.0,1728.0,1569.0,1756.6666666666667,1590.5
C-02,2,2026-08-31 22:00:00,1050,23.5,0.7,92.0,2.5,1000.3,월드컵대교,189882.0,450789.0,22,0,0,8,31,0,-0.5000000000000004,0.8660254037844384,0.0,1.0,1399.0,1471.0,1566.0,1532.6666666666667,1583.4166666666667
C-02,2,2026-08-31 23:00:00,676,23.4,0.3,93.0,1.7,1000.3,월드컵대교,189882.0,450789.0,23,0,0,8,31,0,-0.25881904510252157,0.9659258262890681,0.0,1.0,1050.0,1399.0,978.0,1306.6666666666667,1561.9166666666667
C-02,2,2026-09-01 01:00:00,298,26.9,0.0,74.0,2.1,998.6,월드컵대교,189882.0,450789.0,1,1,0,9,1,0,0.25881904510252074,0.9659258262890683,0.7818314824680298,0.6234898018587336,676.0,1050.0,613.0,1041.6666666666667,1549.3333333333333
C-02,2,2026-09-01 02:00:00,232,26.9,0.0,74.0,2.1,998.6,월드컵대교,189882.0,450789.0,2,1,0,9,1,0,0.49999999999999994,0.8660254037844387,0.7818314824680298,0.6234898018587336,298.0,676.0,234.0,674.6666666666666,1536.2083333333333
C-02,2,2026-09-01 03:00:00,252,26.9,0.0,74.0,2.1,998.6,월드컵대교,189882.0,450789.0,3,1,0,9,1,0,0.7071067811865476,0.7071067811865476,0.7818314824680298,0.6234898018587336,232.0,298.0,183.0,402.0,1536.125
C-02,2,2026-09-01 04:00:00,426,26.9,0.0,74.0,2.1,998.6,월드컵대교,189882.0,450789.0,4,1,0,9,1,0,0.8660254037844386,0.5000000000000001,0.7818314824680298,0.6234898018587336,252.0,232.0,204.0,260.6666666666667,1539.0
C-02,2,2026-09-01 05:00:00,975,26.9,0.0,74.0,2.1,998.6,월드컵대교,189882.0,450789.0,5,1,0,9,1,0,0.9659258262890683,0.25881904510252074,0.7818314824680298,0.6234898018587336,426.0,252.0,455.0,303.3333333333333,1548.25
C-02,2,2026-09-01 06:00:00,2068,26.9,0.0,74.0,2.1,998.6,월드컵대교,189882.0,450789.0,6,1,0,9,1,0,1.0,6.123233995736766e-17,0.7818314824680298,0.6234898018587336,975.0,426.0,1077.0,551.0,1569.9166666666667
C-02,2,2026-09-01 07:00:00,2903,26.9,0.0,74.0,2.1,998.6,월드컵대교,189882.0,450789.0,7,1,0,9,1,1,0.9659258262890683,-0.25881904510252063,0.7818314824680298,0.6234898018587336,2068.0,975.0,2326.0,1156.3333333333333,1611.2083333333333
C-02,2,2026-09-01 08:00:00,2603,26.9,0.0,74.0,2.1,998.6,월드컵대교,189882.0,450789.0,8,1,0,9,1,1,0.8660254037844387,-0.4999999999999998,0.7818314824680298,0.6234898018587336,2903.0,2068.0,2692.0,1982.0,1635.25
C-02,2,2026-09-01 09:00:00,2589,26.9,0.0,74.0,2.1,998.6,월드컵대교,189882.0,450789.0,9,1,0,9,1,1,0.7071067811865476,-0.7071067811865475,0.7818314824680298,0.6234898018587336,2603.0,2903.0,2679.0,2524.6666666666665,1631.5416666666667
C-02,2,2026-09-01 10:00:00,1835,26.9,0.0,74.0,2.1,998.6,월드컵대교,189882.0,450789.0,10,1,0,9,1,0,0.49999999999999994,-0.8660254037844387,0.7818314824680298,0.6234898018587336,2589.0,2603.0,2596.0,2698.3333333333335,1627.7916666666667
C-02,2,2026-09-01 11:00:00,2422,26.9,0.0,74.0,2.1,998.6,월드컵대교,189882.0,450789.0,11,1,0,9,1,0,0.258819045102521,-0.9659258262890682,0.7818314824680298,0.6234898018587336,1835.0,2589.0,2201.0,2342.3333333333335,1596.0833333333333
C-02,2,2026-09-01 12:00:00,1778,26.9,0.0,74.0,2.1,998.6,월드컵대교,189882.0,450789.0,12,1,0,9,1,0,1.2246467991473532e-16,-1.0,0.7818314824680298,0.6234898018587336,2422.0,1835.0,1923.0,2282.0,1605.2916666666667
C-02,2,2026-09-01 13:00:00,1990,26.9,0.0,74.0,2.1,998.6,월드컵대교,189882.0,450789.0,13,1,0,9,1,0,-0.2588190451025208,-0.9659258262890683,0.7818314824680298,0.6234898018587336,1778.0,2422.0,1840.0,2011.6666666666667,1599.25
C-02,2,2026-09-01 14:00:00,1804,26.9,0.0,74.0,2.1,998.6,월드컵대교,189882.0,450789.0,14,1,0,9,1,0,-0.4999999999999997,-0.8660254037844388,0.7818314824680298,0.6234898018587336,1990.0,1778.0,1699.0,2063.3333333333335,1605.5
C-02,2,2026-09-01 15:00:00,1908,26.9,0.0,74.0,2.1,998.6,월드컵대교,189882.0,450789.0,15,1,0,9,1,0,-0.7071067811865471,-0.7071067811865479,0.7818314824680298,0.6234898018587336,1804.0,1990.0,1875.0,1857.3333333333333,1609.875
C-02,2,2026-09-01 16:00:00,2038,26.9,0.0,74.0,2.1,998.6,월드컵대교,189882.0,450789.0,16,1,0,9,1,0,-0.8660254037844385,-0.5000000000000004,0.7818314824680298,0.6234898018587336,1908.0,1804.0,1764.0,1900.6666666666667,1611.25
C-02,2,2026-09-01 17:00:00,2439,26.9,0.0,74.0,2.1,998.6,월드컵대교,189882.0,450789.0,17,1,0,9,1,0,-0.9659258262890683,-0.25881904510252063,0.7818314824680298,0.6234898018587336,2038.0,1908.0,2178.0,1916.6666666666667,1622.6666666666667
C-02,2,2026-09-01 18:00:00,2307,26.9,0.0,74.0,2.1,998.6,월드컵대교,189882.0,450789.0,18,1,0,9,1,1,-1.0,-1.8369701987210297e-16,0.7818314824680298,0.6234898018587336,2439.0,2038.0,2250.0,2128.3333333333335,1633.5416666666667
C-02,2,2026-09-01 19:00:00,1688,26.9,0.0,74.0,2.1,998.6,월드컵대교,189882.0,450789.0,19,1,0,9,1,1,-0.9659258262890684,0.2588190451025203,0.7818314824680298,0.6234898018587336,2307.0,2439.0,2071.0,2261.3333333333335,1635.9166666666667
C-02,2,2026-09-01 20:00:00,1468,26.9,0.0,74.0,2.1,998.6,월드컵대교,189882.0,450789.0,20,1,0,9,1,1,-0.8660254037844386,0.5000000000000001,0.7818314824680298,0.6234898018587336,1688.0,2307.0,1728.0,2144.6666666666665,1619.9583333333333
C-02,2,2026-09-01 21:00:00,1469,26.9,0.0,74.0,2.1,998.6,월드컵대교,189882.0,450789.0,21,1,0,9,1,0,-0.7071067811865477,0.7071067811865474,0.7818314824680298,0.6234898018587336,1468.0,1688.0,1471.0,1821.0,1609.125
C-02,2,2026-09-01 22:00:00,1208,26.9,0.0,74.0,2.1,998.6,월드컵대교,189882.0,450789.0,22,1,0,9,1,0,-0.5000000000000004,0.8660254037844384,0.7818314824680298,0.6234898018587336,1469.0,1468.0,1399.0,1541.6666666666667,1609.0416666666667
C-02,2,2026-09-01 23:00:00,933,26.9,0.0,74.0,2.1,998.6,월드컵대교,189882.0,450789.0,23,1,0,9,1,0,-0.25881904510252157,0.9659258262890681,0.7818314824680298,0.6234898018587336,1208.0,1469.0,1050.0,1381.6666666666667,1601.0833333333333
C-02,2,2026-09-03 01:00:00,408,26.9,0.0,74.0,2.1,998.6,월드컵대교,189882.0,450789.0,1,3,0,9,3,0,0.25881904510252074,0.9659258262890683,0.43388373911755823,-0.900968867902419,933.0,1208.0,676.0,1203.3333333333333,1596.2083333333333
C-02,2,2026-09-03 02:00:00,295,26.9,0.0,74.0,2.1,998.6,월드컵대교,189882.0,450789.0,2,3,0,9,3,0,0.49999999999999994,0.8660254037844387,0.43388373911755823,-0.900968867902419,408.0,933.0,298.0,849.6666666666666,1585.0416666666667
C-02,2,2026-09-03 03:00:00,313,26.9,0.0,74.0,2.1,998.6,월드컵대교,189882.0,450789.0,3,3,0,9,3,0,0.7071067811865476,0.7071067811865476,0.43388373911755823,-0.900968867902419,295.0,408.0,232.0,545.3333333333334,1584.9166666666667
C-02,2,2026-09-03 04:00:00,477,26.9,0.0,74.0,2.1,998.6,월드컵대교,189882.0,450789.0,4,3,0,9,3,0,0.8660254037844386,0.5000000000000001,0.43388373911755823,-0.900968867902419,313.0,295.0,252.0,338.6666666666667,1588.2916666666667
C-02,2,2026-09-03 05:00:00,1154,26.9,0.0,74.0,2.1,998.6,월드컵대교,189882.0,450789.0,5,3,0,9,3,0,0.9659258262890683,0.25881904510252074,0.43388373911755823,-0.900968867902419,477.0,313.0,426.0,361.6666666666667,1597.6666666666667
C-02,2,2026-09-03 06:00:00,2382,26.9,0.0,74.0,2.1,998.6,월드컵대교,189882.0,450789.0,6,3,0,9,3,0,1.0,6.123233995736766e-17,0.43388373911755823,-0.900968867902419,1154.0,477.0,975.0,648.0,1628.0
C-02,2,2026-09-03 07:00:00,3407,26.9,0.0,74.0,2.1,998.6,월드컵대교,189882.0,450789.0,7,3,0,9,3,1,0.9659258262890683,-0.25881904510252063,0.43388373911755823,-0.900968867902419,2382.0,1154.0,2068.0,1337.6666666666667,1686.625
C-02,2,2026-09-03 08:00:00,2931,26.9,0.0,74.0,2.1,998.6,월드컵대교,189882.0,450789.0,8,3,0,9,3,1,0.8660254037844387,-0.4999999999999998,0.43388373911755823,-0.900968867902419,3407.0,2382.0,2903.0,2314.3333333333335,1742.4166666666667
C-02,2,2026-09-03 09:00:00,2683,26.9,0.0,74.0,2.1,998.6,월드컵대교,189882.0,450789.0,9,3,0,9,3,1,0.7071067811865476,-0.7071067811865475,0.43388373911755823,-0.900968867902419,2931.0,3407.0,2603.0,2906.6666666666665,1743.5833333333333
C-02,2,2026-09-03 10:00:00,2236,26.9,0.0,74.0,2.1,998.6,월드컵대교,189882.0,450789.0,10,3,0,9,3,0,0.49999999999999994,-0.8660254037844387,0.43388373911755823,-0.900968867902419,2683.0,2931.0,2589.0,3007.0,1746.9166666666667
C-02,2,2026-09-03 11:00:00,1668,26.9,0.0,74.0,2.1,998.6,월드컵대교,189882.0,450789.0,11,3,0,9,3,0,0.258819045102521,-0.9659258262890682,0.43388373911755823,-0.900968867902419,2236.0,2683.0,1835.0,2616.6666666666665,1732.2083333333333
C-02,2,2026-09-03 12:00:00,1517,26.9,0.0,74.0,2.1,998.6,월드컵대교,189882.0,450789.0,12,3,0,9,3,0,1.2246467991473532e-16,-1.0,0.43388373911755823,-0.900968867902419,1668.0,2236.0,2422.0,2195.6666666666665,1725.25
C-02,2,2026-09-03 13:00:00,1898,26.9,0.0,74.0,2.1,998.6,월드컵대교,189882.0,450789.0,13,3,0,9,3,0,-0.2588190451025208,-0.9659258262890683,0.43388373911755823,-0.900968867902419,1517.0,1668.0,1778.0,1807.0,1687.5416666666667
C-02,2,2026-09-03 14:00:00,1859,26.9,0.0,74.0,2.1,998.6,월드컵대교,189882.0,450789.0,14,3,0,9,3,0,-0.4999999999999997,-0.8660254037844388,0.43388373911755823,-0.900968867902419,1898.0,1517.0,1990.0,1694.3333333333333,1692.5416666666667
C-02,2,2026-09-03 15:00:00,1859,26.9,0.0,74.0,2.1,998.6,월드컵대교,189882.0,450789.0,15,3,0,9,3,0,-0.7071067811865471,-0.7071067811865479,0.43388373911755823,-0.900968867902419,1859.0,1898.0,1804.0,1758.0,1687.0833333333333
C-02,2,2026-09-03 16:00:00,2140,26.9,0.0,74.0,2.1,998.6,월드컵대교,189882.0,450789.0,16,3,0,9,3,0,-0.8660254037844385,-0.5000000000000004,0.43388373911755823,-0.900968867902419,1859.0,1859.0,1908.0,1872.0,1689.375
C-02,2,2026-09-03 17:00:00,2914,26.9,0.0,74.0,2.1,998.6,월드컵대교,189882.0,450789.0,17,3,0,9,3,0,-0.9659258262890683,-0.25881904510252063,0.43388373911755823,-0.900968867902419,2140.0,1859.0,2038.0,1952.6666666666667,1699.0416666666667
C-02,2,2026-09-03 18:00:00,2136,26.9,0.0,74.0,2.1,998.6,월드컵대교,189882.0,450789.0,18,3,0,9,3,1,-1.0,-1.8369701987210297e-16,0.43388373911755823,-0.900968867902419,2914.0,2140.0,2439.0,2304.3333333333335,1735.5416666666667
C-02,2,2026-09-03 19:00:00,1967,26.9,0.0,74.0,2.1,998.6,월드컵대교,189882.0,450789.0,19,3,0,9,3,1,-0.9659258262890684,0.2588190451025203,0.43388373911755823,-0.900968867902419,2136.0,2914.0,2307.0,2396.6666666666665,1722.9166666666667
C-02,2,2026-09-03 20:00:00,1516,26.9,0.0,74.0,2.1,998.6,월드컵대교,189882.0,450789.0,20,3,0,9,3,1,-0.8660254037844386,0.5000000000000001,0.43388373911755823,-0.900968867902419,1967.0,2136.0,1688.0,2339.0,1708.75
C-02,2,2026-09-03 21:00:00,1603,26.9,0.0,74.0,2.1,998.6,월드컵대교,189882.0,450789.0,21,3,0,9,3,0,-0.7071067811865477,0.7071067811865474,0.43388373911755823,-0.900968867902419,1516.0,1967.0,1468.0,1873.0,1701.5833333333333
C-02,2,2026-09-03 22:00:00,1538,26.9,0.0,74.0,2.1,998.6,월드컵대교,189882.0,450789.0,22,3,0,9,3,0,-0.5000000000000004,0.8660254037844384,0.43388373911755823,-0.900968867902419,1603.0,1516.0,1469.0,1695.3333333333333,1707.2083333333333
C-02,2,2026-09-03 23:00:00,1045,26.9,0.0,74.0,2.1,998.6,월드컵대교,189882.0,450789.0,23,3,0,9,3,0,-0.25881904510252157,0.9659258262890681,0.43388373911755823,-0.900968867902419,1538.0,1603.0,1208.0,1552.3333333333333,1710.0833333333333
