axis_code,axis_direction,link_sequence,link_id,road_div_code,road_div_name,axis_name
124,상행,1,1030001400,02,도시고속도로,동부간선도로
124,상행,2,1030002000,02,도시고속도로,동부간선도로
124,상행,3,1030001700,02,도시고속도로,동부간선도로
124,상행,4,1030002300,02,도시고속도로,동부간선도로
124,상행,5,1040005500,02,도시고속도로,동부간선도로
124,상행,6,1060004100,02,도시고속도로,동부간선도로
124,상행,7,1100000600,02,도시고속도로,동부간선도로
124,상행,8,1100001400,02,도시고속도로,동부간선도로
124,상행,9,1100002000,02,도시고속도로,동부간선도로
124,상행,10,1100002600,02,도시고속도로,동부간선도로
124,상행,11,1100003000,02,도시고속도로,동부간선도로
124,상행,12,1100003400,02,도시고속도로,동부간선도로
124,상행,13,1100003800,02,도시고속도로,동부간선도로
124,상행,14,1100004200,02,도시고속도로,동부간선도로
124,상행,15,1100004800,02,도시고속도로,동부간선도로
124,상행,16,1100005400,02,도시고속도로,동부간선도로
124,상행,17,1100006800,02,도시고속도로,동부간선도로
124,하행,1,1100006700,02,도시고속도로,동부간선도로
124,하행,2,1100005300,02,도시고속도로,동부간선도로
124,하행,3,1100004700,02,도시고속도로,동부간선도로
124,하행,3,1090048001,02,도시고속도로,동부간선도로
124,하행,4,1100004100,02,도시고속도로,동부간선도로
124,하행,4,1090047801,02,도시고속도로,동부간선도로
124,하행,5,1100003700,02,도시고속도로,동부간선도로
124,하행,5,1090047701,02,도시고속도로,동부간선도로
124,하행,6,1100003300,02,도시고속도로,동부간선도로
124,하행,6,1100176701,02,도시고속도로,동부간선도로
124,하행,7,1100176601,02,도시고속도로,동부간선도로
124,하행,7,1100002900,02,도시고속도로,동부간선도로
124,하행,8,1100002500,02,도시고속도로,동부간선도로
124,하행,8,1100176501,02,도시고속도로,동부간선도로
124,하행,9,1100001900,02,도시고속도로,동부간선도로
124,하행,9,1100000500,02,도시고속도로,동부간선도로
124,하행,10,1050003600,02,도시고속도로,동부간선도로
124,하행,10,1100001300,02,도시고속도로,동부간선도로
124,하행,11,1050000300,02,도시고속도로,동부간선도로
124,하행,12,1030002600,02,도시고속도로,동부간선도로
124,하행,13,1030001800,02,도시고속도로,동부간선도로
124,하행,14,1030001900,02,도시고속도로,동부간선도로
124,하행,15,1030001300,02,도시고속도로,동부간선도로
14,상행,1,2210044100,02,도시고속도로,강변북로
14,상행,2,2210044802,02,도시고속도로,강변북로
14,상행,3,2210044801,02,도시고속도로,강변북로
14,상행,4,2210047800,02,도시고속도로,강변북로
14,상행,5,2210047200,02,도시고속도로,강변북로
14,상행,6,2210046800,02,도시고속도로,강변북로
14,상행,7,2210044500,02,도시고속도로,강변북로
14,상행,8,2210046600,02,도시고속도로,강변북로
14,상행,9,2210000500,02,도시고속도로,강변북로
14,상행,10,1040004100,02,도시고속도로,강변북로
14,상행,11,1040002100,02,도시고속도로,강변북로
14,상행,12,1040001500,02,도시고속도로,강변북로
14,상행,13,1040001100,02,도시고속도로,강변북로
14,상행,14,1040000500,02,도시고속도로,강변북로
14,상행,15,1040000200,02,도시고속도로,강변북로
14,상행,16,1040000800,02,도시고속도로,강변북로
14,상행,17,1030000400,02,도시고속도로,강변북로
14,상행,18,1030000600,02,도시고속도로,강변북로
14,상행,19,1030000800,02,도시고속도로,강변북로
14,상행,20,1030001000,02,도시고속도로,강변북로
14,상행,21,1030001100,02,도시고속도로,강변북로
14,상행,22,1020000900,02,도시고속도로,강변북로
14,상행,23,1020000300,02,도시고속도로,강변북로
14,상행,24,1020000200,02,도시고속도로,강변북로
14,상행,25,1020000600,02,도시고속도로,강변북로
14,상행,26,1020000800,02,도시고속도로,강변북로
14,상행,27,1020001200,02,도시고속도로,강변북로
14,상행,28,1020001400,02,도시고속도로,강변북로
14,상행,29,1020001800,02,도시고속도로,강변북로
14,상행,30,1130000400,02,도시고속도로,강변북로
14,상행,31,1130000800,02,도시고속도로,강변북로
14,상행,32,1130001400,02,도시고속도로,강변북로
14,상행,33,1130001000,02,도시고속도로,강변북로
14,상행,34,1130002000,02,도시고속도로,강변북로
14,상행,35,1130002400,02,도시고속도로,강변북로
14,상행,36,1130003400,02,도시고속도로,강변북로
14,상행,37,1130004400,02,도시고속도로,강변북로
14,상행,38,1130005800,02,도시고속도로,강변북로
14,상행,39,1130007000,02,도시고속도로,강변북로
14,하행,1,1130006900,02,도시고속도로,강변북로
14,하행,2,1130005700,02,도시고속도로,강변북로
14,하행,3,1130004300,02,도시고속도로,강변북로
14,하행,4,1130003300,02,도시고속도로,강변북로
14,하행,5,1130002300,02,도시고속도로,강변북로
14,하행,6,1130001900,02,도시고속도로,강변북로
14,하행,7,1130000900,02,도시고속도로,강변북로
14,하행,8,1130001300,02,도시고속도로,강변북로
14,하행,9,1130000700,02,도시고속도로,강변북로
14,하행,10,1130000300,02,도시고속도로,강변북로
14,하행,11,1020001700,02,도시고속도로,강변북로
14,하행,12,1020001300,02,도시고속도로,강변북로
14,하행,13,1020001100,02,도시고속도로,강변북로
14,하행,14,1020000700,02,도시고속도로,강변북로
14,하행,15,1020000500,02,도시고속도로,강변북로
14,하행,16,1020000100,02,도시고속도로,강변북로
14,하행,17,1020000400,02,도시고속도로,강변북로
14,하행,18,1020001000,02,도시고속도로,강변북로
14,하행,19,1020001600,02,도시고속도로,강변북로
14,하행,20,1030001200,02,도시고속도로,강변북로
14,하행,21,1030000900,02,도시고속도로,강변북로
14,하행,22,1030000700,02,도시고속도로,강변북로
14,하행,23,1030000500,02,도시고속도로,강변북로
14,하행,24,1030000300,02,도시고속도로,강변북로
14,하행,25,1040000700,02,도시고속도로,강변북로
14,하행,26,1040000100,02,도시고속도로,강변북로
14,하행,27,1040000600,02,도시고속도로,강변북로
14,하행,28,1040001200,02,도시고속도로,강변북로
14,하행,29,1040001600,02,도시고속도로,강변북로
14,하행,30,1040002200,02,도시고속도로,강변북로
14,하행,31,1040004200,02,도시고속도로,강변북로
14,하행,32,2210000600,02,도시고속도로,강변북로
14,하행,33,2210046500,02,도시고속도로,강변북로
14,하행,34,2210044400,02,도시고속도로,강변북로
14,하행,35,2210046700,02,도시고속도로,강변북로
14,하행,36,2210047100,02,도시고속도로,강변북로
14,하행,37,2210047700,02,도시고속도로,강변북로
14,하행,38,2210044701,02,도시고속도로,강변북로
14,하행,39,2210044702,02,도시고속도로,강변북로
14,하행,40,2210044000,02,도시고속도로,강변북로
200,상행,1,1070000200,02,도시고속도로,북부간선도로
200,상행,2,1070001600,02,도시고속도로,북부간선도로
200,상행,3,1060006800,02,도시고속도로,북부간선도로
200,하행,1,1060006700,02,도시고속도로,북부간선도로
200,하행,2,1070001500,02,도시고속도로,북부간선도로
200,하행,3,1070000100,02,도시고속도로,북부간선도로
204,상행,1,1220005000,02,도시고속도로,분당수서로
204,상행,2,1220003800,02,도시고속도로,분당수서로
204,상행,3,1220002500,02,도시고속도로,분당수서로
204,상행,4,1220001700,02,도시고속도로,분당수서로
204,상행,5,1230001500,02,도시고속도로,분당수서로
204,하행,1,1230001600,02,도시고속도로,분당수서로
204,하행,2,1220001800,02,도시고속도로,분당수서로
204,하행,3,1220003000,02,도시고속도로,분당수서로
204,하행,4,1220003900,02,도시고속도로,분당수서로
204,하행,5,1220005100,02,도시고속도로,분당수서로
21001,상행,1,1140282091,02,도시고속도로,신월여의지하도로
21001,상행,2,1140282092,02,도시고속도로,신월여의지하도로
21001,상행,3,1140282093,02,도시고속도로,신월여의지하도로
21001,상행,4,1180132401,02,도시고속도로,신월여의지하도로
21001,하행,1,1180132501,02,도시고속도로,신월여의지하도로
21001,하행,2,1140282191,02,도시고속도로,신월여의지하도로
21001,하행,3,1140282192,02,도시고속도로,신월여의지하도로
21001,하행,4,1140282193,02,도시고속도로,신월여의지하도로
21002,상행,1,1140284591,02,도시고속도로,서부간선지하도로
21002,상행,2,1140284592,02,도시고속도로,서부간선지하도로
21002,상행,3,1140284593,02,도시고속도로,서부간선지하도로
21002,상행,4,1140284594,02,도시고속도로,서부간선지하도로
21002,상행,5,1140284595,02,도시고속도로,서부간선지하도로
21002,하행,1,1140284491,02,도시고속도로,서부간선지하도로
21002,하행,2,1140284492,02,도시고속도로,서부간선지하도로
21002,하행,3,1140284493,02,도시고속도로,서부간선지하도로
21002,하행,4,1140284494,02,도시고속도로,서부간선지하도로
21002,하행,5,1140284495,02,도시고속도로,서부간선지하도로
26,상행,1,1210005100,02,도시고속도로,경부고속도로
26,상행,2,1210004700,02,도시고속도로,경부고속도로
26,상행,3,1210004100,02,도시고속도로,경부고속도로
26,상행,4,1210003900,02,도시고속도로,경부고속도로
26,상행,5,1210003000,02,도시고속도로,경부고속도로
26,상행,6,1210001900,02,도시고속도로,경부고속도로
26,상행,7,1210000800,02,도시고속도로,경부고속도로
26,상행,8,2040002902,02,도시고속도로,경부고속도로
26,상행,9,2060011401,02,도시고속도로,경부고속도로
26,상행,10,2060010400,02,도시고속도로,경부고속도로
26,상행,11,2060010200,02,도시고속도로,경부고속도로
26,상행,12,2060007400,02,도시고속도로,경부고속도로
26,상행,13,2060001201,02,도시고속도로,경부고속도로
26,상행,14,2280071701,02,도시고속도로,경부고속도로
26,상행,15,2280067900,02,도시고속도로,경부고속도로
26,상행,16,2280064600,02,도시고속도로,경부고속도로
26,상행,17,2280057600,02,도시고속도로,경부고속도로
26,상행,18,2280046301,02,도시고속도로,경부고속도로
26,상행,19,2280046302,02,도시고속도로,경부고속도로
26,상행,20,2280029200,02,도시고속도로,경부고속도로
26,상행,21,2280251200,02,도시고속도로,경부고속도로
26,상행,22,2280251400,02,도시고속도로,경부고속도로
26,상행,23,2333346400,02,도시고속도로,경부고속도로
26,상행,24,2330025903,02,도시고속도로,경부고속도로
26,상행,25,2330025902,02,도시고속도로,경부고속도로
26,상행,26,2230003700,02,도시고속도로,경부고속도로
26,상행,27,2140055801,02,도시고속도로,경부고속도로
26,상행,28,2310027800,02,도시고속도로,경부고속도로
26,상행,29,2140019701,02,도시고속도로,경부고속도로
26,상행,30,2140019703,02,도시고속도로,경부고속도로
26,상행,31,2310007300,02,도시고속도로,경부고속도로
26,상행,32,2850054405,02,도시고속도로,경부고속도로
26,하행,1,2850054503,02,도시고속도로,경부고속도로
26,하행,2,2850054501,02,도시고속도로,경부고속도로
26,하행,3,2310007400,02,도시고속도로,경부고속도로
26,하행,4,2140019801,02,도시고속도로,경부고속도로
26,하행,5,2310027700,02,도시고속도로,경부고속도로
26,하행,6,2140055702,02,도시고속도로,경부고속도로
26,하행,7,2140055701,02,도시고속도로,경부고속도로
26,하행,8,2230003800,02,도시고속도로,경부고속도로
26,하행,9,2330026002,02,도시고속도로,경부고속도로
26,하행,10,2330026003,02,도시고속도로,경부고속도로
26,하행,11,2333346500,02,도시고속도로,경부고속도로
26,하행,12,2280251300,02,도시고속도로,경부고속도로
26,하행,13,2280251100,02,도시고속도로,경부고속도로
26,하행,14,2280029100,02,도시고속도로,경부고속도로
26,하행,15,2280046200,02,도시고속도로,경부고속도로
26,하행,16,2280057500,02,도시고속도로,경부고속도로
26,하행,17,2280064500,02,도시고속도로,경부고속도로
26,하행,18,2280068000,02,도시고속도로,경부고속도로
26,하행,19,2280071602,02,도시고속도로,경부고속도로
26,하행,20,2280071601,02,도시고속도로,경부고속도로
26,하행,21,2060001101,02,도시고속도로,경부고속도로
26,하행,22,2060007300,02,도시고속도로,경부고속도로
26,하행,23,2060010300,02,도시고속도로,경부고속도로
26,하행,24,2060010500,02,도시고속도로,경부고속도로
26,하행,25,2060011501,02,도시고속도로,경부고속도로
26,하행,26,1210000701,02,도시고속도로,경부고속도로
26,하행,27,1210002000,02,도시고속도로,경부고속도로
26,하행,28,1210002900,02,도시고속도로,경부고속도로
26,하행,29,1210004000,02,도시고속도로,경부고속도로
26,하행,30,1210004200,02,도시고속도로,경부고속도로
26,하행,31,1210005200,02,도시고속도로,경부고속도로
27,상행,1,1630001800,02,도시고속도로,국회대로 지하차도
27,상행,2,1630003901,02,도시고속도로,국회대로 지하차도
27,상행,3,1680003000,02,도시고속도로,국회대로 지하차도
27,상행,4,1680004500,02,도시고속도로,국회대로 지하차도
27,상행,5,1680005200,02,도시고속도로,국회대로 지하차도
27,상행,6,1660003900,02,도시고속도로,국회대로 지하차도
27,상행,7,1660003702,02,도시고속도로,국회대로 지하차도
27,상행,8,1660003701,02,도시고속도로,국회대로 지하차도
27,상행,9,1660003500,02,도시고속도로,국회대로 지하차도
27,상행,10,2120002500,02,도시고속도로,국회대로 지하차도
27,상행,11,2120002100,02,도시고속도로,국회대로 지하차도
27,상행,12,1140000201,02,도시고속도로,국회대로 지하차도
27,상행,13,1140000200,02,도시고속도로,국회대로 지하차도
27,상행,14,1140022200,02,도시고속도로,국회대로 지하차도
27,상행,15,1140026200,02,도시고속도로,국회대로 지하차도
27,상행,16,1140029200,02,도시고속도로,국회대로 지하차도
27,하행,1,1140029100,02,도시고속도로,국회대로 지하차도
27,하행,2,1140040700,02,도시고속도로,국회대로 지하차도
27,하행,3,1140040500,02,도시고속도로,국회대로 지하차도
27,하행,4,1140000100,02,도시고속도로,국회대로 지하차도
27,하행,5,1140000101,02,도시고속도로,국회대로 지하차도
27,하행,6,2120002200,02,도시고속도로,국회대로 지하차도
27,하행,7,2120002600,02,도시고속도로,국회대로 지하차도
27,하행,8,1660003600,02,도시고속도로,국회대로 지하차도
27,하행,9,1660003801,02,도시고속도로,국회대로 지하차도
27,하행,10,1660003802,02,도시고속도로,국회대로 지하차도
27,하행,11,1660004000,02,도시고속도로,국회대로 지하차도
27,하행,12,1680005100,02,도시고속도로,국회대로 지하차도
27,하행,13,1680004600,02,도시고속도로,국회대로 지하차도
27,하행,14,1680002900,02,도시고속도로,국회대로 지하차도
27,하행,15,1630004001,02,도시고속도로,국회대로 지하차도
27,하행,16,1630001700,02,도시고속도로,국회대로 지하차도
364,상행,1,1240005300,02,도시고속도로,올림픽대로
364,상행,2,1240004900,02,도시고속도로,올림픽대로
364,상행,3,1240003800,02,도시고속도로,올림픽대로
364,상행,4,1240003100,02,도시고속도로,올림픽대로
364,상행,5,1240001900,02,도시고속도로,올림픽대로
364,상행,6,1230005300,02,도시고속도로,올림픽대로
364,상행,7,1230005100,02,도시고속도로,올림픽대로
364,상행,8,1230004700,02,도시고속도로,올림픽대로
364,상행,9,1230003900,02,도시고속도로,올림픽대로
364,상행,10,1230004400,02,도시고속도로,올림픽대로
364,상행,11,1230004600,02,도시고속도로,올림픽대로
364,상행,12,1220004500,02,도시고속도로,올림픽대로
364,상행,13,1220005500,02,도시고속도로,올림픽대로
364,상행,14,1220005600,02,도시고속도로,올림픽대로
364,상행,15,1210006400,02,도시고속도로,올림픽대로
364,상행,16,1210005300,02,도시고속도로,올림픽대로
364,상행,17,1210004900,02,도시고속도로,올림픽대로
364,상행,18,1210004500,02,도시고속도로,올림픽대로
364,상행,19,1210004400,02,도시고속도로,올림픽대로
364,상행,20,1190000200,02,도시고속도로,올림픽대로
364,상행,21,1190000600,02,도시고속도로,올림픽대로
364,상행,22,1180003200,02,도시고속도로,올림픽대로
364,상행,23,1180004200,02,도시고속도로,올림픽대로
364,상행,24,1180005100,02,도시고속도로,올림픽대로
364,상행,25,1180005700,02,도시고속도로,올림픽대로
364,상행,26,1150002400,02,도시고속도로,올림픽대로
364,상행,27,1150003200,02,도시고속도로,올림픽대로
364,상행,28,1150004600,02,도시고속도로,올림픽대로
364,상행,29,1150006100,02,도시고속도로,올림픽대로
364,상행,30,1150006600,02,도시고속도로,올림픽대로
364,하행,1,1150006500,02,도시고속도로,올림픽대로
364,하행,2,1150006000,02,도시고속도로,올림픽대로
364,하행,3,1150004500,02,도시고속도로,올림픽대로
364,하행,4,1150003100,02,도시고속도로,올림픽대로
364,하행,5,1150002300,02,도시고속도로,올림픽대로
364,하행,6,1180005600,02,도시고속도로,올림픽대로
364,하행,7,1180005000,02,도시고속도로,올림픽대로
364,하행,8,1180004100,02,도시고속도로,올림픽대로
364,하행,9,1180002700,02,도시고속도로,올림픽대로
364,하행,10,1190000500,02,도시고속도로,올림픽대로
364,하행,11,1190000100,02,도시고속도로,올림픽대로
364,하행,12,1210004300,02,도시고속도로,올림픽대로
364,하행,13,1210004600,02,도시고속도로,올림픽대로
364,하행,14,1210005000,02,도시고속도로,올림픽대로
364,하행,15,1210005400,02,도시고속도로,올림픽대로
364,하행,16,1210006500,02,도시고속도로,올림픽대로
364,하행,17,1220005700,02,도시고속도로,올림픽대로
364,하행,18,1220005400,02,도시고속도로,올림픽대로
364,하행,19,1220004400,02,도시고속도로,올림픽대로
364,하행,20,1230004500,02,도시고속도로,올림픽대로
364,하행,21,1230004300,02,도시고속도로,올림픽대로
364,하행,22,1230004000,02,도시고속도로,올림픽대로
364,하행,23,1230004800,02,도시고속도로,올림픽대로
364,하행,24,1230005200,02,도시고속도로,올림픽대로
364,하행,25,1230005400,02,도시고속도로,올림픽대로
364,하행,26,1240002000,02,도시고속도로,올림픽대로
364,하행,27,1240003200,02,도시고속도로,올림픽대로
364,하행,28,1240003400,02,도시고속도로,올림픽대로
364,하행,29,1240003700,02,도시고속도로,올림픽대로
364,하행,30,1240005000,02,도시고속도로,올림픽대로
364,하행,31,1240005400,02,도시고속도로,올림픽대로
405,상행,1,2180003402,02,도시고속도로,자유로
405,상행,2,2180196500,02,도시고속도로,자유로
405,상행,3,2180002504,02,도시고속도로,자유로
405,상행,4,2180002503,02,도시고속도로,자유로
405,상행,5,2180002502,02,도시고속도로,자유로
405,상행,6,2180002501,02,도시고속도로,자유로
405,상행,7,2180001304,02,도시고속도로,자유로
405,상행,8,2180001303,02,도시고속도로,자유로
405,상행,9,2180001302,02,도시고속도로,자유로
405,상행,10,2180001301,02,도시고속도로,자유로
405,상행,11,2180000303,02,도시고속도로,자유로
405,상행,12,2180000302,02,도시고속도로,자유로
405,상행,13,2180000301,02,도시고속도로,자유로
405,상행,14,2180000202,02,도시고속도로,자유로
405,상행,15,2180000201,02,도시고속도로,자유로
405,상행,16,1130007400,02,도시고속도로,자유로
405,하행,1,1130007300,02,도시고속도로,자유로
405,하행,2,2180000101,02,도시고속도로,자유로
405,하행,3,2180000102,02,도시고속도로,자유로
405,하행,4,2180000401,02,도시고속도로,자유로
405,하행,5,2180000402,02,도시고속도로,자유로
405,하행,6,2180000403,02,도시고속도로,자유로
405,하행,7,2180001401,02,도시고속도로,자유로
405,하행,8,2180001402,02,도시고속도로,자유로
405,하행,9,2180001403,02,도시고속도로,자유로
405,하행,10,2180001404,02,도시고속도로,자유로
405,하행,11,2180002601,02,도시고속도로,자유로
405,하행,12,2180002602,02,도시고속도로,자유로
405,하행,13,2180002603,02,도시고속도로,자유로
405,하행,14,2180002604,02,도시고속도로,자유로
405,하행,15,2180003301,02,도시고속도로,자유로
405,하행,16,2180003302,02,도시고속도로,자유로
536,상행,1,1179910010,02,도시고속도로,강남순환로
536,상행,2,1179910020,02,도시고속도로,강남순환로
536,상행,3,1179910030,02,도시고속도로,강남순환로
536,상행,4,1209910040,02,도시고속도로,강남순환로
536,상행,5,1209910050,02,도시고속도로,강남순환로
536,상행,6,1209910060,02,도시고속도로,강남순환로
536,상행,7,1209910070,02,도시고속도로,강남순환로
536,상행,8,1209910080,02,도시고속도로,강남순환로
536,상행,9,1219910090,02,도시고속도로,강남순환로
536,상행,10,1219910100,02,도시고속도로,강남순환로
536,상행,11,1219910110,02,도시고속도로,강남순환로
536,하행,1,1219920010,02,도시고속도로,강남순환로
536,하행,2,1219920020,02,도시고속도로,강남순환로
536,하행,3,1219920030,02,도시고속도로,강남순환로
536,하행,4,1209920040,02,도시고속도로,강남순환로
536,하행,5,1209920050,02,도시고속도로,강남순환로
536,하행,6,1209920060,02,도시고속도로,강남순환로
536,하행,7,1209920070,02,도시고속도로,강남순환로
536,하행,8,1209920080,02,도시고속도로,강남순환로
536,하행,9,1179920090,02,도시고속도로,강남순환로
536,하행,10,1179920100,02,도시고속도로,강남순환로
536,하행,11,1179920110,02,도시고속도로,강남순환로
79,상행,2,1130004900,02,도시고속도로,내부순환로
79,상행,3,1130006600,02,도시고속도로,내부순환로
79,상행,4,1120001400,02,도시고속도로,내부순환로
79,상행,5,1120001800,02,도시고속도로,내부순환로
79,상행,6,1120002200,02,도시고속도로,내부순환로
79,상행,7,1120002400,02,도시고속도로,내부순환로
79,상행,8,1000002600,02,도시고속도로,내부순환로
79,상행,9,1070001300,02,도시고속도로,내부순환로
79,상행,10,1070000300,02,도시고속도로,내부순환로
79,상행,11,1070000500,02,도시고속도로,내부순환로
79,상행,12,1050003200,02,도시고속도로,내부순환로
79,상행,13,1050001800,02,도시고속도로,내부순환로
79,상행,14,1030002700,02,도시고속도로,내부순환로
79,상행,15,1030002400,02,도시고속도로,내부순환로
79,하행,1,1030002500,02,도시고속도로,내부순환로
79,하행,2,1030002800,02,도시고속도로,내부순환로
79,하행,3,1050001900,02,도시고속도로,내부순환로
79,하행,4,1050003300,02,도시고속도로,내부순환로
79,하행,5,1070000600,02,도시고속도로,내부순환로
79,하행,6,1070000400,02,도시고속도로,내부순환로
79,하행,7,1070001400,02,도시고속도로,내부순환로
79,하행,8,1000002500,02,도시고속도로,내부순환로
79,하행,9,1120002300,02,도시고속도로,내부순환로
79,하행,10,1120002100,02,도시고속도로,내부순환로
79,하행,11,1120001700,02,도시고속도로,내부순환로
79,하행,12,1120001300,02,도시고속도로,내부순환로
79,하행,13,1130006500,02,도시고속도로,내부순환로
79,하행,14,1130005400,02,도시고속도로,내부순환로
106,상행,1,1200009000,03,주간선도로,도림천로
106,상행,2,1160007800,03,주간선도로,도림천로
106,상행,3,1160011200,03,주간선도로,도림천로
106,상행,4,1160014000,03,주간선도로,도림천로
106,상행,5,1160016400,03,주간선도로,도림천로
106,상행,6,1180013700,03,주간선도로,도림천로
106,상행,7,1180014900,03,주간선도로,도림천로
106,상행,8,1180016500,03,주간선도로,도림천로
106,상행,9,1180017100,03,주간선도로,도림천로
106,하행,1,1180017000,03,주간선도로,도림천로
106,하행,2,1180016400,03,주간선도로,도림천로
106,하행,3,1180014800,03,주간선도로,도림천로
106,하행,4,1180013600,03,주간선도로,도림천로
106,하행,5,1160016300,03,주간선도로,도림천로
106,하행,6,1160013900,03,주간선도로,도림천로
106,하행,7,1160011100,03,주간선도로,도림천로
106,하행,8,1160007700,03,주간선도로,도림천로
106,하행,9,1200008900,03,주간선도로,도림천로
107,상행,1,1070018400,03,주간선도로,도봉로
107,상행,2,1080002800,03,주간선도로,도봉로
107,상행,3,1080005200,03,주간선도로,도봉로
107,상행,4,1080008000,03,주간선도로,도봉로
107,상행,5,1080009400,03,주간선도로,도봉로
107,상행,6,1080010000,03,주간선도로,도봉로
107,상행,7,1080011400,03,주간선도로,도봉로
107,상행,8,1090001800,03,주간선도로,도봉로
107,상행,9,1090003800,03,주간선도로,도봉로
107,상행,10,1090007200,03,주간선도로,도봉로
107,상행,11,1090009000,03,주간선도로,도봉로
107,상행,12,1090011000,03,주간선도로,도봉로
107,상행,13,1090012000,03,주간선도로,도봉로
107,상행,14,1090012800,03,주간선도로,도봉로
107,상행,15,1090000400,03,주간선도로,도봉로
107,상행,16,1090000500,03,주간선도로,도봉로
107,하행,1,1090000600,03,주간선도로,도봉로
107,하행,2,1090000300,03,주간선도로,도봉로
107,하행,3,1090012700,03,주간선도로,도봉로
107,하행,4,1090011900,03,주간선도로,도봉로
107,하행,5,1090010900,03,주간선도로,도봉로
107,하행,6,1090008900,03,주간선도로,도봉로
107,하행,7,1090007100,03,주간선도로,도봉로
107,하행,8,1090003700,03,주간선도로,도봉로
107,하행,9,1090001700,03,주간선도로,도봉로
107,하행,10,1080011300,03,주간선도로,도봉로
107,하행,11,1080009900,03,주간선도로,도봉로
107,하행,12,1080009300,03,주간선도로,도봉로
107,하행,13,1080007900,03,주간선도로,도봉로
107,하행,14,1080005100,03,주간선도로,도봉로
107,하행,15,1080002700,03,주간선도로,도봉로
107,하행,16,1070018300,03,주간선도로,도봉로
12,상행,1,1210007700,03,주간선도로,강남대로
12,상행,2,1210008500,03,주간선도로,강남대로
12,상행,3,1210009500,03,주간선도로,강남대로
12,상행,4,1210010300,03,주간선도로,강남대로
12,상행,5,1210011300,03,주간선도로,강남대로
12,상행,6,1210013700,03,주간선도로,강남대로
12,상행,7,1220011900,03,주간선도로,강남대로
12,상행,8,1220016300,03,주간선도로,강남대로
12,상행,9,1220021100,03,주간선도로,강남대로
12,상행,10,1220025100,03,주간선도로,강남대로
12,상행,11,1220027900,03,주간선도로,강남대로
12,상행,12,1220030700,03,주간선도로,강남대로
12,상행,13,1210030100,03,주간선도로,강남대로
12,상행,14,1210006300,03,주간선도로,강남대로
12,상행,15,1210030700,03,주간선도로,강남대로
12,하행,1,1210030600,03,주간선도로,강남대로
12,하행,2,1210006200,03,주간선도로,강남대로
12,하행,3,1210030000,03,주간선도로,강남대로
12,하행,4,1220030600,03,주간선도로,강남대로
12,하행,5,1220027800,03,주간선도로,강남대로
12,하행,6,1220025000,03,주간선도로,강남대로
12,하행,7,1220021000,03,주간선도로,강남대로
12,하행,8,1220016200,03,주간선도로,강남대로
12,하행,9,1220011800,03,주간선도로,강남대로
12,하행,10,1210013600,03,주간선도로,강남대로
12,하행,11,1210011200,03,주간선도로,강남대로
12,하행,12,1210010200,03,주간선도로,강남대로
12,하행,13,1210009400,03,주간선도로,강남대로
12,하행,14,1210008400,03,주간선도로,강남대로
12,하행,15,1210007600,03,주간선도로,강남대로
125,상행,1,1070006400,03,주간선도로,동소문로
125,상행,2,1070007800,03,주간선도로,동소문로
125,상행,3,1070008600,03,주간선도로,동소문로
125,상행,4,1070009400,03,주간선도로,동소문로
125,상행,5,1070011200,03,주간선도로,동소문로
125,상행,6,1070012800,03,주간선도로,동소문로
125,상행,7,1070014000,03,주간선도로,동소문로
125,하행,1,1070013900,03,주간선도로,동소문로
125,하행,2,1070012700,03,주간선도로,동소문로
125,하행,3,1070011100,03,주간선도로,동소문로
125,하행,4,1070009300,03,주간선도로,동소문로
125,하행,5,1070008500,03,주간선도로,동소문로
125,하행,6,1070007700,03,주간선도로,동소문로
125,하행,7,1070006300,03,주간선도로,동소문로
127,상행,1,1030000200,03,주간선도로,동일로
127,상행,2,1040001400,03,주간선도로,동일로
127,상행,3,1030001600,03,주간선도로,동일로
127,상행,4,1030002200,03,주간선도로,동일로
127,상행,5,1040005200,03,주간선도로,동일로
127,상행,6,1040005400,03,주간선도로,동일로
127,상행,7,1060000200,03,주간선도로,동일로
127,상행,8,1060000400,03,주간선도로,동일로
127,상행,9,1060000600,03,주간선도로,동일로
127,상행,10,1060000800,03,주간선도로,동일로
127,상행,11,1060001000,03,주간선도로,동일로
127,상행,12,1060001600,03,주간선도로,동일로
127,상행,13,1060002400,03,주간선도로,동일로
127,상행,14,1060003600,03,주간선도로,동일로
127,상행,15,1060003800,03,주간선도로,동일로
127,상행,16,1060004300,03,주간선도로,동일로
127,상행,17,1060004500,03,주간선도로,동일로
127,상행,18,1060005100,03,주간선도로,동일로
127,상행,19,1060005500,03,주간선도로,동일로
127,상행,20,1060006000,03,주간선도로,동일로
127,상행,21,1100000400,03,주간선도로,동일로
127,상행,22,1100000800,03,주간선도로,동일로
127,상행,23,1100001000,03,주간선도로,동일로
127,상행,24,1100001200,03,주간선도로,동일로
127,상행,25,1100001600,03,주간선도로,동일로
127,상행,26,1100001800,03,주간선도로,동일로
127,상행,27,1100002200,03,주간선도로,동일로
127,상행,28,1100002400,03,주간선도로,동일로
127,상행,29,1100002800,03,주간선도로,동일로
127,상행,30,1100003200,03,주간선도로,동일로
127,상행,31,1100003600,03,주간선도로,동일로
127,상행,32,1100004000,03,주간선도로,동일로
127,상행,33,1100004400,03,주간선도로,동일로
127,상행,34,1100004600,03,주간선도로,동일로
127,상행,35,1100005200,03,주간선도로,동일로
127,상행,36,1100005600,03,주간선도로,동일로
127,상행,37,1100005800,03,주간선도로,동일로
127,상행,38,1100006600,03,주간선도로,동일로
127,상행,39,1100006900,03,주간선도로,동일로
127,하행,1,1100007000,03,주간선도로,동일로
127,하행,2,1100006500,03,주간선도로,동일로
127,하행,3,1100005700,03,주간선도로,동일로
127,하행,4,1100005500,03,주간선도로,동일로
127,하행,5,1100005100,03,주간선도로,동일로
127,하행,6,1100004500,03,주간선도로,동일로
127,하행,7,1100004300,03,주간선도로,동일로
127,하행,8,1100003900,03,주간선도로,동일로
127,하행,9,1100003500,03,주간선도로,동일로
127,하행,10,1100003100,03,주간선도로,동일로
127,하행,11,1100002700,03,주간선도로,동일로
127,하행,12,1100002300,03,주간선도로,동일로
127,하행,13,1100002100,03,주간선도로,동일로
127,하행,14,1100001700,03,주간선도로,동일로
127,하행,15,1100001500,03,주간선도로,동일로
127,하행,16,1100001100,03,주간선도로,동일로
127,하행,17,1100000900,03,주간선도로,동일로
127,하행,18,1100000700,03,주간선도로,동일로
127,하행,19,1100000300,03,주간선도로,동일로
127,하행,20,1060005900,03,주간선도로,동일로
127,하행,21,1060005400,03,주간선도로,동일로
127,하행,22,1060005000,03,주간선도로,동일로
127,하행,23,1060004400,03,주간선도로,동일로
127,하행,24,1060004200,03,주간선도로,동일로
127,하행,25,1060003700,03,주간선도로,동일로
127,하행,26,1060003500,03,주간선도로,동일로
127,하행,27,1060002300,03,주간선도로,동일로
127,하행,28,1060001500,03,주간선도로,동일로
127,하행,29,1060000900,03,주간선도로,동일로
127,하행,30,1060000700,03,주간선도로,동일로
127,하행,31,1060000500,03,주간선도로,동일로
127,하행,32,1060000300,03,주간선도로,동일로
127,하행,33,1060000100,03,주간선도로,동일로
127,하행,34,1040005300,03,주간선도로,동일로
127,하행,35,1040005100,03,주간선도로,동일로
127,하행,36,1030002100,03,주간선도로,동일로
127,하행,37,1030001500,03,주간선도로,동일로
127,하행,38,1040001300,03,주간선도로,동일로
127,하행,39,1030000100,03,주간선도로,동일로
13,상행,1,1230037000,03,주간선도로,강동대로
13,상행,2,1230035400,03,주간선도로,강동대로
13,상행,3,1230034600,03,주간선도로,강동대로
13,상행,4,1230034300,03,주간선도로,강동대로
13,상행,5,1230035200,03,주간선도로,강동대로
13,상행,6,1230034800,03,주간선도로,강동대로
13,상행,7,1230033800,03,주간선도로,강동대로
13,상행,8,1230032400,03,주간선도로,강동대로
13,상행,9,1230031100,03,주간선도로,강동대로
13,하행,1,1230031200,03,주간선도로,강동대로
13,하행,2,1230032500,03,주간선도로,강동대로
13,하행,3,1230033900,03,주간선도로,강동대로
13,하행,4,1230034900,03,주간선도로,강동대로
13,하행,5,1230035300,03,주간선도로,강동대로
13,하행,6,1230034200,03,주간선도로,강동대로
13,하행,7,1230034700,03,주간선도로,강동대로
13,하행,8,1230035500,03,주간선도로,강동대로
13,하행,9,1230037100,03,주간선도로,강동대로
133,상행,1,1210013300,03,주간선도로,동작대로
133,상행,2,1210017700,03,주간선도로,동작대로
133,상행,3,1210021700,03,주간선도로,동작대로
133,상행,4,1210023500,03,주간선도로,동작대로
133,상행,5,1210024100,03,주간선도로,동작대로
133,상행,6,1210027900,03,주간선도로,동작대로
133,상행,7,1020002800,03,주간선도로,동작대로
133,하행,1,1020002700,03,주간선도로,동작대로
133,하행,2,1210027800,03,주간선도로,동작대로
133,하행,3,1210024000,03,주간선도로,동작대로
133,하행,4,1210023400,03,주간선도로,동작대로
133,하행,5,1210021600,03,주간선도로,동작대로
133,하행,6,1210017600,03,주간선도로,동작대로
133,하행,7,1210013200,03,주간선도로,동작대로
134,상행,1,1000005900,03,주간선도로,동호로
134,상행,2,1010018300,03,주간선도로,동호로
134,상행,3,1010013500,03,주간선도로,동호로
134,상행,4,1010008700,03,주간선도로,동호로
134,상행,5,1010003700,03,주간선도로,동호로
134,상행,6,1010001500,03,주간선도로,동호로
134,상행,7,1030012300,03,주간선도로,동호로
134,상행,8,1030008700,03,주간선도로,동호로
134,상행,9,1030005700,03,주간선도로,동호로
134,하행,1,1030005800,03,주간선도로,동호로
134,하행,2,1030008800,03,주간선도로,동호로
134,하행,3,1030012400,03,주간선도로,동호로
134,하행,4,1010001600,03,주간선도로,동호로
134,하행,5,1010003800,03,주간선도로,동호로
134,하행,6,1010008800,03,주간선도로,동호로
134,하행,7,1010013600,03,주간선도로,동호로
134,하행,8,1010018400,03,주간선도로,동호로
134,하행,9,1000006000,03,주간선도로,동호로
149,상행,1,1130002700,03,주간선도로,마포대로
149,상행,2,1130001700,03,주간선도로,마포대로
149,상행,3,1130001100,03,주간선도로,마포대로
149,상행,4,1130000500,03,주간선도로,마포대로
149,상행,5,1130000100,03,주간선도로,마포대로
149,하행,1,1130000200,03,주간선도로,마포대로
149,하행,2,1130000600,03,주간선도로,마포대로
149,하행,3,1130001200,03,주간선도로,마포대로
149,하행,4,1130001800,03,주간선도로,마포대로
149,하행,5,1130002800,03,주간선도로,마포대로
150,상행,1,1130009400,03,주간선도로,만리재로
150,상행,2,1020019600,03,주간선도로,만리재로
150,상행,3,1020022400,03,주간선도로,만리재로
150,하행,1,1020022300,03,주간선도로,만리재로
150,하행,2,1020019500,03,주간선도로,만리재로
150,하행,3,1130009300,03,주간선도로,만리재로
151,상행,1,2210003500,03,주간선도로,망우로
151,상행,2,1060003100,03,주간선도로,망우로
151,상행,3,1060003300,03,주간선도로,망우로
151,상행,4,1060002900,03,주간선도로,망우로
151,상행,5,1060002700,03,주간선도로,망우로
151,상행,6,1060002500,03,주간선도로,망우로
151,상행,7,1060002100,03,주간선도로,망우로
151,상행,8,1060001900,03,주간선도로,망우로
151,상행,9,1060001700,03,주간선도로,망우로
151,상행,10,1060001300,03,주간선도로,망우로
151,상행,11,1060001100,03,주간선도로,망우로
151,상행,12,1050003100,03,주간선도로,망우로
151,상행,13,1050002800,03,주간선도로,망우로
151,상행,14,1050002600,03,주간선도로,망우로
151,상행,15,1050002400,03,주간선도로,망우로
151,하행,1,1050002500,03,주간선도로,망우로
151,하행,2,1050002700,03,주간선도로,망우로
151,하행,3,1050002900,03,주간선도로,망우로
151,하행,4,1050003000,03,주간선도로,망우로
151,하행,5,1060001200,03,주간선도로,망우로
151,하행,6,1060001400,03,주간선도로,망우로
151,하행,7,1060001800,03,주간선도로,망우로
151,하행,8,1060002000,03,주간선도로,망우로
151,하행,9,1060002200,03,주간선도로,망우로
151,하행,10,1060002600,03,주간선도로,망우로
151,하행,11,1060002800,03,주간선도로,망우로
151,하행,12,1060003000,03,주간선도로,망우로
151,하행,13,1060003400,03,주간선도로,망우로
151,하행,14,1060003200,03,주간선도로,망우로
151,하행,15,2210003600,03,주간선도로,망우로
173,상행,1,1210014100,03,주간선도로,반포대로
173,상행,2,1210016100,03,주간선도로,반포대로
173,상행,3,1210018500,03,주간선도로,반포대로
173,상행,4,1210021900,03,주간선도로,반포대로
173,상행,5,1210025100,03,주간선도로,반포대로
173,상행,6,1210026700,03,주간선도로,반포대로
173,상행,7,1210028900,03,주간선도로,반포대로
173,하행,1,1210028800,03,주간선도로,반포대로
173,하행,2,1210026600,03,주간선도로,반포대로
173,하행,3,1210025000,03,주간선도로,반포대로
173,하행,4,1210021800,03,주간선도로,반포대로
173,하행,5,1210018400,03,주간선도로,반포대로
173,하행,6,1210016000,03,주간선도로,반포대로
173,하행,7,1210014000,03,주간선도로,반포대로
175,상행,1,1220005900,03,주간선도로,밤고개로
175,상행,2,1220006700,03,주간선도로,밤고개로
175,상행,3,1220013900,03,주간선도로,밤고개로
175,하행,1,1220013800,03,주간선도로,밤고개로
175,하행,2,1220006600,03,주간선도로,밤고개로
175,하행,3,1220005800,03,주간선도로,밤고개로
193,상행,1,1070006700,03,주간선도로,보문로
193,상행,2,1070005500,03,주간선도로,보문로
193,상행,3,1070004500,03,주간선도로,보문로
193,상행,4,1070002500,03,주간선도로,보문로
193,상행,5,1070001900,03,주간선도로,보문로
193,하행,1,1070002000,03,주간선도로,보문로
193,하행,2,1070002600,03,주간선도로,보문로
193,하행,3,1070004600,03,주간선도로,보문로
193,하행,4,1070005600,03,주간선도로,보문로
193,하행,5,1070006800,03,주간선도로,보문로
195,상행,1,1220031600,03,주간선도로,봉은사로
195,상행,2,1220031400,03,주간선도로,봉은사로
195,상행,3,1220030800,03,주간선도로,봉은사로
195,상행,4,1220030000,03,주간선도로,봉은사로
195,상행,5,1220029000,03,주간선도로,봉은사로
195,상행,6,1220028200,03,주간선도로,봉은사로
195,상행,7,1220027200,03,주간선도로,봉은사로
195,하행,1,1220027300,03,주간선도로,봉은사로
195,하행,2,1220028300,03,주간선도로,봉은사로
195,하행,3,1220029100,03,주간선도로,봉은사로
195,하행,4,1220030100,03,주간선도로,봉은사로
195,하행,5,1220030900,03,주간선도로,봉은사로
195,하행,6,1220031500,03,주간선도로,봉은사로
195,하행,7,1220031700,03,주간선도로,봉은사로
197,상행,1,1200010400,03,주간선도로,봉천로
197,상행,2,1200011300,03,주간선도로,봉천로
197,상행,3,1200010500,03,주간선도로,봉천로
197,상행,4,1200006900,03,주간선도로,봉천로
197,상행,5,1200005500,03,주간선도로,봉천로
197,상행,6,1200004300,03,주간선도로,봉천로
197,하행,1,1200004400,03,주간선도로,봉천로
197,하행,2,1200005600,03,주간선도로,봉천로
197,하행,3,1200007000,03,주간선도로,봉천로
197,하행,4,1200010600,03,주간선도로,봉천로
197,하행,5,1200011400,03,주간선도로,봉천로
197,하행,6,1200010300,03,주간선도로,봉천로
208,상행,1,1210014500,03,주간선도로,사당로
208,상행,2,1190000800,03,주간선도로,사당로
208,하행,1,1190000700,03,주간선도로,사당로
208,하행,2,1210014400,03,주간선도로,사당로
210,상행,1,1000008000,03,주간선도로,사직로
210,상행,2,1000011400,03,주간선도로,사직로
210,상행,3,1000012600,03,주간선도로,사직로
210,상행,4,1000011700,03,주간선도로,사직로
210,상행,5,1000012000,03,주간선도로,사직로
210,상행,6,1000012200,03,주간선도로,사직로
210,하행,1,1000012100,03,주간선도로,사직로
210,하행,2,1000011900,03,주간선도로,사직로
210,하행,3,1000011800,03,주간선도로,사직로
210,하행,4,1000012500,03,주간선도로,사직로
210,하행,5,1000011300,03,주간선도로,사직로
210,하행,6,1000007900,03,주간선도로,사직로
212,상행,1,1210022800,03,주간선도로,사평대로
212,상행,2,1210022700,03,주간선도로,사평대로
212,상행,3,1210023700,03,주간선도로,사평대로
212,상행,4,1210024900,03,주간선도로,사평대로
212,상행,5,1210025800,03,주간선도로,사평대로
212,상행,6,1210024500,03,주간선도로,사평대로
212,상행,7,1210025500,03,주간선도로,사평대로
212,하행,1,1210025400,03,주간선도로,사평대로
212,하행,2,1210024400,03,주간선도로,사평대로
212,하행,3,1210025900,03,주간선도로,사평대로
212,하행,4,1210024800,03,주간선도로,사평대로
212,하행,5,1210023600,03,주간선도로,사평대로
212,하행,6,1210022600,03,주간선도로,사평대로
212,하행,7,1210022900,03,주간선도로,사평대로
219,상행,1,1000010300,03,주간선도로,삼일대로
219,상행,2,1000006900,03,주간선도로,삼일대로
219,상행,3,1000003900,03,주간선도로,삼일대로
219,상행,4,1010016500,03,주간선도로,삼일대로
219,상행,5,1010012300,03,주간선도로,삼일대로
219,상행,6,1010007700,03,주간선도로,삼일대로
219,상행,7,1010003300,03,주간선도로,삼일대로
219,상행,8,1020020300,03,주간선도로,삼일대로
219,하행,1,1020020400,03,주간선도로,삼일대로
219,하행,2,1010003400,03,주간선도로,삼일대로
219,하행,3,1010007800,03,주간선도로,삼일대로
219,하행,4,1010012400,03,주간선도로,삼일대로
219,하행,5,1010016600,03,주간선도로,삼일대로
219,하행,6,1000004000,03,주간선도로,삼일대로
219,하행,7,1000007000,03,주간선도로,삼일대로
219,하행,8,1000010400,03,주간선도로,삼일대로
22,상행,1,1150016700,03,주간선도로,개화동로
22,상행,2,1150019300,03,주간선도로,개화동로
22,상행,3,1150004200,03,주간선도로,개화동로
22,상행,4,1150005000,03,주간선도로,개화동로
22,상행,5,1150006800,03,주간선도로,개화동로
22,상행,6,1150007300,03,주간선도로,개화동로
22,상행,7,2180002201,03,주간선도로,개화동로
22,하행,1,2180002102,03,주간선도로,개화동로
22,하행,2,1150007200,03,주간선도로,개화동로
22,하행,3,1150006700,03,주간선도로,개화동로
22,하행,4,1150004900,03,주간선도로,개화동로
22,하행,5,1150004100,03,주간선도로,개화동로
22,하행,6,1150019200,03,주간선도로,개화동로
22,하행,7,1150016600,03,주간선도로,개화동로
237,상행,1,1000000900,03,주간선도로,새문안로
237,상행,2,1000000700,03,주간선도로,새문안로
237,상행,3,1000000100,03,주간선도로,새문안로
237,상행,4,1010000100,03,주간선도로,새문안로
237,하행,1,1010000200,03,주간선도로,새문안로
237,하행,2,1000000200,03,주간선도로,새문안로
237,하행,3,1000000800,03,주간선도로,새문안로
237,하행,4,1000001000,03,주간선도로,새문안로
241,상행,1,1170001000,03,주간선도로,서부간선도로
241,상행,2,1170001200,03,주간선도로,서부간선도로
241,상행,3,1170001400,03,주간선도로,서부간선도로
241,상행,4,1160001200,03,주간선도로,서부간선도로
241,상행,5,1160002600,03,주간선도로,서부간선도로
241,상행,6,1160003200,03,주간선도로,서부간선도로
241,상행,7,1180001400,03,주간선도로,서부간선도로
241,상행,8,1180002200,03,주간선도로,서부간선도로
241,상행,9,1180003000,03,주간선도로,서부간선도로
241,상행,10,1180004000,03,주간선도로,서부간선도로
241,하행,1,1180003900,03,주간선도로,서부간선도로
241,하행,2,1180002900,03,주간선도로,서부간선도로
241,하행,3,1180002100,03,주간선도로,서부간선도로
241,하행,4,1180001300,03,주간선도로,서부간선도로
241,하행,5,1160003100,03,주간선도로,서부간선도로
241,하행,6,1160002500,03,주간선도로,서부간선도로
241,하행,7,1160001100,03,주간선도로,서부간선도로
241,하행,8,1170001300,03,주간선도로,서부간선도로
241,하행,9,1170001100,03,주간선도로,서부간선도로
241,하행,10,1170000900,03,주간선도로,서부간선도로
242,상행,1,1020005900,03,주간선도로,서빙고로
242,상행,2,1020003700,03,주간선도로,서빙고로
242,상행,3,1020003600,03,주간선도로,서빙고로
242,상행,4,1020003300,03,주간선도로,서빙고로
242,상행,5,1020004200,03,주간선도로,서빙고로
242,상행,6,1020007000,03,주간선도로,서빙고로
242,상행,7,1020011600,03,주간선도로,서빙고로
242,하행,1,1020011500,03,주간선도로,서빙고로
242,하행,2,1020006900,03,주간선도로,서빙고로
242,하행,3,1020004100,03,주간선도로,서빙고로
242,하행,4,1020003400,03,주간선도로,서빙고로
242,하행,5,1020003500,03,주간선도로,서빙고로
242,하행,6,1020003800,03,주간선도로,서빙고로
242,하행,7,1020006000,03,주간선도로,서빙고로
244,상행,1,1010007300,03,주간선도로,서소문로
244,상행,2,1010005700,03,주간선도로,서소문로
244,상행,3,1120004100,03,주간선도로,서소문로
244,하행,1,1120004200,03,주간선도로,서소문로
244,하행,2,1010005800,03,주간선도로,서소문로
244,하행,3,1010007400,03,주간선도로,서소문로
250,상행,1,1210016300,03,주간선도로,서초대로
250,상행,2,1210017300,03,주간선도로,서초대로
250,상행,3,1210017900,03,주간선도로,서초대로
250,상행,4,1210019700,03,주간선도로,서초대로
250,상행,5,1210020300,03,주간선도로,서초대로
250,상행,6,1210021100,03,주간선도로,서초대로
250,상행,7,1210022300,03,주간선도로,서초대로
250,하행,1,1210022200,03,주간선도로,서초대로
250,하행,2,1210021000,03,주간선도로,서초대로
250,하행,3,1210020200,03,주간선도로,서초대로
250,하행,4,1210019600,03,주간선도로,서초대로
250,하행,5,1210017800,03,주간선도로,서초대로
250,하행,6,1210017200,03,주간선도로,서초대로
250,하행,7,1210016200,03,주간선도로,서초대로
258,상행,1,1180015900,03,주간선도로,선유로
258,상행,2,1180016900,03,주간선도로,선유로
258,상행,3,1180019500,03,주간선도로,선유로
258,상행,4,1180023500,03,주간선도로,선유로
258,상행,5,1180027500,03,주간선도로,선유로
258,상행,6,1180032700,03,주간선도로,선유로
258,상행,7,1180037700,03,주간선도로,선유로
258,상행,8,1180039700,03,주간선도로,선유로
258,상행,9,1180040900,03,주간선도로,선유로
258,상행,10,1180003800,03,주간선도로,선유로
258,하행,1,1180003700,03,주간선도로,선유로
258,하행,2,1180040800,03,주간선도로,선유로
258,하행,3,1180039600,03,주간선도로,선유로
258,하행,4,1180037600,03,주간선도로,선유로
258,하행,5,1180032600,03,주간선도로,선유로
258,하행,6,1180027400,03,주간선도로,선유로
258,하행,7,1180023400,03,주간선도로,선유로
258,하행,8,1180019400,03,주간선도로,선유로
258,하행,9,1180016800,03,주간선도로,선유로
258,하행,10,1180015800,03,주간선도로,선유로
267,상행,1,1180004600,03,주간선도로,성산로
267,상행,2,1180005500,03,주간선도로,성산로
267,상행,3,1130004200,03,주간선도로,성산로
267,상행,4,1005002900,03,주간선도로,성산로
267,상행,5,1130020600,03,주간선도로,성산로
267,상행,6,1130022200,03,주간선도로,성산로
267,상행,7,1120005100,03,주간선도로,성산로
267,상행,8,1120004500,03,주간선도로,성산로
267,상행,9,1120004400,03,주간선도로,성산로
267,상행,10,1120005000,03,주간선도로,성산로
267,상행,11,1120006400,03,주간선도로,성산로
267,하행,1,1120006300,03,주간선도로,성산로
267,하행,2,1120004900,03,주간선도로,성산로
267,하행,3,1120004300,03,주간선도로,성산로
267,하행,4,1120004600,03,주간선도로,성산로
267,하행,5,1120005200,03,주간선도로,성산로
267,하행,6,1130022100,03,주간선도로,성산로
267,하행,7,1130020500,03,주간선도로,성산로
267,하행,8,1005003000,03,주간선도로,성산로
267,하행,9,1130004100,03,주간선도로,성산로
267,하행,10,1180005400,03,주간선도로,성산로
267,하행,11,1180004500,03,주간선도로,성산로
273,상행,1,1120013600,03,주간선도로,세검정로
273,상행,2,1120014000,03,주간선도로,세검정로
273,상행,3,1000021000,03,주간선도로,세검정로
273,하행,1,1000020900,03,주간선도로,세검정로
273,하행,2,1120013900,03,주간선도로,세검정로
273,하행,3,1120013500,03,주간선도로,세검정로
274,상행,1,1000008300,03,주간선도로,세종대로
274,상행,2,1000005100,03,주간선도로,세종대로
274,상행,3,1010018100,03,주간선도로,세종대로
274,상행,4,1010013700,03,주간선도로,세종대로
274,상행,5,1010009900,03,주간선도로,세종대로
274,상행,6,1010005900,03,주간선도로,세종대로
274,상행,7,1010002900,03,주간선도로,세종대로
274,하행,1,1010003000,03,주간선도로,세종대로
274,하행,2,1010006000,03,주간선도로,세종대로
274,하행,3,1010010000,03,주간선도로,세종대로
274,하행,4,1010013800,03,주간선도로,세종대로
274,하행,5,1010018200,03,주간선도로,세종대로
274,하행,6,1000005200,03,주간선도로,세종대로
274,하행,7,1000008400,03,주간선도로,세종대로
278,상행,1,1010011100,03,주간선도로,소공로
278,상행,2,1010009500,03,주간선도로,소공로
278,상행,3,1010007500,03,주간선도로,소공로
278,상행,4,1010004900,03,주간선도로,소공로
278,상행,5,1010002700,03,주간선도로,소공로
278,하행,1,1010002800,03,주간선도로,소공로
278,하행,2,1010005000,03,주간선도로,소공로
278,하행,3,1010007600,03,주간선도로,소공로
278,하행,4,1010009600,03,주간선도로,소공로
278,하행,5,1010011200,03,주간선도로,소공로
28,상행,1,1160000200,03,주간선도로,경인로
28,상행,2,1160000400,03,주간선도로,경인로
28,상행,3,1160000600,03,주간선도로,경인로
28,상행,4,1160000800,03,주간선도로,경인로
28,상행,5,1160001000,03,주간선도로,경인로
28,상행,6,1160001400,03,주간선도로,경인로
28,상행,7,1160001700,03,주간선도로,경인로
28,상행,8,1160001600,03,주간선도로,경인로
28,상행,9,1160002200,03,주간선도로,경인로
28,상행,10,1160001900,03,주간선도로,경인로
28,상행,11,1160002400,03,주간선도로,경인로
28,상행,12,1160002800,03,주간선도로,경인로
28,상행,13,1160003000,03,주간선도로,경인로
28,상행,14,1180000200,03,주간선도로,경인로
28,상행,15,1180000400,03,주간선도로,경인로
28,상행,16,1180000800,03,주간선도로,경인로
28,상행,17,1180001000,03,주간선도로,경인로
28,상행,18,1180001200,03,주간선도로,경인로
28,상행,19,1180001600,03,주간선도로,경인로
28,하행,1,1180001500,03,주간선도로,경인로
28,하행,2,1180001100,03,주간선도로,경인로
28,하행,3,1180000900,03,주간선도로,경인로
28,하행,4,1180000700,03,주간선도로,경인로
28,하행,5,1180000300,03,주간선도로,경인로
28,하행,6,1180000100,03,주간선도로,경인로
28,하행,7,1160002900,03,주간선도로,경인로
28,하행,8,1160002700,03,주간선도로,경인로
28,하행,9,1160002300,03,주간선도로,경인로
28,하행,10,1160002000,03,주간선도로,경인로
28,하행,11,1160002100,03,주간선도로,경인로
28,하행,12,1160001500,03,주간선도로,경인로
28,하행,13,1160001800,03,주간선도로,경인로
28,하행,14,1160001300,03,주간선도로,경인로
28,하행,15,1160000900,03,주간선도로,경인로
28,하행,16,1160000700,03,주간선도로,경인로
28,하행,17,1160000500,03,주간선도로,경인로
28,하행,18,1160000300,03,주간선도로,경인로
28,하행,19,1160000100,03,주간선도로,경인로
288,상행,1,1230004900,03,주간선도로,송파대로
288,상행,2,1230004100,03,주간선도로,송파대로
288,상행,3,1230003700,03,주간선도로,송파대로
288,상행,4,1230003500,03,주간선도로,송파대로
288,상행,5,1230003300,03,주간선도로,송파대로
288,상행,6,1230003100,03,주간선도로,송파대로
288,상행,7,1230002900,03,주간선도로,송파대로
288,상행,8,1230002700,03,주간선도로,송파대로
288,상행,9,1230002500,03,주간선도로,송파대로
288,상행,10,1230002100,03,주간선도로,송파대로
288,상행,11,1230001900,03,주간선도로,송파대로
288,상행,12,1230001700,03,주간선도로,송파대로
288,상행,13,1230001300,03,주간선도로,송파대로
288,상행,14,1230000500,03,주간선도로,송파대로
288,하행,1,1230000600,03,주간선도로,송파대로
288,하행,2,1230001400,03,주간선도로,송파대로
288,하행,3,1230001800,03,주간선도로,송파대로
288,하행,4,1230002000,03,주간선도로,송파대로
288,하행,5,1230002200,03,주간선도로,송파대로
288,하행,6,1230002600,03,주간선도로,송파대로
288,하행,7,1230002800,03,주간선도로,송파대로
288,하행,8,1230003000,03,주간선도로,송파대로
288,하행,9,1230003200,03,주간선도로,송파대로
288,하행,10,1230003400,03,주간선도로,송파대로
288,하행,11,1230003600,03,주간선도로,송파대로
288,하행,12,1230003800,03,주간선도로,송파대로
288,하행,13,1230004200,03,주간선도로,송파대로
288,하행,14,1230005000,03,주간선도로,송파대로
293,상행,1,1120005600,03,주간선도로,수색로
293,상행,2,1120005800,03,주간선도로,수색로
293,상행,3,1120007000,03,주간선도로,수색로
293,상행,4,1120008600,03,주간선도로,수색로
293,상행,5,1110003000,03,주간선도로,수색로
293,상행,6,1110003400,03,주간선도로,수색로
293,상행,7,1110004000,03,주간선도로,수색로
293,상행,8,1110005000,03,주간선도로,수색로
293,상행,9,1110006200,03,주간선도로,수색로
293,하행,1,1110006100,03,주간선도로,수색로
293,하행,2,1110004900,03,주간선도로,수색로
293,하행,3,1110003900,03,주간선도로,수색로
293,하행,4,1110003300,03,주간선도로,수색로
293,하행,5,1110002900,03,주간선도로,수색로
293,하행,6,1120008500,03,주간선도로,수색로
293,하행,7,1120006900,03,주간선도로,수색로
293,하행,8,1120005700,03,주간선도로,수색로
293,하행,9,1120005500,03,주간선도로,수색로
296,상행,1,2080006600,03,주간선도로,시흥대로
296,상행,2,1170000200,03,주간선도로,시흥대로
296,상행,3,1170000600,03,주간선도로,시흥대로
296,상행,4,1170003000,03,주간선도로,시흥대로
296,상행,5,1170004400,03,주간선도로,시흥대로
296,상행,6,1170005600,03,주간선도로,시흥대로
296,상행,7,1170007400,03,주간선도로,시흥대로
296,상행,8,1160004400,03,주간선도로,시흥대로
296,상행,9,1160005800,03,주간선도로,시흥대로
296,상행,10,1180005900,03,주간선도로,시흥대로
296,상행,11,1180006500,03,주간선도로,시흥대로
296,하행,1,1180006400,03,주간선도로,시흥대로
296,하행,2,1180005800,03,주간선도로,시흥대로
296,하행,3,1160005700,03,주간선도로,시흥대로
296,하행,4,1160004300,03,주간선도로,시흥대로
296,하행,5,1170007300,03,주간선도로,시흥대로
296,하행,6,1170005500,03,주간선도로,시흥대로
296,하행,7,1170004300,03,주간선도로,시흥대로
296,하행,8,1170002900,03,주간선도로,시흥대로
296,하행,9,1170000500,03,주간선도로,시흥대로
296,하행,10,1170000100,03,주간선도로,시흥대로
296,하행,11,2080006500,03,주간선도로,시흥대로
309,상행,1,1120000500,03,주간선도로,신촌로
309,상행,2,1130002900,03,주간선도로,신촌로
309,상행,3,1130003200,03,주간선도로,신촌로
309,상행,4,1120000200,03,주간선도로,신촌로
309,상행,5,1120000400,03,주간선도로,신촌로
309,상행,6,1130003500,03,주간선도로,신촌로
309,상행,7,1120000800,03,주간선도로,신촌로
309,하행,1,1120000700,03,주간선도로,신촌로
309,하행,2,1130003600,03,주간선도로,신촌로
309,하행,3,1120000300,03,주간선도로,신촌로
309,하행,4,1120000100,03,주간선도로,신촌로
309,하행,5,1130003100,03,주간선도로,신촌로
309,하행,6,1130003000,03,주간선도로,신촌로
309,하행,7,1120000600,03,주간선도로,신촌로
319,상행,1,1070002200,03,주간선도로,안암로
319,상행,2,1070002400,03,주간선도로,안암로
319,상행,3,1070003400,03,주간선도로,안암로
319,상행,4,1070005200,03,주간선도로,안암로
319,하행,1,1070005100,03,주간선도로,안암로
319,하행,2,1070003300,03,주간선도로,안암로
319,하행,3,1070002300,03,주간선도로,안암로
319,하행,4,1070002100,03,주간선도로,안암로
327,상행,1,1210000500,03,주간선도로,양재대로
327,상행,2,1210001000,03,주간선도로,양재대로
327,상행,3,1210001200,03,주간선도로,양재대로
327,상행,4,1210001800,03,주간선도로,양재대로
327,상행,5,1210002600,03,주간선도로,양재대로
327,상행,6,1210002800,03,주간선도로,양재대로
327,상행,7,1220000200,03,주간선도로,양재대로
327,상행,8,1220000400,03,주간선도로,양재대로
327,상행,9,1220000600,03,주간선도로,양재대로
327,상행,10,1220000800,03,주간선도로,양재대로
327,상행,11,1220012900,03,주간선도로,양재대로
327,상행,12,1220014500,03,주간선도로,양재대로
327,상행,13,1220017100,03,주간선도로,양재대로
327,상행,14,1220018900,03,주간선도로,양재대로
327,상행,15,1230011600,03,주간선도로,양재대로
327,상행,16,1230013400,03,주간선도로,양재대로
327,상행,17,1230016000,03,주간선도로,양재대로
327,상행,18,1230019800,03,주간선도로,양재대로
327,상행,19,1230023400,03,주간선도로,양재대로
327,상행,20,1230028800,03,주간선도로,양재대로
327,상행,21,1240006000,03,주간선도로,양재대로
327,상행,22,1240008200,03,주간선도로,양재대로
327,상행,23,1240010200,03,주간선도로,양재대로
327,상행,24,1240013000,03,주간선도로,양재대로
327,상행,25,1240016600,03,주간선도로,양재대로
327,상행,26,1240020200,03,주간선도로,양재대로
327,상행,27,1240022800,03,주간선도로,양재대로
327,상행,28,1240024800,03,주간선도로,양재대로
327,하행,1,1240024700,03,주간선도로,양재대로
327,하행,2,1240022700,03,주간선도로,양재대로
327,하행,3,1240020100,03,주간선도로,양재대로
327,하행,4,1240016500,03,주간선도로,양재대로
327,하행,5,1240012900,03,주간선도로,양재대로
327,하행,6,1240010100,03,주간선도로,양재대로
327,하행,7,1240008100,03,주간선도로,양재대로
327,하행,8,1240005900,03,주간선도로,양재대로
327,하행,9,1230028700,03,주간선도로,양재대로
327,하행,10,1230023300,03,주간선도로,양재대로
327,하행,11,1230019700,03,주간선도로,양재대로
327,하행,12,1230015900,03,주간선도로,양재대로
327,하행,13,1230013300,03,주간선도로,양재대로
327,하행,14,1230011500,03,주간선도로,양재대로
327,하행,15,1220018800,03,주간선도로,양재대로
327,하행,16,1220017000,03,주간선도로,양재대로
327,하행,17,1220014400,03,주간선도로,양재대로
327,하행,18,1220012800,03,주간선도로,양재대로
327,하행,19,1220000700,03,주간선도로,양재대로
327,하행,20,1220000500,03,주간선도로,양재대로
327,하행,21,1220000300,03,주간선도로,양재대로
327,하행,22,1220000100,03,주간선도로,양재대로
327,하행,23,1210002700,03,주간선도로,양재대로
327,하행,24,1210002500,03,주간선도로,양재대로
327,하행,25,1210001700,03,주간선도로,양재대로
327,하행,26,1210001100,03,주간선도로,양재대로
327,하행,27,1210000900,03,주간선도로,양재대로
327,하행,28,1210000600,03,주간선도로,양재대로
338,상행,1,1130003700,03,주간선도로,양화로
338,상행,2,1130002500,03,주간선도로,양화로
338,상행,3,1130002100,03,주간선도로,양화로
338,상행,4,1130001500,03,주간선도로,양화로
338,하행,1,1130001600,03,주간선도로,양화로
338,하행,2,1130002200,03,주간선도로,양화로
338,하행,3,1130002600,03,주간선도로,양화로
338,하행,4,1130003800,03,주간선도로,양화로
339,상행,1,1220037200,03,주간선도로,언주로
339,상행,2,1220036800,03,주간선도로,언주로
339,상행,3,1220035200,03,주간선도로,언주로
339,상행,4,1220033000,03,주간선도로,언주로
339,상행,5,1220029800,03,주간선도로,언주로
339,상행,6,1220027400,03,주간선도로,언주로
339,상행,7,1220024600,03,주간선도로,언주로
339,상행,8,1220021400,03,주간선도로,언주로
339,상행,9,1220016000,03,주간선도로,언주로
339,상행,10,1220011400,03,주간선도로,언주로
339,상행,11,1220008400,03,주간선도로,언주로
339,상행,12,1220006800,03,주간선도로,언주로
339,상행,13,1210007800,03,주간선도로,언주로
339,상행,14,1210006600,03,주간선도로,언주로
339,하행,1,1210006700,03,주간선도로,언주로
339,하행,2,1210007900,03,주간선도로,언주로
339,하행,3,1220006900,03,주간선도로,언주로
339,하행,4,1220008500,03,주간선도로,언주로
339,하행,5,1220011500,03,주간선도로,언주로
339,하행,6,1220016100,03,주간선도로,언주로
339,하행,7,1220021500,03,주간선도로,언주로
339,하행,8,1220024700,03,주간선도로,언주로
339,하행,9,1220027500,03,주간선도로,언주로
339,하행,10,1220029900,03,주간선도로,언주로
339,하행,11,1220033100,03,주간선도로,언주로
339,하행,12,1220035300,03,주간선도로,언주로
339,하행,13,1220036900,03,주간선도로,언주로
339,하행,14,1220037300,03,주간선도로,언주로
342,상행,1,1180007500,03,주간선도로,여의대방로
342,상행,2,1180007900,03,주간선도로,여의대방로
342,상행,3,1190001400,03,주간선도로,여의대방로
342,상행,4,1180010300,03,주간선도로,여의대방로
342,상행,5,1180012900,03,주간선도로,여의대방로
342,상행,6,1190006200,03,주간선도로,여의대방로
342,상행,7,1190007000,03,주간선도로,여의대방로
342,상행,8,1180019300,03,주간선도로,여의대방로
342,상행,9,1180023900,03,주간선도로,여의대방로
342,상행,10,1180031700,03,주간선도로,여의대방로
342,상행,11,1020007800,03,주간선도로,여의대방로
342,하행,1,1020007700,03,주간선도로,여의대방로
342,하행,2,1180031600,03,주간선도로,여의대방로
342,하행,3,1180023800,03,주간선도로,여의대방로
342,하행,4,1180019200,03,주간선도로,여의대방로
342,하행,5,1190006900,03,주간선도로,여의대방로
342,하행,6,1190006100,03,주간선도로,여의대방로
342,하행,7,1180012800,03,주간선도로,여의대방로
342,하행,8,1180010200,03,주간선도로,여의대방로
342,하행,9,1190001300,03,주간선도로,여의대방로
342,하행,10,1180007800,03,주간선도로,여의대방로
342,하행,11,1180007400,03,주간선도로,여의대방로
354,상행,1,1220005200,03,주간선도로,영동대로
354,상행,2,1220004800,03,주간선도로,영동대로
354,상행,3,1220004200,03,주간선도로,영동대로
354,상행,4,1220004000,03,주간선도로,영동대로
354,상행,5,1220003300,03,주간선도로,영동대로
354,상행,6,1220003100,03,주간선도로,영동대로
354,상행,7,1220002700,03,주간선도로,영동대로
354,상행,8,1220002200,03,주간선도로,영동대로
354,상행,9,1220001900,03,주간선도로,영동대로
354,상행,10,1220001500,03,주간선도로,영동대로
354,상행,11,1220001100,03,주간선도로,영동대로
354,상행,12,1220000900,03,주간선도로,영동대로
354,하행,1,1220001000,03,주간선도로,영동대로
354,하행,2,1220001200,03,주간선도로,영동대로
354,하행,3,1220001600,03,주간선도로,영동대로
354,하행,4,1220002000,03,주간선도로,영동대로
354,하행,5,1220002300,03,주간선도로,영동대로
354,하행,6,1220002800,03,주간선도로,영동대로
354,하행,7,1220003200,03,주간선도로,영동대로
354,하행,8,1220003400,03,주간선도로,영동대로
354,하행,9,1220004100,03,주간선도로,영동대로
354,하행,10,1220004300,03,주간선도로,영동대로
354,하행,11,1220004900,03,주간선도로,영동대로
354,하행,12,1220005300,03,주간선도로,영동대로
365,상행,1,1230024600,03,주간선도로,올림픽로
365,상행,2,1230025100,03,주간선도로,올림픽로
365,상행,3,1230025000,03,주간선도로,올림픽로
365,상행,4,1230025800,03,주간선도로,올림픽로
365,상행,5,1230027400,03,주간선도로,올림픽로
365,상행,6,1230029200,03,주간선도로,올림픽로
365,상행,7,1230030800,03,주간선도로,올림픽로
365,상행,8,1230032200,03,주간선도로,올림픽로
365,상행,9,1230033300,03,주간선도로,올림픽로
365,상행,10,1230035100,03,주간선도로,올림픽로
365,상행,11,1230036100,03,주간선도로,올림픽로
365,상행,12,1230036900,03,주간선도로,올림픽로
365,상행,13,1240009800,03,주간선도로,올림픽로
365,상행,14,1240011200,03,주간선도로,올림픽로
365,상행,15,1240012600,03,주간선도로,올림픽로
365,상행,16,1240015200,03,주간선도로,올림픽로
365,상행,17,1240017000,03,주간선도로,올림픽로
365,상행,18,1240018600,03,주간선도로,올림픽로
365,상행,19,1240020400,03,주간선도로,올림픽로
365,상행,20,1240026600,03,주간선도로,올림픽로
365,하행,1,1240026500,03,주간선도로,올림픽로
365,하행,2,1240020300,03,주간선도로,올림픽로
365,하행,3,1240018500,03,주간선도로,올림픽로
365,하행,4,1240016900,03,주간선도로,올림픽로
365,하행,5,1240015100,03,주간선도로,올림픽로
365,하행,6,1240012500,03,주간선도로,올림픽로
365,하행,7,1240011100,03,주간선도로,올림픽로
365,하행,8,1240009700,03,주간선도로,올림픽로
365,하행,9,1230036800,03,주간선도로,올림픽로
365,하행,10,1230036000,03,주간선도로,올림픽로
365,하행,11,1230035000,03,주간선도로,올림픽로
365,하행,12,1230033200,03,주간선도로,올림픽로
365,하행,13,1230032100,03,주간선도로,올림픽로
365,하행,14,1230030700,03,주간선도로,올림픽로
365,하행,15,1230029100,03,주간선도로,올림픽로
365,하행,16,1230028300,03,주간선도로,올림픽로
365,하행,17,1230027300,03,주간선도로,올림픽로
365,하행,18,1230025700,03,주간선도로,올림픽로
365,하행,19,1230024900,03,주간선도로,올림픽로
365,하행,20,1230025200,03,주간선도로,올림픽로
365,하행,21,1230024500,03,주간선도로,올림픽로
369,상행,1,1050002000,03,주간선도로,왕산로
369,상행,2,1050001600,03,주간선도로,왕산로
369,상행,3,1050001400,03,주간선도로,왕산로
369,상행,4,1050001200,03,주간선도로,왕산로
369,상행,5,1050001000,03,주간선도로,왕산로
369,상행,6,1050000600,03,주간선도로,왕산로
369,상행,7,1050000800,03,주간선도로,왕산로
369,상행,8,1050000400,03,주간선도로,왕산로
369,하행,1,1050000500,03,주간선도로,왕산로
369,하행,2,1050000900,03,주간선도로,왕산로
369,하행,3,1050000700,03,주간선도로,왕산로
369,하행,4,1050001100,03,주간선도로,왕산로
369,하행,5,1050001300,03,주간선도로,왕산로
369,하행,6,1050001500,03,주간선도로,왕산로
369,하행,7,1050001700,03,주간선도로,왕산로
369,하행,8,1050002100,03,주간선도로,왕산로
37,상행,1,1030006400,03,주간선도로,고산자로
37,상행,2,1030008200,03,주간선도로,고산자로
37,상행,3,1030011800,03,주간선도로,고산자로
37,상행,4,1030013800,03,주간선도로,고산자로
37,상행,5,1030015200,03,주간선도로,고산자로
37,상행,6,1030016800,03,주간선도로,고산자로
37,상행,7,1030020200,03,주간선도로,고산자로
37,상행,8,1050008000,03,주간선도로,고산자로
37,상행,9,1050010600,03,주간선도로,고산자로
37,상행,10,1050012600,03,주간선도로,고산자로
37,상행,11,1050015000,03,주간선도로,고산자로
37,상행,12,1050016600,03,주간선도로,고산자로
37,하행,1,1050016500,03,주간선도로,고산자로
37,하행,2,1050014900,03,주간선도로,고산자로
37,하행,3,1050012500,03,주간선도로,고산자로
37,하행,4,1050010500,03,주간선도로,고산자로
37,하행,5,1050007900,03,주간선도로,고산자로
37,하행,6,1030020100,03,주간선도로,고산자로
37,하행,7,1030016700,03,주간선도로,고산자로
37,하행,8,1030015100,03,주간선도로,고산자로
37,하행,9,1030013700,03,주간선도로,고산자로
37,하행,10,1030011700,03,주간선도로,고산자로
37,하행,11,1030008100,03,주간선도로,고산자로
37,하행,12,1030006300,03,주간선도로,고산자로
370,상행,1,1030003800,03,주간선도로,왕십리로
370,상행,2,1030004800,03,주간선도로,왕십리로
370,상행,3,1030007400,03,주간선도로,왕십리로
370,상행,4,1030011000,03,주간선도로,왕십리로
370,상행,5,1030012600,03,주간선도로,왕십리로
370,상행,6,1030014000,03,주간선도로,왕십리로
370,상행,7,1030014400,03,주간선도로,왕십리로
370,상행,8,1030015400,03,주간선도로,왕십리로
370,상행,9,1030016400,03,주간선도로,왕십리로
370,상행,10,1030017600,03,주간선도로,왕십리로
370,하행,1,1030017500,03,주간선도로,왕십리로
370,하행,2,1030016300,03,주간선도로,왕십리로
370,하행,3,1030015300,03,주간선도로,왕십리로
370,하행,4,1030014300,03,주간선도로,왕십리로
370,하행,5,1030013900,03,주간선도로,왕십리로
370,하행,6,1030012500,03,주간선도로,왕십리로
370,하행,7,1030010900,03,주간선도로,왕십리로
370,하행,8,1030007300,03,주간선도로,왕십리로
370,하행,9,1030004700,03,주간선도로,왕십리로
370,하행,10,1030003700,03,주간선도로,왕십리로
377,상행,1,1020010900,03,주간선도로,원효로
377,상행,2,1020009100,03,주간선도로,원효로
377,상행,3,1005001900,03,주간선도로,원효로
377,상행,4,1020013000,03,주간선도로,원효로
377,상행,5,1020015200,03,주간선도로,원효로
377,하행,1,1020015100,03,주간선도로,원효로
377,하행,2,1020012900,03,주간선도로,원효로
377,하행,3,1005002000,03,주간선도로,원효로
377,하행,4,1020009200,03,주간선도로,원효로
377,하행,5,1020011000,03,주간선도로,원효로
379,상행,1,1070009100,03,주간선도로,월곡로
379,하행,1,1070009200,03,주간선도로,월곡로
383,상행,1,1000006200,03,주간선도로,율곡로
383,상행,2,1000009600,03,주간선도로,율곡로
383,상행,3,1000012300,03,주간선도로,율곡로
383,상행,4,1000013400,03,주간선도로,율곡로
383,상행,5,1000013500,03,주간선도로,율곡로
383,상행,6,1000012700,03,주간선도로,율곡로
383,상행,7,1000011600,03,주간선도로,율곡로
383,하행,1,1000011500,03,주간선도로,율곡로
383,하행,2,1000012800,03,주간선도로,율곡로
383,하행,3,1000013600,03,주간선도로,율곡로
383,하행,4,1000013300,03,주간선도로,율곡로
383,하행,5,1000012400,03,주간선도로,율곡로
383,하행,6,1000009500,03,주간선도로,율곡로
383,하행,7,1000006100,03,주간선도로,율곡로
386,상행,1,1010012600,03,주간선도로,을지로
386,상행,2,1010014000,03,주간선도로,을지로
386,상행,3,1010014200,03,주간선도로,을지로
386,상행,4,1010014400,03,주간선도로,을지로
386,상행,5,1010014800,03,주간선도로,을지로
386,상행,6,1010015800,03,주간선도로,을지로
386,상행,7,1010016200,03,주간선도로,을지로
386,상행,8,1010014900,03,주간선도로,을지로
386,상행,9,1010013300,03,주간선도로,을지로
386,상행,10,1010011500,03,주간선도로,을지로
386,하행,1,1010011600,03,주간선도로,을지로
386,하행,2,1010013400,03,주간선도로,을지로
386,하행,3,1010015000,03,주간선도로,을지로
386,하행,4,1010016100,03,주간선도로,을지로
386,하행,5,1010015700,03,주간선도로,을지로
386,하행,6,1010014700,03,주간선도로,을지로
386,하행,7,1010014300,03,주간선도로,을지로
386,하행,8,1010014100,03,주간선도로,을지로
386,하행,9,1010013900,03,주간선도로,을지로
386,하행,10,1010012500,03,주간선도로,을지로
403,상행,1,1040000400,03,주간선도로,자양로
403,상행,2,1040001000,03,주간선도로,자양로
403,상행,3,1040001800,03,주간선도로,자양로
403,상행,4,1040003200,03,주간선도로,자양로
403,하행,1,1040003100,03,주간선도로,자양로
403,하행,2,1040001700,03,주간선도로,자양로
403,하행,3,1040000900,03,주간선도로,자양로
403,하행,4,1040000300,03,주간선도로,자양로
406,상행,1,1000015401,03,주간선도로,자하문로
406,상행,2,1000015402,03,주간선도로,자하문로
406,상행,3,1000015403,03,주간선도로,자하문로
406,상행,4,1000018000,03,주간선도로,자하문로
406,상행,5,1000019600,03,주간선도로,자하문로
406,상행,6,1000020800,03,주간선도로,자하문로
406,하행,1,1000020700,03,주간선도로,자하문로
406,하행,2,1000019500,03,주간선도로,자하문로
406,하행,3,1000017900,03,주간선도로,자하문로
406,하행,4,1000015303,03,주간선도로,자하문로
406,하행,5,1000015302,03,주간선도로,자하문로
406,하행,6,1000015301,03,주간선도로,자하문로
415,상행,1,1020020200,03,주간선도로,장충단로
415,상행,2,1010000400,03,주간선도로,장충단로
415,상행,3,1010001400,03,주간선도로,장충단로
415,상행,4,1010005400,03,주간선도로,장충단로
415,상행,5,1010012000,03,주간선도로,장충단로
415,상행,6,1010017400,03,주간선도로,장충단로
415,하행,1,1010017300,03,주간선도로,장충단로
415,하행,2,1010011900,03,주간선도로,장충단로
415,하행,3,1010005300,03,주간선도로,장충단로
415,하행,4,1010001300,03,주간선도로,장충단로
415,하행,5,1010000300,03,주간선도로,장충단로
415,하행,6,1020020100,03,주간선도로,장충단로
42,상행,1,1150014600,03,주간선도로,공항대로
42,상행,2,1150014400,03,주간선도로,공항대로
42,상행,3,1150013600,03,주간선도로,공항대로
42,상행,4,1150001900,03,주간선도로,공항대로
42,상행,5,1150001700,03,주간선도로,공항대로
42,상행,6,1150001300,03,주간선도로,공항대로
42,상행,7,1150000900,03,주간선도로,공항대로
42,상행,8,1150000500,03,주간선도로,공항대로
42,상행,9,1150000300,03,주간선도로,공항대로
42,상행,10,1140000400,03,주간선도로,공항대로
42,하행,1,1140000300,03,주간선도로,공항대로
42,하행,2,1150000400,03,주간선도로,공항대로
42,하행,3,1150000600,03,주간선도로,공항대로
42,하행,4,1150001000,03,주간선도로,공항대로
42,하행,5,1150001400,03,주간선도로,공항대로
42,하행,6,1150001800,03,주간선도로,공항대로
42,하행,7,1150002000,03,주간선도로,공항대로
42,하행,8,1150013700,03,주간선도로,공항대로
42,하행,9,1150014500,03,주간선도로,공항대로
42,하행,10,1150014700,03,주간선도로,공항대로
427,상행,1,1000001400,03,주간선도로,종로
427,상행,2,1000000300,03,주간선도로,종로
427,상행,3,1000000600,03,주간선도로,종로
427,상행,4,1000001200,03,주간선도로,종로
427,상행,5,1000001600,03,주간선도로,종로
427,상행,6,1000001800,03,주간선도로,종로
427,상행,7,1000002000,03,주간선도로,종로
427,상행,8,1000002200,03,주간선도로,종로
427,상행,9,1000002400,03,주간선도로,종로
427,하행,1,1000002300,03,주간선도로,종로
427,하행,2,1000002100,03,주간선도로,종로
427,하행,3,1000001900,03,주간선도로,종로
427,하행,4,1000001700,03,주간선도로,종로
427,하행,5,1000001500,03,주간선도로,종로
427,하행,6,1000001100,03,주간선도로,종로
427,하행,7,1000000500,03,주간선도로,종로
427,하행,8,1000000400,03,주간선도로,종로
427,하행,9,1000001300,03,주간선도로,종로
429,상행,1,1050017600,03,주간선도로,종암로
429,상행,2,1070007600,03,주간선도로,종암로
429,상행,3,1070010400,03,주간선도로,종암로
429,상행,4,1070013800,03,주간선도로,종암로
429,하행,1,1070013700,03,주간선도로,종암로
429,하행,2,1070010300,03,주간선도로,종암로
429,하행,3,1070007500,03,주간선도로,종암로
429,하행,4,1050017500,03,주간선도로,종암로
445,상행,1,1110009200,03,주간선도로,진흥로
445,상행,2,1110011400,03,주간선도로,진흥로
445,상행,3,1110011700,03,주간선도로,진흥로
445,상행,4,1000021500,03,주간선도로,진흥로
445,상행,5,1000021300,03,주간선도로,진흥로
445,하행,1,1000021400,03,주간선도로,진흥로
445,하행,2,1000021600,03,주간선도로,진흥로
445,하행,3,1110011800,03,주간선도로,진흥로
445,하행,4,1110011300,03,주간선도로,진흥로
445,하행,5,1110009100,03,주간선도로,진흥로
446,상행,1,1000008800,03,주간선도로,창경궁로
446,상행,2,1000015600,03,주간선도로,창경궁로
446,상행,3,1000017800,03,주간선도로,창경궁로
446,상행,4,1000019400,03,주간선도로,창경궁로
446,하행,1,1000019300,03,주간선도로,창경궁로
446,하행,2,1000017700,03,주간선도로,창경궁로
446,하행,3,1000015500,03,주간선도로,창경궁로
446,하행,4,1000008700,03,주간선도로,창경궁로
446,하행,5,1000005500,03,주간선도로,창경궁로
446,하행,6,1010017100,03,주간선도로,창경궁로
446,하행,7,1010012700,03,주간선도로,창경궁로
446,하행,8,1010007900,03,주간선도로,창경궁로
450,상행,1,1050008300,03,주간선도로,천호대로
450,상행,2,1050008600,03,주간선도로,천호대로
450,상행,3,1050008100,03,주간선도로,천호대로
450,상행,4,1050006500,03,주간선도로,천호대로
450,상행,5,1050005300,03,주간선도로,천호대로
450,상행,6,1050004500,03,주간선도로,천호대로
450,상행,7,1030017100,03,주간선도로,천호대로
450,상행,8,1030015900,03,주간선도로,천호대로
450,상행,9,1050003700,03,주간선도로,천호대로
450,상행,10,1040015400,03,주간선도로,천호대로
450,상행,11,1040004900,03,주간선도로,천호대로
450,상행,12,1040004700,03,주간선도로,천호대로
450,상행,13,1040004300,03,주간선도로,천호대로
450,상행,14,1040003700,03,주간선도로,천호대로
450,상행,15,1040003400,03,주간선도로,천호대로
450,상행,16,1040003000,03,주간선도로,천호대로
450,상행,17,1040002800,03,주간선도로,천호대로
450,상행,18,1040002400,03,주간선도로,천호대로
450,상행,19,1040001900,03,주간선도로,천호대로
450,상행,20,1240001500,03,주간선도로,천호대로
450,상행,21,1240001300,03,주간선도로,천호대로
450,상행,22,1240000900,03,주간선도로,천호대로
450,상행,23,1240000500,03,주간선도로,천호대로
450,상행,24,1240000300,03,주간선도로,천호대로
450,상행,25,1240000200,03,주간선도로,천호대로
450,상행,26,1240000800,03,주간선도로,천호대로
450,상행,27,1240001200,03,주간선도로,천호대로
450,상행,28,2270008500,03,주간선도로,천호대로
450,상행,29,2270009000,03,주간선도로,천호대로
450,상행,30,2270009300,03,주간선도로,천호대로
450,상행,31,1240001800,03,주간선도로,천호대로
450,상행,32,1240002100,03,주간선도로,천호대로
450,상행,33,1240002500,03,주간선도로,천호대로
450,하행,1,1240002600,03,주간선도로,천호대로
450,하행,2,1240002200,03,주간선도로,천호대로
450,하행,3,1240001700,03,주간선도로,천호대로
450,하행,4,2270009200,03,주간선도로,천호대로
450,하행,5,2270009100,03,주간선도로,천호대로
450,하행,6,2270008600,03,주간선도로,천호대로
450,하행,7,1240001100,03,주간선도로,천호대로
450,하행,8,1240000700,03,주간선도로,천호대로
450,하행,9,1240000100,03,주간선도로,천호대로
450,하행,10,1240000400,03,주간선도로,천호대로
450,하행,11,1240000600,03,주간선도로,천호대로
450,하행,12,1240001000,03,주간선도로,천호대로
450,하행,13,1240001400,03,주간선도로,천호대로
450,하행,14,1240001600,03,주간선도로,천호대로
450,하행,15,1040002000,03,주간선도로,천호대로
450,하행,16,1040002300,03,주간선도로,천호대로
450,하행,17,1040002700,03,주간선도로,천호대로
450,하행,18,1040003300,03,주간선도로,천호대로
450,하행,19,1040003800,03,주간선도로,천호대로
450,하행,20,1040004400,03,주간선도로,천호대로
450,하행,21,1040004800,03,주간선도로,천호대로
450,하행,22,1040005000,03,주간선도로,천호대로
450,하행,23,1040015500,03,주간선도로,천호대로
450,하행,24,1050003800,03,주간선도로,천호대로
450,하행,25,1030016000,03,주간선도로,천호대로
450,하행,26,1030017200,03,주간선도로,천호대로
450,하행,27,1050004600,03,주간선도로,천호대로
450,하행,28,1050005400,03,주간선도로,천호대로
450,하행,29,1050006600,03,주간선도로,천호대로
450,하행,30,1050008200,03,주간선도로,천호대로
450,하행,31,1050008500,03,주간선도로,천호대로
450,하행,32,1050008400,03,주간선도로,천호대로
454,상행,1,1000003700,03,주간선도로,청계천로
454,상행,2,1000003300,03,주간선도로,청계천로
454,상행,3,1000002900,03,주간선도로,청계천로
454,상행,4,1000002800,03,주간선도로,청계천로
454,상행,5,1000003200,03,주간선도로,청계천로
454,상행,6,1000004400,03,주간선도로,청계천로
454,상행,7,1000005400,03,주간선도로,청계천로
454,상행,8,1000005800,03,주간선도로,청계천로
454,상행,9,1010019600,03,주간선도로,청계천로
454,상행,10,1010019800,03,주간선도로,청계천로
454,상행,11,1030020300,03,주간선도로,청계천로
454,상행,12,1050005600,03,주간선도로,청계천로
454,상행,13,1050007600,03,주간선도로,청계천로
454,하행,1,1050007500,03,주간선도로,청계천로
454,하행,2,1050005500,03,주간선도로,청계천로
454,하행,3,1030020400,03,주간선도로,청계천로
454,하행,4,1010019700,03,주간선도로,청계천로
454,하행,5,1010019500,03,주간선도로,청계천로
454,하행,6,1000005300,03,주간선도로,청계천로
454,하행,7,1000004300,03,주간선도로,청계천로
454,하행,8,1000003100,03,주간선도로,청계천로
454,하행,9,1000002700,03,주간선도로,청계천로
454,하행,10,1000003000,03,주간선도로,청계천로
454,하행,11,1000003400,03,주간선도로,청계천로
454,하행,12,1000003800,03,주간선도로,청계천로
456,상행,1,1010004100,03,주간선도로,청파로
456,상행,2,1010002100,03,주간선도로,청파로
456,상행,3,1020021700,03,주간선도로,청파로
456,상행,4,1020017300,03,주간선도로,청파로
456,상행,5,1020014500,03,주간선도로,청파로
456,상행,6,1020010300,03,주간선도로,청파로
456,상행,7,1020009700,03,주간선도로,청파로
456,하행,1,1020009800,03,주간선도로,청파로
456,하행,2,1020010400,03,주간선도로,청파로
456,하행,3,1020014600,03,주간선도로,청파로
456,하행,4,1020017400,03,주간선도로,청파로
456,하행,5,1020021800,03,주간선도로,청파로
456,하행,6,1010002200,03,주간선도로,청파로
456,하행,7,1010004200,03,주간선도로,청파로
46,상행,1,1200000800,03,주간선도로,관악로
46,상행,2,1200003400,03,주간선도로,관악로
46,상행,3,1200005000,03,주간선도로,관악로
46,상행,4,1200006800,03,주간선도로,관악로
46,하행,1,1200006700,03,주간선도로,관악로
46,하행,2,1200004900,03,주간선도로,관악로
46,하행,3,1200003300,03,주간선도로,관악로
46,하행,4,1200000700,03,주간선도로,관악로
463,상행,1,1120001000,03,주간선도로,충정로
463,하행,1,1120000900,03,주간선도로,충정로
468,상행,1,1220029400,03,주간선도로,테헤란로
468,상행,2,1220028800,03,주간선도로,테헤란로
468,상행,3,1220028000,03,주간선도로,테헤란로
468,상행,4,1220026800,03,주간선도로,테헤란로
468,상행,5,1220026000,03,주간선도로,테헤란로
468,상행,6,1220025200,03,주간선도로,테헤란로
468,상행,7,1220024000,03,주간선도로,테헤란로
468,상행,8,1220023300,03,주간선도로,테헤란로
468,하행,1,1220023400,03,주간선도로,테헤란로
468,하행,2,1220024100,03,주간선도로,테헤란로
468,하행,3,1220025300,03,주간선도로,테헤란로
468,하행,4,1220026100,03,주간선도로,테헤란로
468,하행,5,1220026900,03,주간선도로,테헤란로
468,하행,6,1220028100,03,주간선도로,테헤란로
468,하행,7,1220028900,03,주간선도로,테헤란로
468,하행,8,1220029500,03,주간선도로,테헤란로
47,상행,1,1030007800,03,주간선도로,광나루로
47,상행,2,1030009600,03,주간선도로,광나루로
47,상행,3,1004350800,03,주간선도로,광나루로
47,상행,4,1030012100,03,주간선도로,광나루로
47,상행,5,1030010700,03,주간선도로,광나루로
47,상행,6,1030010100,03,주간선도로,광나루로
47,상행,7,1030010000,03,주간선도로,광나루로
47,상행,8,1040013600,03,주간선도로,광나루로
47,상행,9,1040013400,03,주간선도로,광나루로
47,상행,10,1040013000,03,주간선도로,광나루로
47,상행,11,1040012800,03,주간선도로,광나루로
47,상행,12,1040012600,03,주간선도로,광나루로
47,상행,13,1040011400,03,주간선도로,광나루로
47,상행,14,1040010400,03,주간선도로,광나루로
47,상행,15,1040009400,03,주간선도로,광나루로
47,하행,1,1040009500,03,주간선도로,광나루로
47,하행,2,1040010500,03,주간선도로,광나루로
47,하행,3,1040011500,03,주간선도로,광나루로
47,하행,4,1040012700,03,주간선도로,광나루로
47,하행,5,1040012900,03,주간선도로,광나루로
47,하행,6,1040013100,03,주간선도로,광나루로
47,하행,7,1040013500,03,주간선도로,광나루로
47,하행,8,1040013700,03,주간선도로,광나루로
47,하행,9,1030009900,03,주간선도로,광나루로
47,하행,10,1030010200,03,주간선도로,광나루로
47,하행,11,1030010800,03,주간선도로,광나루로
47,하행,12,1030012200,03,주간선도로,광나루로
47,하행,13,1004350700,03,주간선도로,광나루로
47,하행,14,1030009500,03,주간선도로,광나루로
47,하행,15,1030007700,03,주간선도로,광나루로
472,상행,1,1010002000,03,주간선도로,통일로
472,상행,2,1010004400,03,주간선도로,통일로
472,상행,3,1010009000,03,주간선도로,통일로
472,상행,4,1000003600,03,주간선도로,통일로
472,상행,5,1120010600,03,주간선도로,통일로
472,상행,6,1120013400,03,주간선도로,통일로
472,상행,7,1120013800,03,주간선도로,통일로
472,상행,8,1110010200,03,주간선도로,통일로
472,상행,9,1110011600,03,주간선도로,통일로
472,상행,10,1110012200,03,주간선도로,통일로
472,상행,11,1110013200,03,주간선도로,통일로
472,상행,12,1110013800,03,주간선도로,통일로
472,상행,13,1110001800,03,주간선도로,통일로
472,상행,14,1110002000,03,주간선도로,통일로
472,상행,15,1110002200,03,주간선도로,통일로
472,상행,16,1110002400,03,주간선도로,통일로
472,하행,1,1110002300,03,주간선도로,통일로
472,하행,2,1110002100,03,주간선도로,통일로
472,하행,3,1110001900,03,주간선도로,통일로
472,하행,4,1110001700,03,주간선도로,통일로
472,하행,5,1110013700,03,주간선도로,통일로
472,하행,6,1110013100,03,주간선도로,통일로
472,하행,7,1110012100,03,주간선도로,통일로
472,하행,8,1110011500,03,주간선도로,통일로
472,하행,9,1110010100,03,주간선도로,통일로
472,하행,10,1120013700,03,주간선도로,통일로
472,하행,11,1120013300,03,주간선도로,통일로
472,하행,12,1120010500,03,주간선도로,통일로
472,하행,13,1000003500,03,주간선도로,통일로
472,하행,14,1010008900,03,주간선도로,통일로
472,하행,15,1010004300,03,주간선도로,통일로
472,하행,16,1010001900,03,주간선도로,통일로
473,상행,1,1010002600,03,주간선도로,퇴계로
473,상행,2,1010004600,03,주간선도로,퇴계로
473,상행,3,1010004700,03,주간선도로,퇴계로
473,상행,4,1010005600,03,주간선도로,퇴계로
473,상행,5,1010007000,03,주간선도로,퇴계로
473,상행,6,1010008200,03,주간선도로,퇴계로
473,상행,7,1010010400,03,주간선도로,퇴계로
473,상행,8,1010011800,03,주간선도로,퇴계로
473,상행,9,1010013100,03,주간선도로,퇴계로
473,하행,1,1010013200,03,주간선도로,퇴계로
473,하행,2,1010011700,03,주간선도로,퇴계로
473,하행,3,1010010300,03,주간선도로,퇴계로
473,하행,4,1010008100,03,주간선도로,퇴계로
473,하행,5,1010006900,03,주간선도로,퇴계로
473,하행,6,1010005500,03,주간선도로,퇴계로
473,하행,7,1010004800,03,주간선도로,퇴계로
473,하행,8,1010004500,03,주간선도로,퇴계로
473,하행,9,1010002500,03,주간선도로,퇴계로
481,상행,1,1020022900,03,주간선도로,한강대로
481,상행,2,1020020900,03,주간선도로,한강대로
481,상행,3,1020017700,03,주간선도로,한강대로
481,상행,4,1020014100,03,주간선도로,한강대로
481,상행,5,1020009300,03,주간선도로,한강대로
481,상행,6,1020007300,03,주간선도로,한강대로
481,상행,7,1020006100,03,주간선도로,한강대로
481,하행,1,1020006200,03,주간선도로,한강대로
481,하행,2,1020007400,03,주간선도로,한강대로
481,하행,3,1020009400,03,주간선도로,한강대로
481,하행,4,1020014200,03,주간선도로,한강대로
481,하행,5,1020017800,03,주간선도로,한강대로
481,하행,6,1020021000,03,주간선도로,한강대로
481,하행,7,1020023000,03,주간선도로,한강대로
484,상행,1,1020008600,03,주간선도로,한남대로
484,상행,2,1020013400,03,주간선도로,한남대로
484,상행,3,1020018200,03,주간선도로,한남대로
484,하행,1,1020018100,03,주간선도로,한남대로
484,하행,2,1020013300,03,주간선도로,한남대로
484,하행,3,1020008500,03,주간선도로,한남대로
491,상행,1,1210006800,03,주간선도로,헌릉로
491,상행,2,1210007100,03,주간선도로,헌릉로
491,상행,3,1220006100,03,주간선도로,헌릉로
491,상행,4,1230000200,03,주간선도로,헌릉로
491,상행,5,1230000300,03,주간선도로,헌릉로
491,상행,6,1230040500,03,주간선도로,헌릉로
491,하행,1,1230040400,03,주간선도로,헌릉로
491,하행,2,1230000400,03,주간선도로,헌릉로
491,하행,3,1230000100,03,주간선도로,헌릉로
491,하행,4,1220006000,03,주간선도로,헌릉로
491,하행,5,1210007000,03,주간선도로,헌릉로
491,하행,6,1210006900,03,주간선도로,헌릉로
492,상행,1,1190002600,03,주간선도로,현충로
492,상행,2,1190003600,03,주간선도로,현충로
492,상행,3,1190004800,03,주간선도로,현충로
492,하행,1,1190004700,03,주간선도로,현충로
492,하행,2,1190003500,03,주간선도로,현충로
492,하행,3,1190002500,03,주간선도로,현충로
50,상행,1,1220008000,03,주간선도로,광평로
50,상행,2,1220010100,03,주간선도로,광평로
50,상행,3,1220013300,03,주간선도로,광평로
50,하행,1,1220013200,03,주간선도로,광평로
50,하행,2,1220010000,03,주간선도로,광평로
50,하행,3,1220008100,03,주간선도로,광평로
500,상행,1,1005003700,03,주간선도로,화랑로
500,상행,2,1070011700,03,주간선도로,화랑로
500,상행,3,1070011800,03,주간선도로,화랑로
500,상행,4,1005003900,03,주간선도로,화랑로
500,상행,5,1005004100,03,주간선도로,화랑로
500,상행,6,1005004300,03,주간선도로,화랑로
500,상행,7,1070019000,03,주간선도로,화랑로
500,상행,8,1005002700,03,주간선도로,화랑로
500,상행,9,1100007200,03,주간선도로,화랑로
500,상행,10,1100007400,03,주간선도로,화랑로
500,상행,11,1100007600,03,주간선도로,화랑로
500,상행,12,1100007800,03,주간선도로,화랑로
500,상행,13,1100008000,03,주간선도로,화랑로
500,상행,14,1100008200,03,주간선도로,화랑로
500,상행,15,1100009200,03,주간선도로,화랑로
500,상행,16,1100013000,03,주간선도로,화랑로
500,하행,1,1100012900,03,주간선도로,화랑로
500,하행,2,1100009100,03,주간선도로,화랑로
500,하행,3,1100008100,03,주간선도로,화랑로
500,하행,4,1100007900,03,주간선도로,화랑로
500,하행,5,1100007700,03,주간선도로,화랑로
500,하행,6,1100007500,03,주간선도로,화랑로
500,하행,7,1100007300,03,주간선도로,화랑로
500,하행,8,1100007100,03,주간선도로,화랑로
500,하행,9,1005002800,03,주간선도로,화랑로
500,하행,10,1070018900,03,주간선도로,화랑로
500,하행,11,1005004400,03,주간선도로,화랑로
500,하행,12,1005004200,03,주간선도로,화랑로
500,하행,13,1005004000,03,주간선도로,화랑로
500,하행,14,1005003800,03,주간선도로,화랑로
57,상행,1,1140041000,03,주간선도로,국회대로
57,상행,2,1140041400,03,주간선도로,국회대로
57,상행,3,1140041200,03,주간선도로,국회대로
57,상행,4,1140028400,03,주간선도로,국회대로
57,상행,5,1140029500,03,주간선도로,국회대로
57,상행,6,1140029300,03,주간선도로,국회대로
57,상행,7,1180037000,03,주간선도로,국회대로
57,상행,8,1180035600,03,주간선도로,국회대로
57,상행,9,1180034000,03,주간선도로,국회대로
57,상행,10,1180031800,03,주간선도로,국회대로
57,상행,11,1180030600,03,주간선도로,국회대로
57,상행,12,1180029600,03,주간선도로,국회대로
57,상행,13,1180030100,03,주간선도로,국회대로
57,상행,14,1180031500,03,주간선도로,국회대로
57,상행,15,1180033300,03,주간선도로,국회대로
57,상행,16,1180036500,03,주간선도로,국회대로
57,상행,17,1180041100,03,주간선도로,국회대로
57,하행,1,1180041000,03,주간선도로,국회대로
57,하행,2,1180036400,03,주간선도로,국회대로
57,하행,3,1180033200,03,주간선도로,국회대로
57,하행,4,1180031400,03,주간선도로,국회대로
57,하행,5,1180030000,03,주간선도로,국회대로
57,하행,6,1180029700,03,주간선도로,국회대로
57,하행,7,1180030700,03,주간선도로,국회대로
57,하행,8,1180031900,03,주간선도로,국회대로
57,하행,9,1180034100,03,주간선도로,국회대로
57,하행,10,1180035700,03,주간선도로,국회대로
57,하행,11,1180037100,03,주간선도로,국회대로
57,하행,12,1140029400,03,주간선도로,국회대로
57,하행,13,1140029600,03,주간선도로,국회대로
57,하행,14,1140028900,03,주간선도로,국회대로
57,하행,15,1140028100,03,주간선도로,국회대로
57,하행,16,1140026100,03,주간선도로,국회대로
57,하행,17,1140024900,03,주간선도로,국회대로
57,하행,18,1140022100,03,주간선도로,국회대로
74,상행,1,1150012600,03,주간선도로,남부순환로
74,상행,2,1150011800,03,주간선도로,남부순환로
74,상행,3,1140039700,03,주간선도로,남부순환로
74,상행,4,1140036300,03,주간선도로,남부순환로
74,상행,5,1140030700,03,주간선도로,남부순환로
74,상행,6,1140023300,03,주간선도로,남부순환로
74,상행,7,1140017100,03,주간선도로,남부순환로
74,상행,8,1140011300,03,주간선도로,남부순환로
74,상행,9,1140003300,03,주간선도로,남부순환로
74,상행,10,1160016100,03,주간선도로,남부순환로
74,상행,11,1160013300,03,주간선도로,남부순환로
74,상행,12,1160010900,03,주간선도로,남부순환로
74,상행,13,1160009500,03,주간선도로,남부순환로
74,상행,14,1160008100,03,주간선도로,남부순환로
74,상행,15,1160003700,03,주간선도로,남부순환로
74,상행,16,1200002800,03,주간선도로,남부순환로
74,상행,17,1200004000,03,주간선도로,남부순환로
74,상행,18,1200005800,03,주간선도로,남부순환로
74,상행,19,1200007200,03,주간선도로,남부순환로
74,상행,20,1200008000,03,주간선도로,남부순환로
74,상행,21,1200005900,03,주간선도로,남부순환로
74,상행,22,1200004700,03,주간선도로,남부순환로
74,상행,23,1200003700,03,주간선도로,남부순환로
74,상행,24,1200002500,03,주간선도로,남부순환로
74,상행,25,1200001900,03,주간선도로,남부순환로
74,상행,26,1200001500,03,주간선도로,남부순환로
74,상행,27,1210010800,03,주간선도로,남부순환로
74,상행,28,1210009800,03,주간선도로,남부순환로
74,상행,29,1210011100,03,주간선도로,남부순환로
74,상행,30,1210012500,03,주간선도로,남부순환로
74,상행,31,1210013500,03,주간선도로,남부순환로
74,상행,32,1210014300,03,주간선도로,남부순환로
74,상행,33,1210003500,03,주간선도로,남부순환로
74,상행,34,1210015200,03,주간선도로,남부순환로
74,상행,35,1210015500,03,주간선도로,남부순환로
74,상행,36,1220010300,03,주간선도로,남부순환로
74,상행,37,1220010700,03,주간선도로,남부순환로
74,상행,38,1220012500,03,주간선도로,남부순환로
74,상행,39,1220014300,03,주간선도로,남부순환로
74,상행,40,1220018500,03,주간선도로,남부순환로
74,상행,41,1220021300,03,주간선도로,남부순환로
74,상행,42,1220022800,03,주간선도로,남부순환로
74,상행,43,1220023500,03,주간선도로,남부순환로
74,상행,44,1220022000,03,주간선도로,남부순환로
74,상행,45,1220020200,03,주간선도로,남부순환로
74,하행,1,1220020300,03,주간선도로,남부순환로
74,하행,2,1220022100,03,주간선도로,남부순환로
74,하행,3,1220023600,03,주간선도로,남부순환로
74,하행,4,1220022700,03,주간선도로,남부순환로
74,하행,5,1220021200,03,주간선도로,남부순환로
74,하행,6,1220018400,03,주간선도로,남부순환로
74,하행,7,1220014200,03,주간선도로,남부순환로
74,하행,8,1220012400,03,주간선도로,남부순환로
74,하행,9,1220010600,03,주간선도로,남부순환로
74,하행,10,1220010200,03,주간선도로,남부순환로
74,하행,11,1210015400,03,주간선도로,남부순환로
74,하행,12,1210015300,03,주간선도로,남부순환로
74,하행,13,1210003800,03,주간선도로,남부순환로
74,하행,14,1210014200,03,주간선도로,남부순환로
74,하행,15,1210013400,03,주간선도로,남부순환로
74,하행,16,1210012400,03,주간선도로,남부순환로
74,하행,17,1210011000,03,주간선도로,남부순환로
74,하행,18,1210009900,03,주간선도로,남부순환로
74,하행,19,1210010900,03,주간선도로,남부순환로
74,하행,20,1200001600,03,주간선도로,남부순환로
74,하행,21,1200002000,03,주간선도로,남부순환로
74,하행,22,1200002600,03,주간선도로,남부순환로
74,하행,23,1200003800,03,주간선도로,남부순환로
74,하행,24,1200004800,03,주간선도로,남부순환로
74,하행,25,1200006000,03,주간선도로,남부순환로
74,하행,26,1200007900,03,주간선도로,남부순환로
74,하행,27,1200007100,03,주간선도로,남부순환로
74,하행,28,1200005700,03,주간선도로,남부순환로
74,하행,29,1200003900,03,주간선도로,남부순환로
74,하행,30,1200002700,03,주간선도로,남부순환로
74,하행,31,1160003800,03,주간선도로,남부순환로
74,하행,32,1160008200,03,주간선도로,남부순환로
74,하행,33,1160009600,03,주간선도로,남부순환로
74,하행,34,1160011000,03,주간선도로,남부순환로
74,하행,35,1160013400,03,주간선도로,남부순환로
74,하행,36,1160016200,03,주간선도로,남부순환로
74,하행,37,1140003400,03,주간선도로,남부순환로
74,하행,38,1140011400,03,주간선도로,남부순환로
74,하행,39,1140017200,03,주간선도로,남부순환로
74,하행,40,1140023400,03,주간선도로,남부순환로
74,하행,41,1140030800,03,주간선도로,남부순환로
74,하행,42,1140036400,03,주간선도로,남부순환로
74,하행,43,1140039800,03,주간선도로,남부순환로
74,하행,44,1150011900,03,주간선도로,남부순환로
74,하행,45,1150012700,03,주간선도로,남부순환로
80,상행,1,1180004700,03,주간선도로,노들로
80,상행,2,1180004300,03,주간선도로,노들로
80,상행,3,1180003500,03,주간선도로,노들로
80,상행,4,1180003300,03,주간선도로,노들로
80,상행,5,1180040600,03,주간선도로,노들로
80,상행,6,1180039000,03,주간선도로,노들로
80,상행,7,1180034600,03,주간선도로,노들로
80,상행,8,1180025800,03,주간선도로,노들로
80,상행,9,1190007100,03,주간선도로,노들로
80,상행,10,1190006800,03,주간선도로,노들로
80,상행,11,1190007300,03,주간선도로,노들로
80,상행,12,1190006500,03,주간선도로,노들로
80,하행,1,1190006600,03,주간선도로,노들로
80,하행,2,1190007400,03,주간선도로,노들로
80,하행,3,1190006700,03,주간선도로,노들로
80,하행,4,1190007200,03,주간선도로,노들로
80,하행,5,1180025900,03,주간선도로,노들로
80,하행,6,1180034700,03,주간선도로,노들로
80,하행,7,1180039100,03,주간선도로,노들로
80,하행,8,1180040700,03,주간선도로,노들로
80,하행,9,1180003400,03,주간선도로,노들로
80,하행,10,1180003600,03,주간선도로,노들로
80,하행,11,1180004400,03,주간선도로,노들로
80,하행,12,1180004800,03,주간선도로,노들로
86,상행,1,1020021100,03,주간선도로,녹사평대로
86,상행,2,1020015700,03,주간선도로,녹사평대로
86,상행,3,1020011900,03,주간선도로,녹사평대로
86,상행,4,1020008900,03,주간선도로,녹사평대로
86,상행,5,1020007100,03,주간선도로,녹사평대로
86,상행,6,1020004900,03,주간선도로,녹사평대로
86,하행,1,1020005000,03,주간선도로,녹사평대로
86,하행,2,1020007200,03,주간선도로,녹사평대로
86,하행,3,1020009000,03,주간선도로,녹사평대로
86,하행,4,1020012000,03,주간선도로,녹사평대로
86,하행,5,1020015800,03,주간선도로,녹사평대로
86,하행,6,1020021200,03,주간선도로,녹사평대로
89,상행,1,1220037000,03,주간선도로,논현로
89,상행,2,1220036600,03,주간선도로,논현로
89,상행,3,1220034400,03,주간선도로,논현로
89,상행,4,1220032200,03,주간선도로,논현로
89,상행,5,1220029600,03,주간선도로,논현로
89,상행,6,1220026200,03,주간선도로,논현로
89,상행,7,1220022900,03,주간선도로,논현로
89,상행,8,1220019800,03,주간선도로,논현로
89,상행,9,1220013400,03,주간선도로,논현로
89,상행,10,1220009000,03,주간선도로,논현로
89,상행,11,1220007600,03,주간선도로,논현로
89,상행,12,1220007200,03,주간선도로,논현로
89,상행,13,1220006400,03,주간선도로,논현로
89,상행,14,1220006200,03,주간선도로,논현로
89,하행,1,1220006300,03,주간선도로,논현로
89,하행,2,1220006500,03,주간선도로,논현로
89,하행,3,1220007300,03,주간선도로,논현로
89,하행,4,1220007700,03,주간선도로,논현로
89,하행,5,1220009100,03,주간선도로,논현로
89,하행,6,1220013500,03,주간선도로,논현로
89,하행,7,1220019900,03,주간선도로,논현로
89,하행,8,1220023000,03,주간선도로,논현로
89,하행,9,1220026300,03,주간선도로,논현로
89,하행,10,1220029700,03,주간선도로,논현로
89,하행,11,1220032300,03,주간선도로,논현로
89,하행,12,1220034500,03,주간선도로,논현로
89,하행,13,1220036700,03,주간선도로,논현로
89,하행,14,1220037100,03,주간선도로,논현로
98,상행,1,1000009000,03,주간선도로,대학로
98,상행,2,1000016000,03,주간선도로,대학로
98,하행,1,1000015900,03,주간선도로,대학로
98,하행,2,1000008900,03,주간선도로,대학로
1,상행,1,1080012200,04,보조간선도로,4.19로
1,상행,2,1080012800,04,보조간선도로,4.19로
1,하행,1,1080012700,04,보조간선도로,4.19로
1,하행,2,1080012100,04,보조간선도로,4.19로
10,상행,1,1120009800,04,보조간선도로,가좌로
10,상행,2,1120010200,04,보조간선도로,가좌로
10,상행,3,1120011600,04,보조간선도로,가좌로
10,상행,4,1120012600,04,보조간선도로,가좌로
10,상행,5,1110004800,04,보조간선도로,가좌로
10,상행,6,1110006600,04,보조간선도로,가좌로
10,상행,7,1110007400,04,보조간선도로,가좌로
10,상행,8,1110007600,04,보조간선도로,가좌로
10,하행,1,1110007500,04,보조간선도로,가좌로
10,하행,2,1110007300,04,보조간선도로,가좌로
10,하행,3,1110006500,04,보조간선도로,가좌로
10,하행,4,1110004700,04,보조간선도로,가좌로
10,하행,5,1120012500,04,보조간선도로,가좌로
10,하행,6,1120011500,04,보조간선도로,가좌로
10,하행,7,1120010100,04,보조간선도로,가좌로
10,하행,8,1120009700,04,보조간선도로,가좌로
100,상행,1,1080006600,04,보조간선도로,덕릉로
100,상행,2,1080007000,04,보조간선도로,덕릉로
100,상행,3,1080007200,04,보조간선도로,덕릉로
100,상행,4,1080007400,04,보조간선도로,덕릉로
100,상행,5,1080007600,04,보조간선도로,덕릉로
100,상행,6,1080008200,04,보조간선도로,덕릉로
100,상행,7,1080009000,04,보조간선도로,덕릉로
100,상행,8,1090000800,04,보조간선도로,덕릉로
100,상행,9,1090001200,04,보조간선도로,덕릉로
100,상행,10,1090002000,04,보조간선도로,덕릉로
100,상행,11,1090002400,04,보조간선도로,덕릉로
100,상행,12,1090002100,04,보조간선도로,덕릉로
100,상행,13,1100023500,04,보조간선도로,덕릉로
100,상행,14,1100022700,04,보조간선도로,덕릉로
100,상행,15,1100023200,04,보조간선도로,덕릉로
100,상행,16,1100024000,04,보조간선도로,덕릉로
100,상행,17,1100025400,04,보조간선도로,덕릉로
100,상행,18,1100027000,04,보조간선도로,덕릉로
100,상행,19,1100028400,04,보조간선도로,덕릉로
100,상행,20,1100030000,04,보조간선도로,덕릉로
100,상행,21,1100031800,04,보조간선도로,덕릉로
100,상행,22,1100034400,04,보조간선도로,덕릉로
100,상행,23,1100035800,04,보조간선도로,덕릉로
100,하행,1,1100035700,04,보조간선도로,덕릉로
100,하행,2,1100034300,04,보조간선도로,덕릉로
100,하행,3,1100031700,04,보조간선도로,덕릉로
100,하행,4,1100029900,04,보조간선도로,덕릉로
100,하행,5,1100028300,04,보조간선도로,덕릉로
100,하행,6,1100026900,04,보조간선도로,덕릉로
100,하행,7,1100025300,04,보조간선도로,덕릉로
100,하행,8,1100023900,04,보조간선도로,덕릉로
100,하행,9,1100023100,04,보조간선도로,덕릉로
100,하행,10,1100022800,04,보조간선도로,덕릉로
100,하행,11,1100023600,04,보조간선도로,덕릉로
100,하행,12,1090002200,04,보조간선도로,덕릉로
100,하행,13,1090002300,04,보조간선도로,덕릉로
100,하행,14,1090001900,04,보조간선도로,덕릉로
100,하행,15,1090001100,04,보조간선도로,덕릉로
100,하행,16,1090000700,04,보조간선도로,덕릉로
100,하행,17,1080008900,04,보조간선도로,덕릉로
100,하행,18,1080008100,04,보조간선도로,덕릉로
100,하행,19,1080007500,04,보조간선도로,덕릉로
100,하행,20,1080007300,04,보조간선도로,덕릉로
100,하행,21,1080007100,04,보조간선도로,덕릉로
100,하행,22,1080006900,04,보조간선도로,덕릉로
100,하행,23,1080006500,04,보조간선도로,덕릉로
102,상행,1,1220015500,04,보조간선도로,도곡로
102,상행,2,1220016700,04,보조간선도로,도곡로
102,상행,3,1220019100,04,보조간선도로,도곡로
102,상행,4,1220020900,04,보조간선도로,도곡로
102,상행,5,1220022600,04,보조간선도로,도곡로
102,상행,6,1220024300,04,보조간선도로,도곡로
102,상행,7,1220025700,04,보조간선도로,도곡로
102,상행,8,1230019200,04,보조간선도로,도곡로
102,하행,1,1230019100,04,보조간선도로,도곡로
102,하행,2,1220025600,04,보조간선도로,도곡로
102,하행,3,1220024200,04,보조간선도로,도곡로
102,하행,4,1220022500,04,보조간선도로,도곡로
102,하행,5,1220020800,04,보조간선도로,도곡로
102,하행,6,1220019000,04,보조간선도로,도곡로
102,하행,7,1220016600,04,보조간선도로,도곡로
102,하행,8,1220015400,04,보조간선도로,도곡로
105,상행,1,1180016600,04,보조간선도로,도림로
105,상행,2,1180015200,04,보조간선도로,도림로
105,상행,3,1180014400,04,보조간선도로,도림로
105,상행,4,1180013000,04,보조간선도로,도림로
105,상행,5,1180011600,04,보조간선도로,도림로
105,상행,6,1180010400,04,보조간선도로,도림로
105,상행,7,1180009000,04,보조간선도로,도림로
105,상행,8,1180008400,04,보조간선도로,도림로
105,상행,9,1180007200,04,보조간선도로,도림로
105,상행,10,1160010300,04,보조간선도로,도림로
105,상행,11,1160008500,04,보조간선도로,도림로
105,상행,12,1160007300,04,보조간선도로,도림로
105,하행,1,1160007400,04,보조간선도로,도림로
105,하행,2,1160008600,04,보조간선도로,도림로
105,하행,3,1160010400,04,보조간선도로,도림로
105,하행,4,1180007300,04,보조간선도로,도림로
105,하행,5,1180008500,04,보조간선도로,도림로
105,하행,6,1180009100,04,보조간선도로,도림로
105,하행,7,1180010500,04,보조간선도로,도림로
105,하행,8,1180011700,04,보조간선도로,도림로
105,하행,9,1180013100,04,보조간선도로,도림로
105,하행,10,1180014500,04,보조간선도로,도림로
105,하행,11,1180015300,04,보조간선도로,도림로
105,하행,12,1180016700,04,보조간선도로,도림로
108,상행,1,1090000100,04,보조간선도로,도봉로170길
108,하행,1,1090000200,04,보조간선도로,도봉로170길
110,상행,1,1090013200,04,보조간선도로,도봉산길
110,하행,1,1090013100,04,보조간선도로,도봉산길
111,상행,1,1220034800,04,보조간선도로,도산대로
111,상행,2,1220034600,04,보조간선도로,도산대로
111,상행,3,1220034200,04,보조간선도로,도산대로
111,상행,4,1220033600,04,보조간선도로,도산대로
111,상행,5,1220032600,04,보조간선도로,도산대로
111,하행,1,1220032700,04,보조간선도로,도산대로
111,하행,2,1220033700,04,보조간선도로,도산대로
111,하행,3,1220034300,04,보조간선도로,도산대로
111,하행,4,1220034700,04,보조간선도로,도산대로
111,하행,5,1220034900,04,보조간선도로,도산대로
112,상행,1,1180014000,04,보조간선도로,도신로
112,상행,2,1180013200,04,보조간선도로,도신로
112,상행,3,1180012000,04,보조간선도로,도신로
112,상행,4,1180011400,04,보조간선도로,도신로
112,상행,5,1160015100,04,보조간선도로,도신로
112,하행,1,1160015200,04,보조간선도로,도신로
112,하행,2,1180011500,04,보조간선도로,도신로
112,하행,3,1180012100,04,보조간선도로,도신로
112,하행,4,1180013300,04,보조간선도로,도신로
112,하행,5,1180014100,04,보조간선도로,도신로
113,상행,1,1130009000,04,보조간선도로,독막로
113,상행,2,1130010800,04,보조간선도로,독막로
113,상행,3,1130011600,04,보조간선도로,독막로
113,상행,4,1130012000,04,보조간선도로,독막로
113,상행,5,1130012200,04,보조간선도로,독막로
113,상행,6,1130012400,04,보조간선도로,독막로
113,상행,7,1130012600,04,보조간선도로,독막로
113,하행,1,1130012500,04,보조간선도로,독막로
113,하행,2,1130012300,04,보조간선도로,독막로
113,하행,3,1130012100,04,보조간선도로,독막로
113,하행,4,1130011900,04,보조간선도로,독막로
113,하행,5,1130011500,04,보조간선도로,독막로
113,하행,6,1130010700,04,보조간선도로,독막로
113,하행,7,1130008900,04,보조간선도로,독막로
114,상행,1,1170008900,04,보조간선도로,독산로
114,상행,2,1170006500,04,보조간선도로,독산로
114,상행,3,1170004700,04,보조간선도로,독산로
114,상행,4,1170002700,04,보조간선도로,독산로
114,상행,5,1170001900,04,보조간선도로,독산로
114,하행,1,1170002000,04,보조간선도로,독산로
114,하행,2,1170002800,04,보조간선도로,독산로
114,하행,3,1170004800,04,보조간선도로,독산로
114,하행,4,1170006600,04,보조간선도로,독산로
114,하행,5,1170009000,04,보조간선도로,독산로
115,상행,1,1030011100,04,보조간선도로,독서당로
115,상행,2,1030009800,04,보조간선도로,독서당로
115,상행,3,1030008900,04,보조간선도로,독서당로
115,상행,4,1030006900,04,보조간선도로,독서당로
115,상행,5,1020012300,04,보조간선도로,독서당로
115,하행,1,1020012400,04,보조간선도로,독서당로
115,하행,2,1030007000,04,보조간선도로,독서당로
115,하행,3,1030009000,04,보조간선도로,독서당로
115,하행,4,1030009700,04,보조간선도로,독서당로
115,하행,5,1030011200,04,보조간선도로,독서당로
116,상행,1,1000010700,04,보조간선도로,돈화문로
116,상행,2,1000007100,04,보조간선도로,돈화문로
116,하행,1,1000004600,04,보조간선도로,돈화문로
116,하행,2,1000007200,04,보조간선도로,돈화문로
116,하행,3,1000010800,04,보조간선도로,돈화문로
117,상행,1,1070020500,04,보조간선도로,돌곶이로
117,상행,2,1070019500,04,보조간선도로,돌곶이로
117,상행,3,1070017900,04,보조간선도로,돌곶이로
117,상행,4,1070015300,04,보조간선도로,돌곶이로
117,하행,1,1070015400,04,보조간선도로,돌곶이로
117,하행,2,1070018000,04,보조간선도로,돌곶이로
117,하행,3,1070019600,04,보조간선도로,돌곶이로
117,하행,4,1070020600,04,보조간선도로,돌곶이로
119,상행,1,1240027700,04,보조간선도로,동남로
119,상행,2,1240025500,04,보조간선도로,동남로
119,상행,3,1240023500,04,보조간선도로,동남로
119,상행,4,1240019700,04,보조간선도로,동남로
119,상행,5,1240015300,04,보조간선도로,동남로
119,상행,6,1240012300,04,보조간선도로,동남로
119,상행,7,1240010900,04,보조간선도로,동남로
119,상행,8,1240008300,04,보조간선도로,동남로
119,상행,9,1240005500,04,보조간선도로,동남로
119,상행,10,1230031700,04,보조간선도로,동남로
119,상행,11,1230025300,04,보조간선도로,동남로
119,상행,12,1230018500,04,보조간선도로,동남로
119,상행,13,1230014700,04,보조간선도로,동남로
119,상행,14,1230012100,04,보조간선도로,동남로
119,상행,15,1230010700,04,보조간선도로,동남로
119,상행,16,1230009300,04,보조간선도로,동남로
119,상행,17,1230007700,04,보조간선도로,동남로
119,상행,18,1230006800,04,보조간선도로,동남로
119,하행,1,1230006700,04,보조간선도로,동남로
119,하행,2,1230007800,04,보조간선도로,동남로
119,하행,3,1230009400,04,보조간선도로,동남로
119,하행,4,1230010800,04,보조간선도로,동남로
119,하행,5,1230012200,04,보조간선도로,동남로
119,하행,6,1230014800,04,보조간선도로,동남로
119,하행,7,1230018600,04,보조간선도로,동남로
119,하행,8,1230025400,04,보조간선도로,동남로
119,하행,9,1230031800,04,보조간선도로,동남로
119,하행,10,1240005600,04,보조간선도로,동남로
119,하행,11,1240008400,04,보조간선도로,동남로
119,하행,12,1240011000,04,보조간선도로,동남로
119,하행,13,1240012400,04,보조간선도로,동남로
119,하행,14,1240015400,04,보조간선도로,동남로
119,하행,15,1240019800,04,보조간선도로,동남로
119,하행,16,1240023600,04,보조간선도로,동남로
119,하행,17,1240025600,04,보조간선도로,동남로
119,하행,18,1240027800,04,보조간선도로,동남로
120,상행,1,1230008700,04,보조간선도로,동남로12길
120,하행,1,1230008800,04,보조간선도로,동남로12길
132,상행,1,1100006200,04,보조간선도로,동일로243길
132,상행,2,1100006400,04,보조간선도로,동일로243길
132,하행,1,1100006300,04,보조간선도로,동일로243길
132,하행,2,1100006100,04,보조간선도로,동일로243길
136,상행,1,1020018900,04,보조간선도로,두텁바위로
136,하행,1,1020019000,04,보조간선도로,두텁바위로
137,상행,1,1150007700,04,보조간선도로,등촌로
137,상행,2,1150009900,04,보조간선도로,등촌로
137,하행,1,1150009800,04,보조간선도로,등촌로
137,하행,2,1150007600,04,보조간선도로,등촌로
138,상행,1,1180006800,04,보조간선도로,디지털로
138,상행,2,1180006000,04,보조간선도로,디지털로
138,상행,3,1160006700,04,보조간선도로,디지털로
138,상행,4,1160005500,04,보조간선도로,디지털로
138,상행,5,1160004700,04,보조간선도로,디지털로
138,상행,6,1160003900,04,보조간선도로,디지털로
138,상행,7,3201509600,04,보조간선도로,디지털로
138,상행,8,3201509800,04,보조간선도로,디지털로
138,상행,9,3201510000,04,보조간선도로,디지털로
138,상행,10,2130005700,04,보조간선도로,디지털로
138,상행,11,2130005900,04,보조간선도로,디지털로
138,하행,1,2130005800,04,보조간선도로,디지털로
138,하행,2,2130005600,04,보조간선도로,디지털로
138,하행,3,3201510100,04,보조간선도로,디지털로
138,하행,4,3201509900,04,보조간선도로,디지털로
138,하행,5,3201509700,04,보조간선도로,디지털로
138,하행,6,1160004000,04,보조간선도로,디지털로
138,하행,7,1160004800,04,보조간선도로,디지털로
138,하행,8,1160005600,04,보조간선도로,디지털로
138,하행,9,1160006800,04,보조간선도로,디지털로
138,하행,10,1180006100,04,보조간선도로,디지털로
138,하행,11,1180006900,04,보조간선도로,디지털로
141,상행,1,1030006600,04,보조간선도로,뚝섬로
141,상행,2,1030008000,04,보조간선도로,뚝섬로
141,상행,3,1030004300,04,보조간선도로,뚝섬로
141,상행,4,1005009000,04,보조간선도로,뚝섬로
141,상행,5,1030004900,04,보조간선도로,뚝섬로
141,상행,6,1030004100,04,보조간선도로,뚝섬로
141,상행,7,1030003100,04,보조간선도로,뚝섬로
141,상행,8,1040008000,04,보조간선도로,뚝섬로
141,상행,9,1040006600,04,보조간선도로,뚝섬로
141,상행,10,1040005800,04,보조간선도로,뚝섬로
141,상행,11,1040006500,04,보조간선도로,뚝섬로
141,하행,1,1040006400,04,보조간선도로,뚝섬로
141,하행,2,1040005900,04,보조간선도로,뚝섬로
141,하행,3,1040006700,04,보조간선도로,뚝섬로
141,하행,4,1040008100,04,보조간선도로,뚝섬로
141,하행,5,1030003200,04,보조간선도로,뚝섬로
141,하행,6,1030004200,04,보조간선도로,뚝섬로
141,하행,7,1030005000,04,보조간선도로,뚝섬로
141,하행,8,1005009100,04,보조간선도로,뚝섬로
141,하행,9,1030004400,04,보조간선도로,뚝섬로
141,하행,10,1030007900,04,보조간선도로,뚝섬로
141,하행,11,1030006500,04,보조간선도로,뚝섬로
142,상행,1,1100008600,04,보조간선도로,마들로
142,상행,2,1100011200,04,보조간선도로,마들로
142,상행,3,1100014600,04,보조간선도로,마들로
142,상행,4,1100018600,04,보조간선도로,마들로
142,상행,5,1090004600,04,보조간선도로,마들로
142,상행,6,1090007000,04,보조간선도로,마들로
142,상행,7,1090008600,04,보조간선도로,마들로
142,상행,8,1090009600,04,보조간선도로,마들로
142,상행,9,1090011600,04,보조간선도로,마들로
142,상행,10,1090012600,04,보조간선도로,마들로
142,상행,11,1090013000,04,보조간선도로,마들로
142,하행,1,1090012900,04,보조간선도로,마들로
142,하행,2,1090012500,04,보조간선도로,마들로
142,하행,3,1090011500,04,보조간선도로,마들로
142,하행,4,1090009500,04,보조간선도로,마들로
142,하행,5,1090008500,04,보조간선도로,마들로
142,하행,6,1090006900,04,보조간선도로,마들로
142,하행,7,1090004500,04,보조간선도로,마들로
142,하행,8,1100018500,04,보조간선도로,마들로
142,하행,9,1100014500,04,보조간선도로,마들로
142,하행,10,1100011100,04,보조간선도로,마들로
142,하행,11,1100008500,04,보조간선도로,마들로
143,상행,1,1010010600,04,보조간선도로,마른내로
143,상행,2,1010010100,04,보조간선도로,마른내로
143,상행,3,1010009400,04,보조간선도로,마른내로
143,상행,4,1010009800,04,보조간선도로,마른내로
143,상행,5,1010010700,04,보조간선도로,마른내로
143,하행,1,1010010800,04,보조간선도로,마른내로
143,하행,2,1010009700,04,보조간선도로,마른내로
143,하행,3,1010009300,04,보조간선도로,마른내로
143,하행,4,1010010200,04,보조간선도로,마른내로
143,하행,5,1010010500,04,보조간선도로,마른내로
145,상행,1,1030019900,04,보조간선도로,마장로
145,상행,2,1030019500,04,보조간선도로,마장로
145,상행,3,1030018500,04,보조간선도로,마장로
145,상행,4,1030018200,04,보조간선도로,마장로
145,상행,5,1030018800,04,보조간선도로,마장로
145,상행,6,1030019200,04,보조간선도로,마장로
145,상행,7,1010018600,04,보조간선도로,마장로
145,상행,8,1010017900,04,보조간선도로,마장로
145,상행,9,1010018700,04,보조간선도로,마장로
145,하행,1,1010018800,04,보조간선도로,마장로
145,하행,2,1010018000,04,보조간선도로,마장로
145,하행,3,1010018500,04,보조간선도로,마장로
145,하행,4,1030019100,04,보조간선도로,마장로
145,하행,5,1030018700,04,보조간선도로,마장로
145,하행,6,1030018100,04,보조간선도로,마장로
145,하행,7,1030018600,04,보조간선도로,마장로
145,하행,8,1030019600,04,보조간선도로,마장로
145,하행,9,1030020000,04,보조간선도로,마장로
147,상행,1,1030014800,04,보조간선도로,마조로
147,상행,2,1030016200,04,보조간선도로,마조로
147,하행,1,1030016100,04,보조간선도로,마조로
147,하행,2,1030014700,04,보조간선도로,마조로
155,상행,1,1060013100,04,보조간선도로,면목로
155,상행,2,1060012500,04,보조간선도로,면목로
155,상행,3,1060010900,04,보조간선도로,면목로
155,상행,4,1060008900,04,보조간선도로,면목로
155,상행,5,1060007500,04,보조간선도로,면목로
155,상행,6,1040016800,04,보조간선도로,면목로
155,상행,7,1040015600,04,보조간선도로,면목로
155,상행,8,1040014600,04,보조간선도로,면목로
155,하행,1,1040014700,04,보조간선도로,면목로
155,하행,2,1040015700,04,보조간선도로,면목로
155,하행,3,1040016900,04,보조간선도로,면목로
155,하행,4,1060007600,04,보조간선도로,면목로
155,하행,5,1060009000,04,보조간선도로,면목로
155,하행,6,1060011000,04,보조간선도로,면목로
155,하행,7,1060012600,04,보조간선도로,면목로
155,하행,8,1060013200,04,보조간선도로,면목로
156,상행,1,1060007800,04,보조간선도로,면목천로
156,상행,2,1060008800,04,보조간선도로,면목천로
156,상행,3,1060010600,04,보조간선도로,면목천로
156,하행,1,1060010500,04,보조간선도로,면목천로
156,하행,2,1060008700,04,보조간선도로,면목천로
156,하행,3,1060007700,04,보조간선도로,면목천로
160,상행,1,1130021200,04,보조간선도로,모래내로
160,상행,2,1130022400,04,보조간선도로,모래내로
160,상행,3,1130022900,04,보조간선도로,모래내로
160,상행,4,1120006200,04,보조간선도로,모래내로
160,상행,5,1120008000,04,보조간선도로,모래내로
160,상행,6,1120009600,04,보조간선도로,모래내로
160,상행,7,1120011800,04,보조간선도로,모래내로
160,상행,8,1120012800,04,보조간선도로,모래내로
160,하행,1,1120012700,04,보조간선도로,모래내로
160,하행,2,1120011700,04,보조간선도로,모래내로
160,하행,3,1120009500,04,보조간선도로,모래내로
160,하행,4,1120007900,04,보조간선도로,모래내로
160,하행,5,1120006100,04,보조간선도로,모래내로
160,하행,6,1130023000,04,보조간선도로,모래내로
160,하행,7,1130022300,04,보조간선도로,모래내로
160,하행,8,1130021100,04,보조간선도로,모래내로
163,상행,1,1140004500,04,보조간선도로,목동동로
163,상행,2,1140003900,04,보조간선도로,목동동로
163,상행,3,1140004000,04,보조간선도로,목동동로
163,상행,4,1140004600,04,보조간선도로,목동동로
163,상행,5,1140004300,04,보조간선도로,목동동로
163,상행,6,1140005200,04,보조간선도로,목동동로
163,상행,7,1140005600,04,보조간선도로,목동동로
163,상행,8,1140006400,04,보조간선도로,목동동로
163,상행,9,1140007000,04,보조간선도로,목동동로
163,상행,10,1140007600,04,보조간선도로,목동동로
163,상행,11,1140008600,04,보조간선도로,목동동로
163,상행,12,1140009200,04,보조간선도로,목동동로
163,상행,13,1140011800,04,보조간선도로,목동동로
163,상행,14,1140013400,04,보조간선도로,목동동로
163,상행,15,1140015200,04,보조간선도로,목동동로
163,상행,16,1140017800,04,보조간선도로,목동동로
163,상행,17,1140020200,04,보조간선도로,목동동로
163,상행,18,1140022400,04,보조간선도로,목동동로
163,상행,19,1140024000,04,보조간선도로,목동동로
163,상행,20,1140025400,04,보조간선도로,목동동로
163,상행,21,1140026600,04,보조간선도로,목동동로
163,상행,22,1140021300,04,보조간선도로,목동동로
163,상행,23,1140020500,04,보조간선도로,목동동로
163,상행,24,1140019900,04,보조간선도로,목동동로
163,상행,25,1140020000,04,보조간선도로,목동동로
163,상행,26,1140022000,04,보조간선도로,목동동로
163,상행,27,1140025200,04,보조간선도로,목동동로
163,상행,28,1140028600,04,보조간선도로,목동동로
163,상행,29,1140030600,04,보조간선도로,목동동로
163,상행,30,1140032300,04,보조간선도로,목동동로
163,상행,31,1140033000,04,보조간선도로,목동동로
163,상행,32,1140033800,04,보조간선도로,목동동로
163,상행,33,1140034400,04,보조간선도로,목동동로
163,상행,34,1140034600,04,보조간선도로,목동동로
163,상행,35,1140035600,04,보조간선도로,목동동로
163,상행,36,1140036200,04,보조간선도로,목동동로
164,상행,1,1160017400,04,보조간선도로,목동로
164,상행,2,1140001600,04,보조간선도로,목동로
164,상행,3,1140003000,04,보조간선도로,목동로
164,상행,4,1140010200,04,보조간선도로,목동로
164,상행,5,1140018200,04,보조간선도로,목동로
164,상행,6,1140024200,04,보조간선도로,목동로
164,하행,1,1140024100,04,보조간선도로,목동로
164,하행,2,1140018100,04,보조간선도로,목동로
164,하행,3,1140010100,04,보조간선도로,목동로
164,하행,4,1140002900,04,보조간선도로,목동로
164,하행,5,1140001500,04,보조간선도로,목동로
164,하행,6,1160017300,04,보조간선도로,목동로
165,상행,1,1140037500,04,보조간선도로,목동서로
165,상행,2,1140036500,04,보조간선도로,목동서로
165,상행,3,1140035900,04,보조간선도로,목동서로
165,상행,4,1140035100,04,보조간선도로,목동서로
165,상행,5,1140034100,04,보조간선도로,목동서로
165,상행,6,1140032700,04,보조간선도로,목동서로
165,상행,7,1140031500,04,보조간선도로,목동서로
165,상행,8,1140030300,04,보조간선도로,목동서로
165,상행,9,1140028700,04,보조간선도로,목동서로
165,상행,10,1140027500,04,보조간선도로,목동서로
165,상행,11,1140025900,04,보조간선도로,목동서로
165,상행,12,1140024500,04,보조간선도로,목동서로
165,상행,13,1140023100,04,보조간선도로,목동서로
165,상행,14,1140021700,04,보조간선도로,목동서로
165,상행,15,1140027000,04,보조간선도로,목동서로
165,상행,16,1140027800,04,보조간선도로,목동서로
165,상행,17,1140023500,04,보조간선도로,목동서로
165,상행,18,1140020900,04,보조간선도로,목동서로
165,상행,19,1140018300,04,보조간선도로,목동서로
165,상행,20,1140015700,04,보조간선도로,목동서로
165,상행,21,1140012900,04,보조간선도로,목동서로
165,상행,22,1140011100,04,보조간선도로,목동서로
165,상행,23,1140010500,04,보조간선도로,목동서로
165,상행,24,1140009900,04,보조간선도로,목동서로
165,상행,25,1140009300,04,보조간선도로,목동서로
165,상행,26,1140008700,04,보조간선도로,목동서로
165,상행,27,1140007900,04,보조간선도로,목동서로
165,상행,28,1140007100,04,보조간선도로,목동서로
165,상행,29,1140006100,04,보조간선도로,목동서로
166,상행,1,1140030200,04,보조간선도로,목동중앙로
166,상행,2,1140033200,04,보조간선도로,목동중앙로
166,상행,3,1140035800,04,보조간선도로,목동중앙로
166,상행,4,1140037400,04,보조간선도로,목동중앙로
166,상행,5,1140038800,04,보조간선도로,목동중앙로
166,상행,6,1140039400,04,보조간선도로,목동중앙로
166,상행,7,1140039600,04,보조간선도로,목동중앙로
166,하행,1,1140039500,04,보조간선도로,목동중앙로
166,하행,2,1140038700,04,보조간선도로,목동중앙로
166,하행,3,1140037300,04,보조간선도로,목동중앙로
166,하행,4,1140035700,04,보조간선도로,목동중앙로
166,하행,5,1140033100,04,보조간선도로,목동중앙로
166,하행,6,1140030100,04,보조간선도로,목동중앙로
168,상행,1,1030018000,04,보조간선도로,무학로
168,상행,2,1030019800,04,보조간선도로,무학로
168,상행,3,1050006000,04,보조간선도로,무학로
168,상행,4,1050010200,04,보조간선도로,무학로
168,상행,5,1050012000,04,보조간선도로,무학로
168,하행,1,1050011900,04,보조간선도로,무학로
168,하행,2,1050010100,04,보조간선도로,무학로
168,하행,3,1050005900,04,보조간선도로,무학로
168,하행,4,1030019700,04,보조간선도로,무학로
168,하행,5,1030017900,04,보조간선도로,무학로
17,상행,1,1150019800,04,보조간선도로,강서로
17,상행,2,1150018600,04,보조간선도로,강서로
17,상행,3,1150017000,04,보조간선도로,강서로
17,상행,4,1150014200,04,보조간선도로,강서로
17,상행,5,1150012400,04,보조간선도로,강서로
17,상행,6,1150011200,04,보조간선도로,강서로
17,상행,7,1150010200,04,보조간선도로,강서로
17,상행,8,1150009600,04,보조간선도로,강서로
17,상행,9,1150009400,04,보조간선도로,강서로
17,상행,10,1150008600,04,보조간선도로,강서로
17,상행,11,1150008000,04,보조간선도로,강서로
17,상행,12,1140026300,04,보조간선도로,강서로
17,하행,1,1140026400,04,보조간선도로,강서로
17,하행,2,1150008100,04,보조간선도로,강서로
17,하행,3,1150008700,04,보조간선도로,강서로
17,하행,4,1150009500,04,보조간선도로,강서로
17,하행,5,1150009700,04,보조간선도로,강서로
17,하행,6,1150010300,04,보조간선도로,강서로
17,하행,7,1150011300,04,보조간선도로,강서로
17,하행,8,1150012500,04,보조간선도로,강서로
17,하행,9,1150014300,04,보조간선도로,강서로
17,하행,10,1150017100,04,보조간선도로,강서로
17,하행,11,1150018700,04,보조간선도로,강서로
17,하행,12,1150019900,04,보조간선도로,강서로
170,상행,1,1170008400,04,보조간선도로,문성로
170,상행,2,1200002200,04,보조간선도로,문성로
170,상행,3,1200002300,04,보조간선도로,문성로
170,하행,1,1200002400,04,보조간선도로,문성로
170,하행,2,1200002100,04,보조간선도로,문성로
170,하행,3,1170008300,04,보조간선도로,문성로
172,상행,1,1230006300,04,보조간선도로,문정로4길
172,하행,1,1230006400,04,보조간선도로,문정로4길
174,상행,1,1150001200,04,보조간선도로,발산로
174,하행,1,1150001100,04,보조간선도로,발산로
176,상행,1,1210011900,04,보조간선도로,방배로
176,상행,2,1210015700,04,보조간선도로,방배로
176,상행,3,1210018900,04,보조간선도로,방배로
176,상행,4,1210021300,04,보조간선도로,방배로
176,하행,1,1210021200,04,보조간선도로,방배로
176,하행,2,1210018800,04,보조간선도로,방배로
176,하행,3,1210015600,04,보조간선도로,방배로
176,하행,4,1210011800,04,보조간선도로,방배로
177,상행,1,1100032800,04,보조간선도로,방학로
177,상행,2,1090010000,04,보조간선도로,방학로
177,상행,3,1090010400,04,보조간선도로,방학로
177,상행,4,1090010100,04,보조간선도로,방학로
177,상행,5,1090009700,04,보조간선도로,방학로
177,상행,6,1080013400,04,보조간선도로,방학로
177,하행,1,1080013300,04,보조간선도로,방학로
177,하행,2,1090009800,04,보조간선도로,방학로
177,하행,3,1090010200,04,보조간선도로,방학로
177,하행,4,1090010300,04,보조간선도로,방학로
177,하행,5,1090009900,04,보조간선도로,방학로
177,하행,6,1100032700,04,보조간선도로,방학로
178,상행,1,1150139100,04,보조간선도로,방화대로
178,상행,2,1150022303,04,보조간선도로,방화대로
178,상행,3,1150053000,04,보조간선도로,방화대로
178,상행,4,1150016900,04,보조간선도로,방화대로
178,상행,5,1150019500,04,보조간선도로,방화대로
178,상행,6,1150020300,04,보조간선도로,방화대로
178,하행,1,1150020200,04,보조간선도로,방화대로
178,하행,2,1150019400,04,보조간선도로,방화대로
178,하행,3,1150016800,04,보조간선도로,방화대로
178,하행,4,1150056100,04,보조간선도로,방화대로
178,하행,5,1150022204,04,보조간선도로,방화대로
178,하행,6,1150138800,04,보조간선도로,방화대로
182,상행,1,1130014900,04,보조간선도로,백범로
182,상행,2,1130012700,04,보조간선도로,백범로
182,상행,3,1130010900,04,보조간선도로,백범로
182,상행,4,1130008500,04,보조간선도로,백범로
182,상행,5,1020015900,04,보조간선도로,백범로
182,상행,6,1020015300,04,보조간선도로,백범로
182,상행,7,1020013900,04,보조간선도로,백범로
182,상행,8,1020013100,04,보조간선도로,백범로
182,상행,9,1020012500,04,보조간선도로,백범로
182,하행,1,1020012600,04,보조간선도로,백범로
182,하행,2,1020013200,04,보조간선도로,백범로
182,하행,3,1020014000,04,보조간선도로,백범로
182,하행,4,1020015400,04,보조간선도로,백범로
182,하행,5,1020016000,04,보조간선도로,백범로
182,하행,6,1130008600,04,보조간선도로,백범로
182,하행,7,1130011000,04,보조간선도로,백범로
182,하행,8,1130012800,04,보조간선도로,백범로
182,하행,9,1130015000,04,보조간선도로,백범로
185,상행,1,1230026700,04,보조간선도로,백제고분로
185,상행,2,1230020700,04,보조간선도로,백제고분로
185,상행,3,1230017100,04,보조간선도로,백제고분로
185,상행,4,1230016600,04,보조간선도로,백제고분로
185,상행,5,1230019000,04,보조간선도로,백제고분로
185,상행,6,1230022600,04,보조간선도로,백제고분로
185,상행,7,1230027800,04,보조간선도로,백제고분로
185,하행,1,1230027700,04,보조간선도로,백제고분로
185,하행,2,1230022500,04,보조간선도로,백제고분로
185,하행,3,1230018900,04,보조간선도로,백제고분로
185,하행,4,1230016500,04,보조간선도로,백제고분로
185,하행,5,1230017200,04,보조간선도로,백제고분로
185,하행,6,1230020800,04,보조간선도로,백제고분로
185,하행,7,1230026800,04,보조간선도로,백제고분로
186,상행,1,1180024900,04,보조간선도로,버드나루로
186,상행,2,1180034300,04,보조간선도로,버드나루로
186,하행,1,1180034200,04,보조간선도로,버드나루로
186,하행,2,1180024800,04,보조간선도로,버드나루로
188,상행,1,1170003200,04,보조간선도로,범안로
188,상행,2,1170003400,04,보조간선도로,범안로
188,상행,3,1170003700,04,보조간선도로,범안로
188,상행,4,1170003500,04,보조간선도로,범안로
188,하행,1,1170003600,04,보조간선도로,범안로
188,하행,2,1170003800,04,보조간선도로,범안로
188,하행,3,1170003300,04,보조간선도로,범안로
188,하행,4,1170003100,04,보조간선도로,범안로
191,상행,1,1070020100,04,보조간선도로,보국문로
191,상행,2,1070015700,04,보조간선도로,보국문로
191,하행,1,1070015800,04,보조간선도로,보국문로
191,하행,2,1070020200,04,보조간선도로,보국문로
192,상행,1,1200011800,04,보조간선도로,보라매로
192,상행,2,1200012600,04,보조간선도로,보라매로
192,하행,1,1200012500,04,보조간선도로,보라매로
192,하행,2,1200011700,04,보조간선도로,보라매로
194,상행,1,1060012900,04,보조간선도로,봉우재로
194,상행,2,1060012100,04,보조간선도로,봉우재로
194,상행,3,1060011500,04,보조간선도로,봉우재로
194,상행,4,1060010700,04,보조간선도로,봉우재로
194,하행,1,1060010800,04,보조간선도로,봉우재로
194,하행,2,1060011600,04,보조간선도로,봉우재로
194,하행,3,1060012200,04,보조간선도로,봉우재로
194,하행,4,1060013000,04,보조간선도로,봉우재로
198,상행,1,1060015000,04,보조간선도로,봉화산로
198,상행,2,1060015200,04,보조간선도로,봉화산로
198,상행,3,1060015400,04,보조간선도로,봉화산로
198,상행,4,1060016200,04,보조간선도로,봉화산로
198,상행,5,1060017000,04,보조간선도로,봉화산로
198,하행,1,1060016900,04,보조간선도로,봉화산로
198,하행,2,1060016100,04,보조간선도로,봉화산로
198,하행,3,1060015300,04,보조간선도로,봉화산로
198,하행,4,1060015100,04,보조간선도로,봉화산로
198,하행,5,1060014900,04,보조간선도로,봉화산로
20,상행,1,1160011300,04,보조간선도로,개봉로
20,상행,2,3201506800,04,보조간선도로,개봉로
20,상행,3,3201504600,04,보조간선도로,개봉로
20,하행,1,3201504700,04,보조간선도로,개봉로
20,하행,2,3201506900,04,보조간선도로,개봉로
20,하행,3,1160011400,04,보조간선도로,개봉로
20001,상행,1,1160013001,04,보조간선도로,공원로
20001,상행,2,1160013002,04,보조간선도로,공원로
20001,상행,3,1160013003,04,보조간선도로,공원로
20001,상행,4,1160013004,04,보조간선도로,공원로
20001,상행,5,1160013005,04,보조간선도로,공원로
20001,상행,6,1160015001,04,보조간선도로,공원로
20001,상행,7,1160015002,04,보조간선도로,공원로
20001,상행,8,1160015003,04,보조간선도로,공원로
20001,상행,9,1160074300,04,보조간선도로,공원로
20001,하행,1,1160074200,04,보조간선도로,공원로
20001,하행,2,1160014903,04,보조간선도로,공원로
20001,하행,3,1160014902,04,보조간선도로,공원로
20001,하행,4,1160014901,04,보조간선도로,공원로
20001,하행,5,1160012905,04,보조간선도로,공원로
20001,하행,6,1160012904,04,보조간선도로,공원로
20001,하행,7,1160012903,04,보조간선도로,공원로
20001,하행,8,1160012902,04,보조간선도로,공원로
20001,하행,9,1160012901,04,보조간선도로,공원로
20002,상행,1,1130005102,04,보조간선도로,농수산시장로
20002,상행,2,1130005103,04,보조간선도로,농수산시장로
20002,하행,1,1130005003,04,보조간선도로,농수산시장로
20002,하행,2,1130005002,04,보조간선도로,농수산시장로
20007,상행,1,1090003400,04,보조간선도로,노해로66길
20007,상행,2,1090005000,04,보조간선도로,노해로66길
20007,하행,1,1090004900,04,보조간선도로,노해로66길
20007,하행,2,1090003300,04,보조간선도로,노해로66길
20014,상행,1,1030014103,04,보조간선도로,행당로
20014,상행,2,1030014102,04,보조간선도로,행당로
20014,상행,3,1030014101,04,보조간선도로,행당로
20014,상행,4,1030013300,04,보조간선도로,행당로
20014,하행,1,1030013400,04,보조간선도로,행당로
20014,하행,2,1030014201,04,보조간선도로,행당로
20014,하행,3,1030014202,04,보조간선도로,행당로
20014,하행,4,1030014203,04,보조간선도로,행당로
201,상행,1,1070011000,04,보조간선도로,북악산로
201,상행,2,1070010700,04,보조간선도로,북악산로
201,상행,3,1070010600,04,보조간선도로,북악산로
201,상행,4,1000021200,04,보조간선도로,북악산로
201,상행,5,1000016900,04,보조간선도로,북악산로
201,하행,1,1000017000,04,보조간선도로,북악산로
201,하행,2,1000021100,04,보조간선도로,북악산로
201,하행,3,1070010500,04,보조간선도로,북악산로
201,하행,4,1070010800,04,보조간선도로,북악산로
201,하행,5,1070010900,04,보조간선도로,북악산로
203,상행,1,1110016000,04,보조간선도로,북한산로
203,상행,2,1110016200,04,보조간선도로,북한산로
203,하행,1,1110016100,04,보조간선도로,북한산로
203,하행,2,1110015900,04,보조간선도로,북한산로
207,상행,1,1050005200,04,보조간선도로,사가정로
207,상행,2,1050006400,04,보조간선도로,사가정로
207,상행,3,1050009800,04,보조간선도로,사가정로
207,상행,4,1050011200,04,보조간선도로,사가정로
207,상행,5,1050011400,04,보조간선도로,사가정로
207,상행,6,1050011600,04,보조간선도로,사가정로
207,상행,7,1050012800,04,보조간선도로,사가정로
207,상행,8,1060008300,04,보조간선도로,사가정로
207,상행,9,1060008100,04,보조간선도로,사가정로
207,상행,10,1060007900,04,보조간선도로,사가정로
207,하행,1,1060008000,04,보조간선도로,사가정로
207,하행,2,1060008200,04,보조간선도로,사가정로
207,하행,3,1060008400,04,보조간선도로,사가정로
207,하행,4,1050012700,04,보조간선도로,사가정로
207,하행,5,1050011500,04,보조간선도로,사가정로
207,하행,6,1050011300,04,보조간선도로,사가정로
207,하행,7,1050011100,04,보조간선도로,사가정로
207,하행,8,1050009700,04,보조간선도로,사가정로
207,하행,9,1050006300,04,보조간선도로,사가정로
207,하행,10,1050005100,04,보조간선도로,사가정로
209,상행,1,1210020000,04,보조간선도로,사임당로
209,상행,2,1210019000,04,보조간선도로,사임당로
209,상행,3,1210017400,04,보조간선도로,사임당로
209,하행,1,1210017500,04,보조간선도로,사임당로
209,하행,2,1210019100,04,보조간선도로,사임당로
209,하행,3,1210020100,04,보조간선도로,사임당로
213,상행,1,1030020500,04,보조간선도로,살곶이길
213,상행,2,1030018900,04,보조간선도로,살곶이길
213,상행,3,1030016500,04,보조간선도로,살곶이길
213,상행,4,1030013500,04,보조간선도로,살곶이길
213,상행,5,1030013200,04,보조간선도로,살곶이길
213,하행,1,1030013100,04,보조간선도로,살곶이길
213,하행,2,1030013600,04,보조간선도로,살곶이길
213,하행,3,1030016600,04,보조간선도로,살곶이길
213,하행,4,1030019000,04,보조간선도로,살곶이길
213,하행,5,1030020600,04,보조간선도로,살곶이길
216,상행,1,1070005700,04,보조간선도로,삼선교로
216,상행,2,1070004800,04,보조간선도로,삼선교로
216,하행,1,1070004700,04,보조간선도로,삼선교로
216,하행,2,1070005800,04,보조간선도로,삼선교로
217,상행,1,1220034000,04,보조간선도로,삼성로
217,상행,2,1220031800,04,보조간선도로,삼성로
217,상행,3,1220029200,04,보조간선도로,삼성로
217,상행,4,1220026600,04,보조간선도로,삼성로
217,상행,5,1220024800,04,보조간선도로,삼성로
217,상행,6,1220021800,04,보조간선도로,삼성로
217,상행,7,1220018200,04,보조간선도로,삼성로
217,상행,8,1220015000,04,보조간선도로,삼성로
217,상행,9,1220012600,04,보조간선도로,삼성로
217,상행,10,1220009400,04,보조간선도로,삼성로
217,하행,1,1220009500,04,보조간선도로,삼성로
217,하행,2,1220012700,04,보조간선도로,삼성로
217,하행,3,1220015100,04,보조간선도로,삼성로
217,하행,4,1220018300,04,보조간선도로,삼성로
217,하행,5,1220021900,04,보조간선도로,삼성로
217,하행,6,1220024900,04,보조간선도로,삼성로
217,하행,7,1220026700,04,보조간선도로,삼성로
217,하행,8,1220029300,04,보조간선도로,삼성로
217,하행,9,1220031900,04,보조간선도로,삼성로
217,하행,10,1220034100,04,보조간선도로,삼성로
218,상행,1,1070013000,04,보조간선도로,삼양로
218,상행,2,1070017400,04,보조간선도로,삼양로
218,상행,3,1080003000,04,보조간선도로,삼양로
218,상행,4,1080004400,04,보조간선도로,삼양로
218,상행,5,1080005800,04,보조간선도로,삼양로
218,상행,6,1080008400,04,보조간선도로,삼양로
218,상행,7,1080010200,04,보조간선도로,삼양로
218,상행,8,1080012000,04,보조간선도로,삼양로
218,상행,9,1080013000,04,보조간선도로,삼양로
218,상행,10,1080013200,04,보조간선도로,삼양로
218,하행,1,1080013100,04,보조간선도로,삼양로
218,하행,2,1080012900,04,보조간선도로,삼양로
218,하행,3,1080011900,04,보조간선도로,삼양로
218,하행,4,1080010100,04,보조간선도로,삼양로
218,하행,5,1080008300,04,보조간선도로,삼양로
218,하행,6,1080005700,04,보조간선도로,삼양로
218,하행,7,1080004300,04,보조간선도로,삼양로
218,하행,8,1080002900,04,보조간선도로,삼양로
218,하행,9,1070017300,04,보조간선도로,삼양로
218,하행,10,1070012900,04,보조간선도로,삼양로
220,상행,1,1220024500,04,보조간선도로,삼전로
220,상행,2,1230016200,04,보조간선도로,삼전로
220,상행,3,1230019400,04,보조간선도로,삼전로
220,상행,4,1230022000,04,보조간선도로,삼전로
220,하행,1,1230021900,04,보조간선도로,삼전로
220,하행,2,1230019300,04,보조간선도로,삼전로
220,하행,3,1230016100,04,보조간선도로,삼전로
220,하행,4,1220024400,04,보조간선도로,삼전로
222,상행,1,1000014400,04,보조간선도로,삼청로
222,상행,2,1000016400,04,보조간선도로,삼청로
222,상행,3,1000018800,04,보조간선도로,삼청로
222,상행,4,1000020200,04,보조간선도로,삼청로
222,하행,1,1000020100,04,보조간선도로,삼청로
222,하행,2,1000018700,04,보조간선도로,삼청로
222,하행,3,1000016300,04,보조간선도로,삼청로
222,하행,4,1000014300,04,보조간선도로,삼청로
226,상행,1,1100029800,04,보조간선도로,상계로
226,상행,2,1100030200,04,보조간선도로,상계로
226,상행,3,1100031000,04,보조간선도로,상계로
226,상행,4,1100031400,04,보조간선도로,상계로
226,상행,5,1100032600,04,보조간선도로,상계로
226,상행,6,1100035000,04,보조간선도로,상계로
226,하행,1,1100034900,04,보조간선도로,상계로
226,하행,2,1100032500,04,보조간선도로,상계로
226,하행,3,1100031300,04,보조간선도로,상계로
226,하행,4,1100030900,04,보조간선도로,상계로
226,하행,5,1100030100,04,보조간선도로,상계로
226,하행,6,1100029700,04,보조간선도로,상계로
227,상행,1,1190001700,04,보조간선도로,상도로
227,상행,2,1190002400,04,보조간선도로,상도로
227,상행,3,1190003300,04,보조간선도로,상도로
227,상행,4,1190003100,04,보조간선도로,상도로
227,상행,5,1190001500,04,보조간선도로,상도로
227,상행,6,1200011500,04,보조간선도로,상도로
227,하행,1,1200011600,04,보조간선도로,상도로
227,하행,2,1190001600,04,보조간선도로,상도로
227,하행,3,1190003200,04,보조간선도로,상도로
227,하행,4,1190003400,04,보조간선도로,상도로
227,하행,5,1190002300,04,보조간선도로,상도로
227,하행,6,1190001800,04,보조간선도로,상도로
228,상행,1,1060009600,04,보조간선도로,상봉로
228,상행,2,1060011400,04,보조간선도로,상봉로
228,상행,3,1060013400,04,보조간선도로,상봉로
228,하행,1,1060013300,04,보조간선도로,상봉로
228,하행,2,1060011300,04,보조간선도로,상봉로
228,하행,3,1060009500,04,보조간선도로,상봉로
230,상행,1,1240013600,04,보조간선도로,상암로
230,상행,2,1240014200,04,보조간선도로,상암로
230,상행,3,1240014600,04,보조간선도로,상암로
230,상행,4,1240015000,04,보조간선도로,상암로
230,상행,5,1240014700,04,보조간선도로,상암로
230,상행,6,1240013800,04,보조간선도로,상암로
230,상행,7,1240016200,04,보조간선도로,상암로
230,상행,8,1240017600,04,보조간선도로,상암로
230,상행,9,1240019000,04,보조간선도로,상암로
230,하행,1,1240018900,04,보조간선도로,상암로
230,하행,2,1240017500,04,보조간선도로,상암로
230,하행,3,1240016100,04,보조간선도로,상암로
230,하행,4,1240013700,04,보조간선도로,상암로
230,하행,5,1240014800,04,보조간선도로,상암로
230,하행,6,1240014900,04,보조간선도로,상암로
230,하행,7,1240014500,04,보조간선도로,상암로
230,하행,8,1240014100,04,보조간선도로,상암로
230,하행,9,1240013500,04,보조간선도로,상암로
23001,상행,1,1120002801,04,보조간선도로,신촌역로
23001,상행,2,1120003501,04,보조간선도로,신촌역로
23001,상행,3,1120004001,04,보조간선도로,신촌역로
23001,하행,1,1120003901,04,보조간선도로,신촌역로
23001,하행,2,1120003601,04,보조간선도로,신촌역로
23001,하행,3,1120002701,04,보조간선도로,신촌역로
23002,상행,1,1120022300,04,보조간선도로,독립문로
23002,하행,1,1120022400,04,보조간선도로,독립문로
23003,상행,1,1120019701,04,보조간선도로,경기대로
23003,하행,1,1120019702,04,보조간선도로,경기대로
23004,상행,1,1230441901,04,보조간선도로,위례송파로
23004,상행,2,1230441302,04,보조간선도로,위례송파로
23004,상행,3,1230453800,04,보조간선도로,위례송파로
23004,하행,1,1230453700,04,보조간선도로,위례송파로
23004,하행,2,1230441402,04,보조간선도로,위례송파로
23004,하행,3,1230442001,04,보조간선도로,위례송파로
233,상행,1,1240016800,04,보조간선도로,상일로
233,상행,2,1240020000,04,보조간선도로,상일로
233,상행,3,1240022600,04,보조간선도로,상일로
233,상행,4,1240025800,04,보조간선도로,상일로
233,하행,1,1240025700,04,보조간선도로,상일로
233,하행,2,1240022500,04,보조간선도로,상일로
233,하행,3,1240019900,04,보조간선도로,상일로
233,하행,4,1240016700,04,보조간선도로,상일로
245,상행,1,1110013300,04,보조간선도로,서오릉로
245,상행,2,1110012900,04,보조간선도로,서오릉로
245,상행,3,1110012500,04,보조간선도로,서오릉로
245,상행,4,1110011100,04,보조간선도로,서오릉로
245,상행,5,1110009900,04,보조간선도로,서오릉로
245,상행,6,1110009500,04,보조간선도로,서오릉로
245,하행,1,1110009600,04,보조간선도로,서오릉로
245,하행,2,1110010000,04,보조간선도로,서오릉로
245,하행,3,1110011200,04,보조간선도로,서오릉로
245,하행,4,1110012600,04,보조간선도로,서오릉로
245,하행,5,1110013000,04,보조간선도로,서오릉로
245,하행,6,1110013400,04,보조간선도로,서오릉로
247,상행,1,1050007800,04,보조간선도로,서울시립대로
247,상행,2,1050009000,04,보조간선도로,서울시립대로
247,상행,3,1050011800,04,보조간선도로,서울시립대로
247,하행,1,1050011700,04,보조간선도로,서울시립대로
247,하행,2,1050008900,04,보조간선도로,서울시립대로
247,하행,3,1050007700,04,보조간선도로,서울시립대로
25,상행,1,1050014400,04,보조간선도로,겸재로
25,상행,2,1060009100,04,보조간선도로,겸재로
25,상행,3,1060009400,04,보조간선도로,겸재로
25,상행,4,1060009800,04,보조간선도로,겸재로
25,상행,5,1060010200,04,보조간선도로,겸재로
25,상행,6,1060010400,04,보조간선도로,겸재로
25,하행,1,1060010300,04,보조간선도로,겸재로
25,하행,2,1060010100,04,보조간선도로,겸재로
25,하행,3,1060009700,04,보조간선도로,겸재로
25,하행,4,1060009300,04,보조간선도로,겸재로
25,하행,5,1060009200,04,보조간선도로,겸재로
25,하행,6,1050014300,04,보조간선도로,겸재로
251,상행,1,1210015100,04,보조간선도로,서초중앙로
251,상행,2,1210016700,04,보조간선도로,서초중앙로
251,상행,3,1210019500,04,보조간선도로,서초중앙로
251,상행,4,1210022500,04,보조간선도로,서초중앙로
251,상행,5,1210025300,04,보조간선도로,서초중앙로
251,하행,1,1210025200,04,보조간선도로,서초중앙로
251,하행,2,1210022400,04,보조간선도로,서초중앙로
251,하행,3,1210019400,04,보조간선도로,서초중앙로
251,하행,4,1210016600,04,보조간선도로,서초중앙로
251,하행,5,1210015000,04,보조간선도로,서초중앙로
266,상행,1,1070007400,04,보조간선도로,성북로
266,상행,2,1070008100,04,보조간선도로,성북로
266,상행,3,1070008800,04,보조간선도로,성북로
266,하행,1,1070008700,04,보조간선도로,성북로
266,하행,2,1070008200,04,보조간선도로,성북로
266,하행,3,1070007300,04,보조간선도로,성북로
271,상행,1,1130029300,04,보조간선도로,성암로
271,상행,2,1130028100,04,보조간선도로,성암로
271,상행,3,1130026700,04,보조간선도로,성암로
271,상행,4,1130023900,04,보조간선도로,성암로
271,하행,1,1130024000,04,보조간선도로,성암로
271,하행,2,1130026800,04,보조간선도로,성암로
271,하행,3,1130028200,04,보조간선도로,성암로
271,하행,4,1130029400,04,보조간선도로,성암로
279,상행,1,1010002300,04,보조간선도로,소월로
279,상행,2,1020022700,04,보조간선도로,소월로
279,상행,3,1020021900,04,보조간선도로,소월로
279,상행,4,1020020500,04,보조간선도로,소월로
279,상행,5,1020019100,04,보조간선도로,소월로
279,상행,6,1020016500,04,보조간선도로,소월로
279,상행,7,1020017200,04,보조간선도로,소월로
279,하행,1,1020017100,04,보조간선도로,소월로
279,하행,2,1020016600,04,보조간선도로,소월로
279,하행,3,1020019200,04,보조간선도로,소월로
279,하행,4,1020020600,04,보조간선도로,소월로
279,하행,5,1020022000,04,보조간선도로,소월로
279,하행,6,1020022800,04,보조간선도로,소월로
279,하행,7,1010002400,04,보조간선도로,소월로
280,상행,1,1010000500,04,보조간선도로,소월로2길
280,하행,1,1010000600,04,보조간선도로,소월로2길
282,상행,1,1010000700,04,보조간선도로,소파로
282,상행,2,1010001200,04,보조간선도로,소파로
282,하행,1,1010001100,04,보조간선도로,소파로
282,하행,2,1010000800,04,보조간선도로,소파로
283,상행,1,1080002200,04,보조간선도로,솔샘로
283,상행,2,1080002400,04,보조간선도로,솔샘로
283,상행,3,1080002600,04,보조간선도로,솔샘로
283,상행,4,1070020300,04,보조간선도로,솔샘로
283,상행,5,1070016900,04,보조간선도로,솔샘로
283,하행,1,1070017000,04,보조간선도로,솔샘로
283,하행,2,1070020400,04,보조간선도로,솔샘로
283,하행,3,1080002500,04,보조간선도로,솔샘로
283,하행,4,1080002300,04,보조간선도로,솔샘로
283,하행,5,1080002100,04,보조간선도로,솔샘로
287,상행,1,1230007400,04,보조간선도로,송이로32길
287,하행,1,1230007300,04,보조간선도로,송이로32길
29,상행,1,1060006300,04,보조간선도로,경춘북로
29,하행,1,1060006400,04,보조간선도로,경춘북로
294,상행,1,1010012900,04,보조간선도로,수표로
294,하행,1,1010013000,04,보조간선도로,수표로
295,상행,1,1090012100,04,보조간선도로,시루봉로
295,상행,2,1090011100,04,보조간선도로,시루봉로
295,상행,3,1090009100,04,보조간선도로,시루봉로
295,상행,4,1090007300,04,보조간선도로,시루봉로
295,하행,1,1090007400,04,보조간선도로,시루봉로
295,하행,2,1090009200,04,보조간선도로,시루봉로
295,하행,3,1090011200,04,보조간선도로,시루봉로
295,하행,4,1090012200,04,보조간선도로,시루봉로
297,상행,1,1180007100,04,보조간선도로,신길로
297,상행,2,1180008300,04,보조간선도로,신길로
297,상행,3,1180008900,04,보조간선도로,신길로
297,상행,4,1180010700,04,보조간선도로,신길로
297,상행,5,1180012700,04,보조간선도로,신길로
297,상행,6,1180013900,04,보조간선도로,신길로
297,상행,7,1180016300,04,보조간선도로,신길로
297,하행,1,1180016200,04,보조간선도로,신길로
297,하행,2,1180013800,04,보조간선도로,신길로
297,하행,3,1180012600,04,보조간선도로,신길로
297,하행,4,1180010600,04,보조간선도로,신길로
297,하행,5,1180008800,04,보조간선도로,신길로
297,하행,6,1180008200,04,보조간선도로,신길로
297,하행,7,1180007000,04,보조간선도로,신길로
298,상행,1,1060021500,04,보조간선도로,신내로
298,상행,2,1060021300,04,보조간선도로,신내로
298,상행,3,1060020500,04,보조간선도로,신내로
298,상행,4,1060019900,04,보조간선도로,신내로
298,상행,5,1060018300,04,보조간선도로,신내로
298,상행,6,1060017300,04,보조간선도로,신내로
298,상행,7,1060015900,04,보조간선도로,신내로
298,상행,8,1060014700,04,보조간선도로,신내로
298,하행,1,1060014800,04,보조간선도로,신내로
298,하행,2,1060016000,04,보조간선도로,신내로
298,하행,3,1060017400,04,보조간선도로,신내로
298,하행,4,1060018400,04,보조간선도로,신내로
298,하행,5,1060020000,04,보조간선도로,신내로
298,하행,6,1060020600,04,보조간선도로,신내로
298,하행,7,1060021400,04,보조간선도로,신내로
298,하행,8,1060021600,04,보조간선도로,신내로
299,상행,1,1200009900,04,보조간선도로,신림로
299,상행,2,1200006300,04,보조간선도로,신림로
299,상행,3,1200003500,04,보조간선도로,신림로
299,상행,4,1200001700,04,보조간선도로,신림로
299,상행,5,1200001300,04,보조간선도로,신림로
299,상행,6,1200000500,04,보조간선도로,신림로
299,하행,1,1200000600,04,보조간선도로,신림로
299,하행,2,1200001400,04,보조간선도로,신림로
299,하행,3,1200001800,04,보조간선도로,신림로
299,하행,4,1200003600,04,보조간선도로,신림로
299,하행,5,1200006400,04,보조간선도로,신림로
299,하행,6,1200010000,04,보조간선도로,신림로
3,상행,1,1140033400,04,보조간선도로,가로공원로
3,상행,2,1140034800,04,보조간선도로,가로공원로
3,상행,3,1150008900,04,보조간선도로,가로공원로
3,상행,4,1150009100,04,보조간선도로,가로공원로
3,하행,1,1150009000,04,보조간선도로,가로공원로
3,하행,2,1150008800,04,보조간선도로,가로공원로
3,하행,3,1140034700,04,보조간선도로,가로공원로
3,하행,4,1140033300,04,보조간선도로,가로공원로
300,상행,1,1140019600,04,보조간선도로,신목로
300,상행,2,1140017300,04,보조간선도로,신목로
300,상행,3,1140014300,04,보조간선도로,신목로
300,상행,4,1140009500,04,보조간선도로,신목로
300,하행,1,1140009600,04,보조간선도로,신목로
300,하행,2,1140014400,04,보조간선도로,신목로
300,하행,3,1140017400,04,보조간선도로,신목로
300,하행,4,1140019500,04,보조간선도로,신목로
302,상행,1,1210027600,04,보조간선도로,신반포로
302,상행,2,1210027000,04,보조간선도로,신반포로
302,상행,3,1210026800,04,보조간선도로,신반포로
302,상행,4,1210026400,04,보조간선도로,신반포로
302,상행,5,1210026000,04,보조간선도로,신반포로
302,상행,6,1210024200,04,보조간선도로,신반포로
302,상행,7,1210023200,04,보조간선도로,신반포로
302,하행,1,1210023300,04,보조간선도로,신반포로
302,하행,2,1210024300,04,보조간선도로,신반포로
302,하행,3,1210026100,04,보조간선도로,신반포로
302,하행,4,1210026500,04,보조간선도로,신반포로
302,하행,5,1210026900,04,보조간선도로,신반포로
302,하행,6,1210027100,04,보조간선도로,신반포로
302,하행,7,1210027700,04,보조간선도로,신반포로
304,상행,1,1140007400,04,보조간선도로,신월로
304,상행,2,1140010400,04,보조간선도로,신월로
304,상행,3,1140016200,04,보조간선도로,신월로
304,상행,4,1140015000,04,보조간선도로,신월로
304,상행,5,1140015600,04,보조간선도로,신월로
304,하행,1,1140015500,04,보조간선도로,신월로
304,하행,2,1140014900,04,보조간선도로,신월로
304,하행,3,1140016100,04,보조간선도로,신월로
304,하행,4,1140010300,04,보조간선도로,신월로
304,하행,5,1140007300,04,보조간선도로,신월로
306,상행,1,1140001900,04,보조간선도로,신정로
306,상행,2,1140000800,04,보조간선도로,신정로
306,하행,1,1140000700,04,보조간선도로,신정로
306,하행,2,1140002000,04,보조간선도로,신정로
308,상행,1,1230030000,04,보조간선도로,올림픽로35길
308,상행,2,1230031000,04,보조간선도로,올림픽로35길
308,상행,3,1230031400,04,보조간선도로,올림픽로35길
308,하행,1,1230031300,04,보조간선도로,올림픽로35길
308,하행,2,1230030900,04,보조간선도로,올림픽로35길
308,하행,3,1230029900,04,보조간선도로,올림픽로35길
31,상행,1,1240024100,04,보조간선도로,고덕로
31,상행,2,1240022900,04,보조간선도로,고덕로
31,상행,3,1240022100,04,보조간선도로,고덕로
31,상행,4,1240021500,04,보조간선도로,고덕로
31,상행,5,1240021300,04,보조간선도로,고덕로
31,상행,6,1240021000,04,보조간선도로,고덕로
31,상행,7,1240021200,04,보조간선도로,고덕로
31,상행,8,1240021700,04,보조간선도로,고덕로
31,하행,1,1240021800,04,보조간선도로,고덕로
31,하행,2,1240021100,04,보조간선도로,고덕로
31,하행,3,1240020900,04,보조간선도로,고덕로
31,하행,4,1240021400,04,보조간선도로,고덕로
31,하행,5,1240021600,04,보조간선도로,고덕로
31,하행,6,1240022200,04,보조간선도로,고덕로
31,하행,7,1240023000,04,보조간선도로,고덕로
31,하행,8,1240024200,04,보조간선도로,고덕로
311,상행,1,1180009300,04,보조간선도로,신풍로
311,상행,2,1180009500,04,보조간선도로,신풍로
311,하행,1,1180009400,04,보조간선도로,신풍로
311,하행,2,1180009200,04,보조간선도로,신풍로
312,상행,1,1200003000,04,보조간선도로,쑥고개로
312,하행,1,1200002900,04,보조간선도로,쑥고개로
313,상행,1,1070009600,04,보조간선도로,아리랑로
313,상행,2,1070012200,04,보조간선도로,아리랑로
313,하행,1,1070012100,04,보조간선도로,아리랑로
313,하행,2,1070009500,04,보조간선도로,아리랑로
314,상행,1,1240028500,04,보조간선도로,아리수로
314,상행,2,1240028000,04,보조간선도로,아리수로
314,상행,3,1240028400,04,보조간선도로,아리수로
314,상행,4,1240028100,04,보조간선도로,아리수로
314,상행,5,1240027300,04,보조간선도로,아리수로
314,상행,6,1240026300,04,보조간선도로,아리수로
314,상행,7,1240023900,04,보조간선도로,아리수로
314,하행,1,1240024000,04,보조간선도로,아리수로
314,하행,2,1240026400,04,보조간선도로,아리수로
314,하행,3,1240027400,04,보조간선도로,아리수로
314,하행,4,1240028200,04,보조간선도로,아리수로
314,하행,5,1240028300,04,보조간선도로,아리수로
314,하행,6,1240027900,04,보조간선도로,아리수로
314,하행,7,1240028600,04,보조간선도로,아리수로
317,상행,1,1040003900,04,보조간선도로,아차산로
317,상행,2,1040002500,04,보조간선도로,아차산로
317,상행,3,1040012200,04,보조간선도로,아차산로
317,상행,4,1040011600,04,보조간선도로,아차산로
317,상행,5,1040010600,04,보조간선도로,아차산로
317,상행,6,1040009800,04,보조간선도로,아차산로
317,상행,7,1040008400,04,보조간선도로,아차산로
317,상행,8,1040008700,04,보조간선도로,아차산로
317,상행,9,1040010100,04,보조간선도로,아차산로
317,상행,10,1040011100,04,보조간선도로,아차산로
317,상행,11,1030006800,04,보조간선도로,아차산로
317,상행,12,1030007600,04,보조간선도로,아차산로
317,상행,13,1030009200,04,보조간선도로,아차산로
317,하행,1,1030009100,04,보조간선도로,아차산로
317,하행,2,1030007500,04,보조간선도로,아차산로
317,하행,3,1030006700,04,보조간선도로,아차산로
317,하행,4,1040011000,04,보조간선도로,아차산로
317,하행,5,1040010000,04,보조간선도로,아차산로
317,하행,6,1040008600,04,보조간선도로,아차산로
317,하행,7,1040008500,04,보조간선도로,아차산로
317,하행,8,1040009900,04,보조간선도로,아차산로
317,하행,9,1040010700,04,보조간선도로,아차산로
317,하행,10,1040011700,04,보조간선도로,아차산로
317,하행,11,1040012300,04,보조간선도로,아차산로
317,하행,12,1040002600,04,보조간선도로,아차산로
317,하행,13,1040004000,04,보조간선도로,아차산로
320,상행,1,1150011400,04,보조간선도로,안양천로
320,상행,2,1140040100,04,보조간선도로,안양천로
320,상행,3,1140039900,04,보조간선도로,안양천로
320,상행,4,1140039100,04,보조간선도로,안양천로
320,상행,5,1140036900,04,보조간선도로,안양천로
320,상행,6,1140032500,04,보조간선도로,안양천로
320,상행,7,1140026700,04,보조간선도로,안양천로
320,상행,8,1140022700,04,보조간선도로,안양천로
320,상행,9,1140018900,04,보조간선도로,안양천로
320,상행,10,1140016500,04,보조간선도로,안양천로
320,상행,11,1140012500,04,보조간선도로,안양천로
320,상행,12,1140005300,04,보조간선도로,안양천로
320,상행,13,1140002300,04,보조간선도로,안양천로
320,상행,14,1160015700,04,보조간선도로,안양천로
320,상행,15,1160054500,04,보조간선도로,안양천로
320,상행,16,1160049100,04,보조간선도로,안양천로
320,상행,17,2130043200,04,보조간선도로,안양천로
320,상행,18,2130042200,04,보조간선도로,안양천로
320,상행,19,2130041800,04,보조간선도로,안양천로
320,상행,20,2130040600,04,보조간선도로,안양천로
320,상행,21,2130037400,04,보조간선도로,안양천로
320,상행,22,2130035400,04,보조간선도로,안양천로
320,상행,23,2130032600,04,보조간선도로,안양천로
320,상행,24,2130031200,04,보조간선도로,안양천로
320,상행,25,2130029600,04,보조간선도로,안양천로
320,상행,26,2130027600,04,보조간선도로,안양천로
320,상행,27,2130025600,04,보조간선도로,안양천로
320,상행,28,2130023000,04,보조간선도로,안양천로
320,상행,29,2130021800,04,보조간선도로,안양천로
320,상행,30,2130020800,04,보조간선도로,안양천로
320,상행,31,1170021100,04,보조간선도로,안양천로
320,상행,32,1170020600,04,보조간선도로,안양천로
320,상행,33,2130018200,04,보조간선도로,안양천로
320,상행,34,2130018000,04,보조간선도로,안양천로
320,상행,35,1170018900,04,보조간선도로,안양천로
320,상행,36,1170017000,04,보조간선도로,안양천로
320,상행,37,1170014600,04,보조간선도로,안양천로
320,하행,1,1170015500,04,보조간선도로,안양천로
320,하행,2,1170018300,04,보조간선도로,안양천로
320,하행,3,1170019000,04,보조간선도로,안양천로
320,하행,4,2130018100,04,보조간선도로,안양천로
320,하행,5,2130018300,04,보조간선도로,안양천로
320,하행,6,1170020300,04,보조간선도로,안양천로
320,하행,7,1170021200,04,보조간선도로,안양천로
320,하행,8,2130020900,04,보조간선도로,안양천로
320,하행,9,2130021900,04,보조간선도로,안양천로
320,하행,10,2130023100,04,보조간선도로,안양천로
320,하행,11,2130025700,04,보조간선도로,안양천로
320,하행,12,2130027700,04,보조간선도로,안양천로
320,하행,13,2130029700,04,보조간선도로,안양천로
320,하행,14,2130031300,04,보조간선도로,안양천로
320,하행,15,2130032700,04,보조간선도로,안양천로
320,하행,16,2130035500,04,보조간선도로,안양천로
320,하행,17,2130037500,04,보조간선도로,안양천로
320,하행,18,2130040700,04,보조간선도로,안양천로
320,하행,19,2130041900,04,보조간선도로,안양천로
320,하행,20,2130042300,04,보조간선도로,안양천로
320,하행,21,2130043300,04,보조간선도로,안양천로
320,하행,22,1160049000,04,보조간선도로,안양천로
320,하행,23,1160054400,04,보조간선도로,안양천로
320,하행,24,1160015800,04,보조간선도로,안양천로
320,하행,25,1140002400,04,보조간선도로,안양천로
320,하행,26,1140005400,04,보조간선도로,안양천로
320,하행,27,1140012600,04,보조간선도로,안양천로
320,하행,28,1140016600,04,보조간선도로,안양천로
320,하행,29,1140019000,04,보조간선도로,안양천로
320,하행,30,1140022800,04,보조간선도로,안양천로
320,하행,31,1140026800,04,보조간선도로,안양천로
320,하행,32,1140032600,04,보조간선도로,안양천로
320,하행,33,1140037000,04,보조간선도로,안양천로
320,하행,34,1140039200,04,보조간선도로,안양천로
320,하행,35,1140040000,04,보조간선도로,안양천로
320,하행,36,1140040200,04,보조간선도로,안양천로
320,하행,37,1150011500,04,보조간선도로,안양천로
321,상행,1,1220035900,04,보조간선도로,압구정로
321,상행,2,1220036300,04,보조간선도로,압구정로
321,상행,3,1220036000,04,보조간선도로,압구정로
321,상행,4,1220035000,04,보조간선도로,압구정로
321,하행,1,1220035100,04,보조간선도로,압구정로
321,하행,2,1220036100,04,보조간선도로,압구정로
321,하행,3,1220036200,04,보조간선도로,압구정로
321,하행,4,1220035800,04,보조간선도로,압구정로
323,상행,1,1200005400,04,보조간선도로,양녕로
323,상행,2,1200008200,04,보조간선도로,양녕로
323,상행,3,1200012400,04,보조간선도로,양녕로
323,상행,4,1190002000,04,보조간선도로,양녕로
323,상행,5,1190003000,04,보조간선도로,양녕로
323,상행,6,1190004400,04,보조간선도로,양녕로
323,상행,7,1190005600,04,보조간선도로,양녕로
323,상행,8,1190007600,04,보조간선도로,양녕로
323,하행,1,1190007500,04,보조간선도로,양녕로
323,하행,2,1190005500,04,보조간선도로,양녕로
323,하행,3,1190004300,04,보조간선도로,양녕로
323,하행,4,1190002900,04,보조간선도로,양녕로
323,하행,5,1190001900,04,보조간선도로,양녕로
323,하행,6,1200012300,04,보조간선도로,양녕로
323,하행,7,1200008100,04,보조간선도로,양녕로
323,하행,8,1200005300,04,보조간선도로,양녕로
324,상행,1,1230009000,04,보조간선도로,양산로(송파)
324,하행,1,1230008900,04,보조간선도로,양산로(송파)
331,상행,1,1140000600,04,보조간선도로,양천로
331,상행,2,1150001600,04,보조간선도로,양천로
331,상행,3,1150002200,04,보조간선도로,양천로
331,상행,4,1150002600,04,보조간선도로,양천로
331,상행,5,1150002800,04,보조간선도로,양천로
331,상행,6,1150003000,04,보조간선도로,양천로
331,상행,7,1150003400,04,보조간선도로,양천로
331,상행,8,1150003800,04,보조간선도로,양천로
331,상행,9,1150004000,04,보조간선도로,양천로
331,상행,10,1150003500,04,보조간선도로,양천로
331,하행,1,1150003600,04,보조간선도로,양천로
331,하행,2,1150003900,04,보조간선도로,양천로
331,하행,3,1150003700,04,보조간선도로,양천로
331,하행,4,1150003300,04,보조간선도로,양천로
331,하행,5,1150002900,04,보조간선도로,양천로
331,하행,6,1150002700,04,보조간선도로,양천로
331,하행,7,1150002500,04,보조간선도로,양천로
331,하행,8,1150002100,04,보조간선도로,양천로
331,하행,9,1150001500,04,보조간선도로,양천로
331,하행,10,1140000500,04,보조간선도로,양천로
337,상행,1,1180041700,04,보조간선도로,양평로
337,상행,2,1180041200,04,보조간선도로,양평로
337,상행,3,1180040400,04,보조간선도로,양평로
337,상행,4,1180040000,04,보조간선도로,양평로
337,상행,5,1180038400,04,보조간선도로,양평로
337,하행,1,1180038500,04,보조간선도로,양평로
337,하행,2,1180040100,04,보조간선도로,양평로
337,하행,3,1180040500,04,보조간선도로,양평로
337,하행,4,1180041300,04,보조간선도로,양평로
337,하행,5,1180041600,04,보조간선도로,양평로
343,상행,1,1180033400,04,보조간선도로,여의동로
343,상행,2,1180030800,04,보조간선도로,여의동로
343,상행,3,1180027600,04,보조간선도로,여의동로
343,상행,4,1180024600,04,보조간선도로,여의동로
343,상행,5,1180018600,04,보조간선도로,여의동로
343,상행,6,1180017600,04,보조간선도로,여의동로
343,상행,7,1180017900,04,보조간선도로,여의동로
343,상행,8,1180020100,04,보조간선도로,여의동로
343,상행,9,1180022100,04,보조간선도로,여의동로
343,하행,1,1180022000,04,보조간선도로,여의동로
343,하행,2,1180020000,04,보조간선도로,여의동로
343,하행,3,1180017800,04,보조간선도로,여의동로
343,하행,4,1180017700,04,보조간선도로,여의동로
343,하행,5,1180018700,04,보조간선도로,여의동로
343,하행,6,1180024700,04,보조간선도로,여의동로
343,하행,7,1180027700,04,보조간선도로,여의동로
343,하행,8,1180030900,04,보조간선도로,여의동로
343,하행,9,1180033500,04,보조간선도로,여의동로
344,상행,1,1180025100,04,보조간선도로,여의서로
344,상행,2,1180029300,04,보조간선도로,여의서로
344,상행,3,1180038100,04,보조간선도로,여의서로
344,상행,4,1180038600,04,보조간선도로,여의서로
344,상행,5,1180037400,04,보조간선도로,여의서로
344,상행,6,1180036200,04,보조간선도로,여의서로
344,상행,7,1180035200,04,보조간선도로,여의서로
344,하행,1,1180035300,04,보조간선도로,여의서로
344,하행,2,1180036300,04,보조간선도로,여의서로
344,하행,3,1180037500,04,보조간선도로,여의서로
344,하행,4,1180038700,04,보조간선도로,여의서로
344,하행,5,1180038000,04,보조간선도로,여의서로
344,하행,6,1180029200,04,보조간선도로,여의서로
344,하행,7,1180025000,04,보조간선도로,여의서로
346,상행,1,1220019500,04,보조간선도로,역삼로
346,상행,2,1220020700,04,보조간선도로,역삼로
346,상행,3,1220022300,04,보조간선도로,역삼로
346,상행,4,1220023900,04,보조간선도로,역삼로
346,상행,5,1220025500,04,보조간선도로,역삼로
346,상행,6,1220026500,04,보조간선도로,역삼로
346,상행,7,1220027100,04,보조간선도로,역삼로
346,하행,1,1220027000,04,보조간선도로,역삼로
346,하행,2,1220026400,04,보조간선도로,역삼로
346,하행,3,1220025400,04,보조간선도로,역삼로
346,하행,4,1220023800,04,보조간선도로,역삼로
346,하행,5,1220022200,04,보조간선도로,역삼로
346,하행,6,1220020600,04,보조간선도로,역삼로
346,하행,7,1220019400,04,보조간선도로,역삼로
348,상행,1,1110001200,04,보조간선도로,연서로
348,상행,2,1110001400,04,보조간선도로,연서로
348,상행,3,1110001600,04,보조간선도로,연서로
348,상행,4,1110014000,04,보조간선도로,연서로
348,상행,5,1110014600,04,보조간선도로,연서로
348,상행,6,1110015000,04,보조간선도로,연서로
348,상행,7,1110015600,04,보조간선도로,연서로
348,하행,1,1110015500,04,보조간선도로,연서로
348,하행,2,1110014900,04,보조간선도로,연서로
348,하행,3,1110014500,04,보조간선도로,연서로
348,하행,4,1110013900,04,보조간선도로,연서로
348,하행,5,1110001500,04,보조간선도로,연서로
348,하행,6,1110001300,04,보조간선도로,연서로
348,하행,7,1110001100,04,보조간선도로,연서로
351,상행,1,1120004800,04,보조간선도로,연희로
351,상행,2,1120005400,04,보조간선도로,연희로
351,상행,3,1120007200,04,보조간선도로,연희로
351,상행,4,1120010400,04,보조간선도로,연희로
351,상행,5,1120012200,04,보조간선도로,연희로
351,상행,6,1120013200,04,보조간선도로,연희로
351,하행,1,1120013100,04,보조간선도로,연희로
351,하행,2,1120012100,04,보조간선도로,연희로
351,하행,3,1120010300,04,보조간선도로,연희로
351,하행,4,1120007100,04,보조간선도로,연희로
351,하행,5,1120005300,04,보조간선도로,연희로
351,하행,6,1120004700,04,보조간선도로,연희로
355,상행,1,1180026800,04,보조간선도로,영등포로
355,상행,2,1180025200,04,보조간선도로,영등포로
355,상행,3,1180024200,04,보조간선도로,영등포로
355,상행,4,1180023200,04,보조간선도로,영등포로
355,상행,5,1180022200,04,보조간선도로,영등포로
355,상행,6,1180020600,04,보조간선도로,영등포로
355,상행,7,1180018400,04,보조간선도로,영등포로
355,상행,8,1180015000,04,보조간선도로,영등포로
355,하행,1,1180015100,04,보조간선도로,영등포로
355,하행,2,1180018500,04,보조간선도로,영등포로
355,하행,3,1180020700,04,보조간선도로,영등포로
355,하행,4,1180022300,04,보조간선도로,영등포로
355,하행,5,1180023300,04,보조간선도로,영등포로
355,하행,6,1180024300,04,보조간선도로,영등포로
355,하행,7,1180025300,04,보조간선도로,영등포로
355,하행,8,1180026900,04,보조간선도로,영등포로
357,상행,1,1180018100,04,보조간선도로,영중로
357,상행,2,1180020500,04,보조간선도로,영중로
357,상행,3,1180023700,04,보조간선도로,영중로
357,상행,4,1180028100,04,보조간선도로,영중로
357,상행,5,1180032100,04,보조간선도로,영중로
357,하행,1,1180032000,04,보조간선도로,영중로
357,하행,2,1180028000,04,보조간선도로,영중로
357,하행,3,1180023600,04,보조간선도로,영중로
357,하행,4,1180020400,04,보조간선도로,영중로
357,하행,5,1180018000,04,보조간선도로,영중로
358,상행,1,1230009500,04,보조간선도로,오금로
358,상행,2,1230010600,04,보조간선도로,오금로
358,상행,3,1230012000,04,보조간선도로,오금로
358,상행,4,1230014400,04,보조간선도로,오금로
358,상행,5,1230017000,04,보조간선도로,오금로
358,상행,6,1230018800,04,보조간선도로,오금로
358,상행,7,1230020000,04,보조간선도로,오금로
358,상행,8,1230022200,04,보조간선도로,오금로
358,상행,9,1230024400,04,보조간선도로,오금로
358,상행,10,1230026400,04,보조간선도로,오금로
358,상행,11,1230028000,04,보조간선도로,오금로
358,상행,12,1230029800,04,보조간선도로,오금로
358,하행,1,1230029700,04,보조간선도로,오금로
358,하행,2,1230027900,04,보조간선도로,오금로
358,하행,3,1230026300,04,보조간선도로,오금로
358,하행,4,1230024300,04,보조간선도로,오금로
358,하행,5,1230022100,04,보조간선도로,오금로
358,하행,6,1230019900,04,보조간선도로,오금로
358,하행,7,1230018700,04,보조간선도로,오금로
358,하행,8,1230016900,04,보조간선도로,오금로
358,하행,9,1230014300,04,보조간선도로,오금로
358,하행,10,1230011900,04,보조간선도로,오금로
358,하행,11,1230010500,04,보조간선도로,오금로
358,하행,12,1230009600,04,보조간선도로,오금로
360,상행,1,3201508200,04,보조간선도로,오리로
360,상행,2,1160011500,04,보조간선도로,오리로
360,상행,3,1160009100,04,보조간선도로,오리로
360,상행,4,1160007500,04,보조간선도로,오리로
360,상행,5,1160004900,04,보조간선도로,오리로
360,하행,1,1160005000,04,보조간선도로,오리로
360,하행,2,1160007600,04,보조간선도로,오리로
360,하행,3,1160009200,04,보조간선도로,오리로
360,하행,4,1160011600,04,보조간선도로,오리로
360,하행,5,3201508300,04,보조간선도로,오리로
361,상행,1,1180027900,04,보조간선도로,오목로
361,상행,2,1140018000,04,보조간선도로,오목로
361,상행,3,1140018600,04,보조간선도로,오목로
361,상행,4,1140019200,04,보조간선도로,오목로
361,상행,5,1140019800,04,보조간선도로,오목로
361,상행,6,1140020400,04,보조간선도로,오목로
361,상행,7,1140019300,04,보조간선도로,오목로
361,상행,8,1140016900,04,보조간선도로,오목로
361,상행,9,1140014500,04,보조간선도로,오목로
361,하행,1,1140014600,04,보조간선도로,오목로
361,하행,2,1140017000,04,보조간선도로,오목로
361,하행,3,1140019400,04,보조간선도로,오목로
361,하행,4,1140020300,04,보조간선도로,오목로
361,하행,5,1140019700,04,보조간선도로,오목로
361,하행,6,1140019100,04,보조간선도로,오목로
361,하행,7,1140018500,04,보조간선도로,오목로
361,하행,8,1140017900,04,보조간선도로,오목로
361,하행,9,1180027800,04,보조간선도로,오목로
362,상행,1,1070012500,04,보조간선도로,오패산로
362,상행,2,1070015000,04,보조간선도로,오패산로
362,상행,3,1080001600,04,보조간선도로,오패산로
362,상행,4,1080003800,04,보조간선도로,오패산로
362,상행,5,1080009200,04,보조간선도로,오패산로
362,하행,1,1080009100,04,보조간선도로,오패산로
362,하행,2,1080003700,04,보조간선도로,오패산로
362,하행,3,1080001500,04,보조간선도로,오패산로
362,하행,4,1070014900,04,보조간선도로,오패산로
362,하행,5,1070012600,04,보조간선도로,오패산로
363,상행,1,1080004700,04,보조간선도로,오현로
363,상행,2,1080003100,04,보조간선도로,오현로
363,상행,3,1080002000,04,보조간선도로,오현로
363,하행,1,1080001900,04,보조간선도로,오현로
363,하행,2,1080003200,04,보조간선도로,오현로
363,하행,3,1080004800,04,보조간선도로,오현로
371,상행,1,1060005200,04,보조간선도로,용마산로
371,상행,2,1060004600,04,보조간선도로,용마산로
371,상행,3,1060003900,04,보조간선도로,용마산로
371,상행,4,1060013900,04,보조간선도로,용마산로
371,상행,5,1060011900,04,보조간선도로,용마산로
371,상행,6,1060009900,04,보조간선도로,용마산로
371,상행,7,1060008500,04,보조간선도로,용마산로
371,상행,8,1060007300,04,보조간선도로,용마산로
371,상행,9,1040017000,04,보조간선도로,용마산로
371,상행,10,1040016400,04,보조간선도로,용마산로
371,상행,11,1040014800,04,보조간선도로,용마산로
371,하행,1,1040014900,04,보조간선도로,용마산로
371,하행,2,1040016500,04,보조간선도로,용마산로
371,하행,3,1040017100,04,보조간선도로,용마산로
371,하행,4,1060007400,04,보조간선도로,용마산로
371,하행,5,1060008600,04,보조간선도로,용마산로
371,하행,6,1060010000,04,보조간선도로,용마산로
371,하행,7,1060012000,04,보조간선도로,용마산로
371,하행,8,1060014000,04,보조간선도로,용마산로
371,하행,9,1060004000,04,보조간선도로,용마산로
371,하행,10,1060004700,04,보조간선도로,용마산로
371,하행,11,1060005300,04,보조간선도로,용마산로
373,상행,1,1160004500,04,보조간선도로,우마길
373,하행,1,1160004600,04,보조간선도로,우마길
376,상행,1,1000004800,04,보조간선도로,우정국로
376,상행,2,1000006600,04,보조간선도로,우정국로
376,상행,3,1000009200,04,보조간선도로,우정국로
376,하행,1,1000009100,04,보조간선도로,우정국로
376,하행,2,1000006500,04,보조간선도로,우정국로
376,하행,3,1000004700,04,보조간선도로,우정국로
378,상행,1,1070016600,04,보조간선도로,월계로
378,상행,2,1080001000,04,보조간선도로,월계로
378,상행,3,1080001200,04,보조간선도로,월계로
378,상행,4,1080001800,04,보조간선도로,월계로
378,상행,5,1070021600,04,보조간선도로,월계로
378,상행,6,1070021800,04,보조간선도로,월계로
378,상행,7,1100012400,04,보조간선도로,월계로
378,상행,8,1100013600,04,보조간선도로,월계로
378,상행,9,1100014000,04,보조간선도로,월계로
378,하행,1,1100013900,04,보조간선도로,월계로
378,하행,2,1100013500,04,보조간선도로,월계로
378,하행,3,1100012300,04,보조간선도로,월계로
378,하행,4,1070021700,04,보조간선도로,월계로
378,하행,5,1070021500,04,보조간선도로,월계로
378,하행,6,1080001700,04,보조간선도로,월계로
378,하행,7,1080001100,04,보조간선도로,월계로
378,하행,8,1080000900,04,보조간선도로,월계로
378,하행,9,1070016500,04,보조간선도로,월계로
380,상행,1,1130027300,04,보조간선도로,월드컵로
380,상행,2,1130025100,04,보조간선도로,월드컵로
380,상행,3,1130024500,04,보조간선도로,월드컵로
380,상행,4,1130023300,04,보조간선도로,월드컵로
380,상행,5,1130006100,04,보조간선도로,월드컵로
380,상행,6,1130021900,04,보조간선도로,월드컵로
380,상행,7,1130020900,04,보조간선도로,월드컵로
380,상행,8,1130020100,04,보조간선도로,월드컵로
380,상행,9,1130019100,04,보조간선도로,월드컵로
380,상행,10,1130017500,04,보조간선도로,월드컵로
380,상행,11,1130014100,04,보조간선도로,월드컵로
380,하행,1,1130014200,04,보조간선도로,월드컵로
380,하행,2,1130017600,04,보조간선도로,월드컵로
380,하행,3,1130019200,04,보조간선도로,월드컵로
380,하행,4,1130020200,04,보조간선도로,월드컵로
380,하행,5,1130021000,04,보조간선도로,월드컵로
380,하행,6,1130022000,04,보조간선도로,월드컵로
380,하행,7,1130006200,04,보조간선도로,월드컵로
380,하행,8,1130023400,04,보조간선도로,월드컵로
380,하행,9,1130024600,04,보조간선도로,월드컵로
380,하행,10,1130025200,04,보조간선도로,월드컵로
380,하행,11,1130027400,04,보조간선도로,월드컵로
381,상행,1,1130017000,04,보조간선도로,월드컵북로
381,상행,2,1130018600,04,보조간선도로,월드컵북로
381,상행,3,1130020000,04,보조간선도로,월드컵북로
381,상행,4,1130021800,04,보조간선도로,월드컵북로
381,상행,5,1130022800,04,보조간선도로,월드컵북로
381,상행,6,1130023600,04,보조간선도로,월드컵북로
381,상행,7,1130024400,04,보조간선도로,월드컵북로
381,상행,8,1130025600,04,보조간선도로,월드컵북로
381,상행,9,1130026600,04,보조간선도로,월드컵북로
381,상행,10,1130027800,04,보조간선도로,월드컵북로
381,상행,11,1130028400,04,보조간선도로,월드컵북로
381,상행,12,3201507200,04,보조간선도로,월드컵북로
381,상행,13,3201506000,04,보조간선도로,월드컵북로
381,하행,1,3201506100,04,보조간선도로,월드컵북로
381,하행,2,3201507300,04,보조간선도로,월드컵북로
381,하행,3,1130028300,04,보조간선도로,월드컵북로
381,하행,4,1130027700,04,보조간선도로,월드컵북로
381,하행,5,1130026500,04,보조간선도로,월드컵북로
381,하행,6,1130025500,04,보조간선도로,월드컵북로
381,하행,7,1130024300,04,보조간선도로,월드컵북로
381,하행,8,1130023500,04,보조간선도로,월드컵북로
381,하행,9,1130022700,04,보조간선도로,월드컵북로
381,하행,10,1130021700,04,보조간선도로,월드컵북로
381,하행,11,1130019900,04,보조간선도로,월드컵북로
381,하행,12,1130018500,04,보조간선도로,월드컵북로
381,하행,13,1130016900,04,보조간선도로,월드컵북로
382,상행,1,1230021400,04,보조간선도로,위례성대로
382,상행,2,1230024000,04,보조간선도로,위례성대로
382,상행,3,1230026200,04,보조간선도로,위례성대로
382,상행,4,1230027200,04,보조간선도로,위례성대로
382,상행,5,1230028200,04,보조간선도로,위례성대로
382,상행,6,1230029400,04,보조간선도로,위례성대로
382,하행,1,1230029300,04,보조간선도로,위례성대로
382,하행,2,1230028100,04,보조간선도로,위례성대로
382,하행,3,1230027100,04,보조간선도로,위례성대로
382,하행,4,1230026100,04,보조간선도로,위례성대로
382,하행,5,1230023900,04,보조간선도로,위례성대로
382,하행,6,1230021300,04,보조간선도로,위례성대로
384,상행,1,1200009600,04,보조간선도로,은천로
384,상행,2,1200009700,04,보조간선도로,은천로
384,하행,1,1200009800,04,보조간선도로,은천로
384,하행,2,1200009500,04,보조간선도로,은천로
385,상행,1,1110007800,04,보조간선도로,은평로
385,상행,2,1110008400,04,보조간선도로,은평로
385,상행,3,1110008600,04,보조간선도로,은평로
385,상행,4,1110008800,04,보조간선도로,은평로
385,상행,5,1110008900,04,보조간선도로,은평로
385,하행,1,1110009000,04,보조간선도로,은평로
385,하행,2,1110008700,04,보조간선도로,은평로
385,하행,3,1110008500,04,보조간선도로,은평로
385,하행,4,1110008300,04,보조간선도로,은평로
385,하행,5,1110007700,04,보조간선도로,은평로
388,상행,1,1120008800,04,보조간선도로,응암로
388,상행,2,1120012000,04,보조간선도로,응암로
388,상행,3,1120013000,04,보조간선도로,응암로
388,상행,4,1110005600,04,보조간선도로,응암로
388,상행,5,1110006800,04,보조간선도로,응암로
388,상행,6,1110008000,04,보조간선도로,응암로
388,상행,7,1110009800,04,보조간선도로,응암로
388,하행,1,1110009700,04,보조간선도로,응암로
388,하행,2,1110007900,04,보조간선도로,응암로
388,하행,3,1110006700,04,보조간선도로,응암로
388,하행,4,1110005500,04,보조간선도로,응암로
388,하행,5,1120012900,04,보조간선도로,응암로
388,하행,6,1120011900,04,보조간선도로,응암로
388,하행,7,1120008700,04,보조간선도로,응암로
389,상행,1,1180033000,04,보조간선도로,의사당대로
389,상행,2,1180031200,04,보조간선도로,의사당대로
389,상행,3,1180026000,04,보조간선도로,의사당대로
389,상행,4,1180022400,04,보조간선도로,의사당대로
389,상행,5,1180019000,04,보조간선도로,의사당대로
389,하행,1,1180019100,04,보조간선도로,의사당대로
389,하행,2,1180022500,04,보조간선도로,의사당대로
389,하행,3,1180026100,04,보조간선도로,의사당대로
389,하행,4,1180031300,04,보조간선도로,의사당대로
389,하행,5,1180033100,04,보조간선도로,의사당대로
39,상행,1,1140027400,04,보조간선도로,곰달래로
39,상행,2,1150007500,04,보조간선도로,곰달래로
39,상행,3,1150007900,04,보조간선도로,곰달래로
39,하행,1,1150007800,04,보조간선도로,곰달래로
39,하행,2,1150007400,04,보조간선도로,곰달래로
39,하행,3,1140027300,04,보조간선도로,곰달래로
390,상행,1,1050021500,04,보조간선도로,이문로
390,상행,2,1050020500,04,보조간선도로,이문로
390,상행,3,1050019500,04,보조간선도로,이문로
390,상행,4,1050016900,04,보조간선도로,이문로
390,하행,1,1050017000,04,보조간선도로,이문로
390,하행,2,1050019600,04,보조간선도로,이문로
390,하행,3,1050020600,04,보조간선도로,이문로
390,하행,4,1050021600,04,보조간선도로,이문로
394,상행,1,1020013500,04,보조간선도로,이태원로
394,상행,2,1020011100,04,보조간선도로,이태원로
394,상행,3,1020010700,04,보조간선도로,이태원로
394,상행,4,1020011400,04,보조간선도로,이태원로
394,하행,1,1020011300,04,보조간선도로,이태원로
394,하행,2,1020010800,04,보조간선도로,이태원로
394,하행,3,1020011200,04,보조간선도로,이태원로
394,하행,4,1020013600,04,보조간선도로,이태원로
395,상행,1,1080011500,04,보조간선도로,인수봉로
395,상행,2,1080009500,04,보조간선도로,인수봉로
395,상행,3,1080003900,04,보조간선도로,인수봉로
395,하행,1,1080004000,04,보조간선도로,인수봉로
395,하행,2,1080009600,04,보조간선도로,인수봉로
395,하행,3,1080011600,04,보조간선도로,인수봉로
398,상행,1,1070004300,04,보조간선도로,인촌로
398,상행,2,1070004100,04,보조간선도로,인촌로
398,상행,3,1070003700,04,보조간선도로,인촌로
398,하행,1,1070003800,04,보조간선도로,인촌로
398,하행,2,1070004200,04,보조간선도로,인촌로
398,하행,3,1070004400,04,보조간선도로,인촌로
410,상행,1,1210030400,04,보조간선도로,잠원로
410,상행,2,1210030200,04,보조간선도로,잠원로
410,상행,3,1210029000,04,보조간선도로,잠원로
410,상행,4,1210028200,04,보조간선도로,잠원로
410,상행,5,1210027200,04,보조간선도로,잠원로
410,상행,6,1210026200,04,보조간선도로,잠원로
410,하행,1,1210026300,04,보조간선도로,잠원로
410,하행,2,1210027300,04,보조간선도로,잠원로
410,하행,3,1210028300,04,보조간선도로,잠원로
410,하행,4,1210029100,04,보조간선도로,잠원로
410,하행,5,1210030300,04,보조간선도로,잠원로
410,하행,6,1210030500,04,보조간선도로,잠원로
412,상행,1,1190002200,04,보조간선도로,장승배기로
412,상행,2,1190004600,04,보조간선도로,장승배기로
412,하행,1,1190004500,04,보조간선도로,장승배기로
412,하행,2,1190002100,04,보조간선도로,장승배기로
417,상행,1,1050004000,04,보조간선도로,전농로
417,상행,2,1050005000,04,보조간선도로,전농로
417,상행,3,1050009200,04,보조간선도로,전농로
417,상행,4,1050012200,04,보조간선도로,전농로
417,상행,5,1050014600,04,보조간선도로,전농로
417,하행,1,1050014500,04,보조간선도로,전농로
417,하행,2,1050012100,04,보조간선도로,전농로
417,하행,3,1050009100,04,보조간선도로,전농로
417,하행,4,1050004900,04,보조간선도로,전농로
417,하행,5,1050003900,04,보조간선도로,전농로
419,상행,1,1070016100,04,보조간선도로,정릉로
419,상행,2,1070015200,04,보조간선도로,정릉로
419,상행,3,1070014700,04,보조간선도로,정릉로
419,상행,4,1070013300,04,보조간선도로,정릉로
419,상행,5,1070013100,04,보조간선도로,정릉로
419,상행,6,1070012300,04,보조간선도로,정릉로
419,상행,7,1005003300,04,보조간선도로,정릉로
419,상행,8,1005003500,04,보조간선도로,정릉로
419,하행,1,1005003600,04,보조간선도로,정릉로
419,하행,2,1005003400,04,보조간선도로,정릉로
419,하행,3,1070012400,04,보조간선도로,정릉로
419,하행,4,1070013200,04,보조간선도로,정릉로
419,하행,5,1070013400,04,보조간선도로,정릉로
419,하행,6,1070014800,04,보조간선도로,정릉로
419,하행,7,1070015100,04,보조간선도로,정릉로
419,하행,8,1070016200,04,보조간선도로,정릉로
424,상행,1,1050015400,04,보조간선도로,제기로
424,상행,2,1050015800,04,보조간선도로,제기로
424,상행,3,1050016000,04,보조간선도로,제기로
424,상행,4,1050015500,04,보조간선도로,제기로
424,하행,1,1050015600,04,보조간선도로,제기로
424,하행,2,1050015900,04,보조간선도로,제기로
424,하행,3,1050015700,04,보조간선도로,제기로
424,하행,4,1050015300,04,보조간선도로,제기로
432,상행,1,1230020900,04,보조간선도로,중대로
432,상행,2,1230017900,04,보조간선도로,중대로
432,상행,3,1230014900,04,보조간선도로,중대로
432,상행,4,1230011700,04,보조간선도로,중대로
432,상행,5,1230009900,04,보조간선도로,중대로
432,상행,6,1230008300,04,보조간선도로,중대로
432,하행,1,1230008400,04,보조간선도로,중대로
432,하행,2,1230010000,04,보조간선도로,중대로
432,하행,3,1230011800,04,보조간선도로,중대로
432,하행,4,1230015000,04,보조간선도로,중대로
432,하행,5,1230018000,04,보조간선도로,중대로
432,하행,6,1230021000,04,보조간선도로,중대로
438,상행,1,1140020700,04,보조간선도로,중앙로
438,상행,2,1140015900,04,보조간선도로,중앙로
438,상행,3,1140012300,04,보조간선도로,중앙로
438,상행,4,1140006500,04,보조간선도로,중앙로
438,상행,5,1140002500,04,보조간선도로,중앙로
438,상행,6,1160017100,04,보조간선도로,중앙로
438,상행,7,1160016500,04,보조간선도로,중앙로
438,상행,8,1160014100,04,보조간선도로,중앙로
438,하행,1,1160014200,04,보조간선도로,중앙로
438,하행,2,1160016600,04,보조간선도로,중앙로
438,하행,3,1160017200,04,보조간선도로,중앙로
438,하행,4,1140002600,04,보조간선도로,중앙로
438,하행,5,1140006600,04,보조간선도로,중앙로
438,하행,6,1140012400,04,보조간선도로,중앙로
438,하행,7,1140016000,04,보조간선도로,중앙로
438,하행,8,1140020800,04,보조간선도로,중앙로
439,상행,1,1120006600,04,보조간선도로,증가로
439,상행,2,1120008400,04,보조간선도로,증가로
439,상행,3,1120010000,04,보조간선도로,증가로
439,상행,4,1120011200,04,보조간선도로,증가로
439,상행,5,1120012400,04,보조간선도로,증가로
439,하행,1,1120012300,04,보조간선도로,증가로
439,하행,2,1120011100,04,보조간선도로,증가로
439,하행,3,1120009900,04,보조간선도로,증가로
439,하행,4,1120008300,04,보조간선도로,증가로
439,하행,5,1120006500,04,보조간선도로,증가로
440,상행,1,1130093001,04,보조간선도로,증산로
440,상행,2,1130005300,04,보조간선도로,증산로
440,상행,3,1130006400,04,보조간선도로,증산로
440,상행,4,1130006800,04,보조간선도로,증산로
440,상행,5,1130007200,04,보조간선도로,증산로
440,상행,6,1130007600,04,보조간선도로,증산로
440,상행,7,1110000200,04,보조간선도로,증산로
440,상행,8,1110000400,04,보조간선도로,증산로
440,상행,9,1110000600,04,보조간선도로,증산로
440,상행,10,1110000800,04,보조간선도로,증산로
440,상행,11,1110001000,04,보조간선도로,증산로
440,하행,1,1110000900,04,보조간선도로,증산로
440,하행,2,1110000700,04,보조간선도로,증산로
440,하행,3,1110000500,04,보조간선도로,증산로
440,하행,4,1110000300,04,보조간선도로,증산로
440,하행,5,1110000100,04,보조간선도로,증산로
440,하행,6,1130007500,04,보조간선도로,증산로
440,하행,7,1130007100,04,보조간선도로,증산로
440,하행,8,1130006700,04,보조간선도로,증산로
440,하행,9,1130006300,04,보조간선도로,증산로
440,하행,10,1130005200,04,보조간선도로,증산로
440,하행,11,1130093101,04,보조간선도로,증산로
441,상행,1,1070003500,04,보조간선도로,지봉로
441,상행,2,1000016700,04,보조간선도로,지봉로
441,상행,3,1000012900,04,보조간선도로,지봉로
441,상행,4,1010019900,04,보조간선도로,지봉로
441,하행,1,1010020000,04,보조간선도로,지봉로
441,하행,2,1000013000,04,보조간선도로,지봉로
441,하행,3,1000016800,04,보조간선도로,지봉로
441,하행,4,1070003600,04,보조간선도로,지봉로
455,상행,1,1000016600,04,보조간선도로,청와대로
455,상행,2,1000017400,04,보조간선도로,청와대로
455,하행,1,1000017300,04,보조간선도로,청와대로
455,하행,2,1000016500,04,보조간선도로,청와대로
460,상행,1,1010006600,04,보조간선도로,충무로
460,상행,2,1010012200,04,보조간선도로,충무로
460,상행,3,1010016800,04,보조간선도로,충무로
462,상행,1,1230005700,04,보조간선도로,충민로2길
462,하행,1,1230005800,04,보조간선도로,충민로2길
464,상행,1,1010003900,04,보조간선도로,칠패로
464,상행,2,1010003500,04,보조간선도로,칠패로
464,하행,1,1010003600,04,보조간선도로,칠패로
464,하행,2,1010004000,04,보조간선도로,칠패로
470,상행,1,1220032400,04,보조간선도로,테헤란로115길
470,하행,1,1220028700,04,보조간선도로,테헤란로115길
470,하행,2,1220030300,04,보조간선도로,테헤란로115길
470,하행,3,1220032500,04,보조간선도로,테헤란로115길
471,상행,1,1130007800,04,보조간선도로,토정로
471,상행,2,1130008200,04,보조간선도로,토정로
471,상행,3,1130009200,04,보조간선도로,토정로
471,상행,4,1130010200,04,보조간선도로,토정로
471,상행,5,1130010500,04,보조간선도로,토정로
471,상행,6,3201510200,04,보조간선도로,토정로
471,상행,7,3201510600,04,보조간선도로,토정로
471,상행,8,3201505400,04,보조간선도로,토정로
471,하행,1,3201505500,04,보조간선도로,토정로
471,하행,2,3201510700,04,보조간선도로,토정로
471,하행,3,3201510300,04,보조간선도로,토정로
471,하행,4,1130010600,04,보조간선도로,토정로
471,하행,5,1130010100,04,보조간선도로,토정로
471,하행,6,1130009100,04,보조간선도로,토정로
471,하행,7,1130008100,04,보조간선도로,토정로
471,하행,8,1130007700,04,보조간선도로,토정로
474,상행,1,1000021700,04,보조간선도로,평창문화로
474,하행,1,1000021800,04,보조간선도로,평창문화로
479,상행,1,1220033800,04,보조간선도로,학동로
479,상행,2,1220033200,04,보조간선도로,학동로
479,상행,3,1220032800,04,보조간선도로,학동로
479,상행,4,1220032000,04,보조간선도로,학동로
479,상행,5,1220031200,04,보조간선도로,학동로
479,상행,6,1220030400,04,보조간선도로,학동로
479,하행,1,1220030500,04,보조간선도로,학동로
479,하행,2,1220031300,04,보조간선도로,학동로
479,하행,3,1220032100,04,보조간선도로,학동로
479,하행,4,1220032900,04,보조간선도로,학동로
479,하행,5,1220033300,04,보조간선도로,학동로
479,하행,6,1220033900,04,보조간선도로,학동로
483,상행,1,1100015000,04,보조간선도로,한글비석로
483,상행,2,1100015600,04,보조간선도로,한글비석로
483,상행,3,1100016400,04,보조간선도로,한글비석로
483,상행,4,1100016800,04,보조간선도로,한글비석로
483,상행,5,1100017200,04,보조간선도로,한글비석로
483,상행,6,1100019800,04,보조간선도로,한글비석로
483,상행,7,1100024200,04,보조간선도로,한글비석로
483,상행,8,1100026200,04,보조간선도로,한글비석로
483,상행,9,1100028200,04,보조간선도로,한글비석로
483,상행,10,1100030600,04,보조간선도로,한글비석로
483,상행,11,1100031200,04,보조간선도로,한글비석로
483,상행,12,1100033000,04,보조간선도로,한글비석로
483,상행,13,1100033600,04,보조간선도로,한글비석로
483,상행,14,1100033700,04,보조간선도로,한글비석로
483,상행,15,1100033300,04,보조간선도로,한글비석로
483,하행,1,1100033400,04,보조간선도로,한글비석로
483,하행,2,1100033800,04,보조간선도로,한글비석로
483,하행,3,1100033500,04,보조간선도로,한글비석로
483,하행,4,1100032900,04,보조간선도로,한글비석로
483,하행,5,1100031100,04,보조간선도로,한글비석로
483,하행,6,1100030500,04,보조간선도로,한글비석로
483,하행,7,1100028100,04,보조간선도로,한글비석로
483,하행,8,1100026100,04,보조간선도로,한글비석로
483,하행,9,1100024100,04,보조간선도로,한글비석로
483,하행,10,1100019700,04,보조간선도로,한글비석로
483,하행,11,1100017100,04,보조간선도로,한글비석로
483,하행,12,1100016700,04,보조간선도로,한글비석로
483,하행,13,1100016300,04,보조간선도로,한글비석로
483,하행,14,1100015500,04,보조간선도로,한글비석로
483,하행,15,1100014900,04,보조간선도로,한글비석로
485,상행,1,1030019400,04,보조간선도로,한천로
485,상행,2,1050010000,04,보조간선도로,한천로
485,상행,3,1050013000,04,보조간선도로,한천로
485,상행,4,1050016200,04,보조간선도로,한천로
485,상행,5,1050018200,04,보조간선도로,한천로
485,상행,6,1050020000,04,보조간선도로,한천로
485,상행,7,1050020800,04,보조간선도로,한천로
485,상행,8,1050022000,04,보조간선도로,한천로
485,상행,9,1070016000,04,보조간선도로,한천로
485,상행,10,1070017800,04,보조간선도로,한천로
485,상행,11,1070019200,04,보조간선도로,한천로
485,상행,12,1070021000,04,보조간선도로,한천로
485,상행,13,1070021400,04,보조간선도로,한천로
485,상행,14,1070022000,04,보조간선도로,한천로
485,상행,15,1080004600,04,보조간선도로,한천로
485,상행,16,1080005400,04,보조간선도로,한천로
485,상행,17,1080006800,04,보조간선도로,한천로
485,상행,18,1080009800,04,보조간선도로,한천로
485,상행,19,1080011200,04,보조간선도로,한천로
485,상행,20,1080012600,04,보조간선도로,한천로
485,하행,1,1080012500,04,보조간선도로,한천로
485,하행,2,1080011100,04,보조간선도로,한천로
485,하행,3,1080009700,04,보조간선도로,한천로
485,하행,4,1080006700,04,보조간선도로,한천로
485,하행,5,1080005300,04,보조간선도로,한천로
485,하행,6,1080004500,04,보조간선도로,한천로
485,하행,7,1070021900,04,보조간선도로,한천로
485,하행,8,1070021300,04,보조간선도로,한천로
485,하행,9,1070020900,04,보조간선도로,한천로
485,하행,10,1070019100,04,보조간선도로,한천로
485,하행,11,1070017700,04,보조간선도로,한천로
485,하행,12,1070015900,04,보조간선도로,한천로
485,하행,13,1050021900,04,보조간선도로,한천로
485,하행,14,1050020700,04,보조간선도로,한천로
485,하행,15,1050019900,04,보조간선도로,한천로
485,하행,16,1050018100,04,보조간선도로,한천로
485,하행,17,1050016100,04,보조간선도로,한천로
485,하행,18,1050012900,04,보조간선도로,한천로
485,하행,19,1050009900,04,보조간선도로,한천로
485,하행,20,1030019300,04,보조간선도로,한천로
486,상행,1,1050021000,04,보조간선도로,한천로58길
486,하행,1,1050020900,04,보조간선도로,한천로58길
488,상행,1,1090002800,04,보조간선도로,해등로
488,상행,2,1090004800,04,보조간선도로,해등로
488,상행,3,1090007800,04,보조간선도로,해등로
488,상행,4,1090008400,04,보조간선도로,해등로
488,상행,5,1090008700,04,보조간선도로,해등로
488,상행,6,1090008200,04,보조간선도로,해등로
488,하행,1,1090008100,04,보조간선도로,해등로
488,하행,2,1090008800,04,보조간선도로,해등로
488,하행,3,1090008300,04,보조간선도로,해등로
488,하행,4,1090007700,04,보조간선도로,해등로
488,하행,5,1090004700,04,보조간선도로,해등로
488,하행,6,1090002700,04,보조간선도로,해등로
494,상행,1,1170002500,04,보조간선도로,호암로
494,상행,2,1170001700,04,보조간선도로,호암로
494,하행,1,1170001800,04,보조간선도로,호암로
494,하행,2,1170002600,04,보조간선도로,호암로
496,상행,1,1130016000,04,보조간선도로,홍익로
496,하행,1,1130015900,04,보조간선도로,홍익로
499,상행,1,1140037900,04,보조간선도로,화곡로
499,상행,2,1140038200,04,보조간선도로,화곡로
499,상행,3,1150010100,04,보조간선도로,화곡로
499,상행,4,1150011100,04,보조간선도로,화곡로
499,상행,5,1150012300,04,보조간선도로,화곡로
499,상행,6,1150013300,04,보조간선도로,화곡로
499,상행,7,1150015100,04,보조간선도로,화곡로
499,상행,8,1150016500,04,보조간선도로,화곡로
499,상행,9,1130023800,04,보조간선도로,화곡로
499,하행,1,1130023700,04,보조간선도로,화곡로
499,하행,2,1150016400,04,보조간선도로,화곡로
499,하행,3,1150015000,04,보조간선도로,화곡로
499,하행,4,1150013200,04,보조간선도로,화곡로
499,하행,5,1150012200,04,보조간선도로,화곡로
499,하행,6,1150011000,04,보조간선도로,화곡로
499,하행,7,1150010000,04,보조간선도로,화곡로
499,하행,8,1140038100,04,보조간선도로,화곡로
499,하행,9,1140038000,04,보조간선도로,화곡로
5,상행,1,1180011300,04,보조간선도로,가마산로
5,상행,2,1180011800,04,보조간선도로,가마산로
5,상행,3,1180010800,04,보조간선도로,가마산로
5,상행,4,1180009800,04,보조간선도로,가마산로
5,상행,5,1160012500,04,보조간선도로,가마산로
5,상행,6,1160011700,04,보조간선도로,가마산로
5,상행,7,1160010500,04,보조간선도로,가마산로
5,상행,8,1160008300,04,보조간선도로,가마산로
5,상행,9,1160006900,04,보조간선도로,가마산로
5,상행,10,2130003902,04,보조간선도로,가마산로
5,상행,11,2130003901,04,보조간선도로,가마산로
5,상행,12,2130003700,04,보조간선도로,가마산로
5,상행,13,2130037300,04,보조간선도로,가마산로
5,하행,1,2130037200,04,보조간선도로,가마산로
5,하행,2,2130003800,04,보조간선도로,가마산로
5,하행,3,2130004001,04,보조간선도로,가마산로
5,하행,4,2130004002,04,보조간선도로,가마산로
5,하행,5,1160007000,04,보조간선도로,가마산로
5,하행,6,1160008400,04,보조간선도로,가마산로
5,하행,7,1160010600,04,보조간선도로,가마산로
5,하행,8,1160011800,04,보조간선도로,가마산로
5,하행,9,1160012600,04,보조간선도로,가마산로
5,하행,10,1180009900,04,보조간선도로,가마산로
5,하행,11,1180010900,04,보조간선도로,가마산로
5,하행,12,1180011900,04,보조간선도로,가마산로
5,하행,13,1180011200,04,보조간선도로,가마산로
502,상행,1,1050017100,04,보조간선도로,회기로
502,상행,2,1050018000,04,보조간선도로,회기로
502,상행,3,1050018700,04,보조간선도로,회기로
502,상행,4,1050018500,04,보조간선도로,회기로
502,상행,5,1050018300,04,보조간선도로,회기로
502,하행,1,1050018400,04,보조간선도로,회기로
502,하행,2,1050018600,04,보조간선도로,회기로
502,하행,3,1050018800,04,보조간선도로,회기로
502,하행,4,1050017900,04,보조간선도로,회기로
502,하행,5,1050017200,04,보조간선도로,회기로
504,상행,1,1210018200,04,보조간선도로,효령로
504,상행,2,1210017000,04,보조간선도로,효령로
504,상행,3,1210015800,04,보조간선도로,효령로
504,상행,4,1210014800,04,보조간선도로,효령로
504,상행,5,1210013800,04,보조간선도로,효령로
504,상행,6,1210013000,04,보조간선도로,효령로
504,상행,7,1210012200,04,보조간선도로,효령로
504,하행,1,1210012300,04,보조간선도로,효령로
504,하행,2,1210013100,04,보조간선도로,효령로
504,하행,3,1210013900,04,보조간선도로,효령로
504,하행,4,1210014900,04,보조간선도로,효령로
504,하행,5,1210015900,04,보조간선도로,효령로
504,하행,6,1210017100,04,보조간선도로,효령로
504,하행,7,1210018300,04,보조간선도로,효령로
505,상행,1,1000015200,04,보조간선도로,효자로
505,상행,2,1000017200,04,보조간선도로,효자로
505,하행,1,1000017100,04,보조간선도로,효자로
505,하행,2,1000015100,04,보조간선도로,효자로
507,상행,1,1020020800,04,보조간선도로,후암로
507,상행,2,1020022200,04,보조간선도로,후암로
507,하행,1,1020022100,04,보조간선도로,후암로
507,하행,2,1020020700,04,보조간선도로,후암로
51,상행,1,1160005400,04,보조간선도로,구로동로
51,상행,2,1160007200,04,보조간선도로,구로동로
51,상행,3,1160009000,04,보조간선도로,구로동로
51,상행,4,1160010800,04,보조간선도로,구로동로
51,상행,5,1160012400,04,보조간선도로,구로동로
51,하행,1,1160012300,04,보조간선도로,구로동로
51,하행,2,1160010700,04,보조간선도로,구로동로
51,하행,3,1160008900,04,보조간선도로,구로동로
51,하행,4,1160007100,04,보조간선도로,구로동로
51,하행,5,1160005300,04,보조간선도로,구로동로
52,상행,1,1160009400,04,보조간선도로,구로중앙로
52,상행,2,1160012000,04,보조간선도로,구로중앙로
52,상행,3,1160012800,04,보조간선도로,구로중앙로
52,상행,4,1160013800,04,보조간선도로,구로중앙로
52,상행,5,1160014800,04,보조간선도로,구로중앙로
52,상행,6,1160016000,04,보조간선도로,구로중앙로
52,하행,1,1160015900,04,보조간선도로,구로중앙로
52,하행,2,1160014700,04,보조간선도로,구로중앙로
52,하행,3,1160013700,04,보조간선도로,구로중앙로
52,하행,4,1160012700,04,보조간선도로,구로중앙로
52,하행,5,1160011900,04,보조간선도로,구로중앙로
52,하행,6,1160009300,04,보조간선도로,구로중앙로
531,상행,1,1060021700,04,보조간선도로,용마터널
531,하행,1,1060021800,04,보조간선도로,용마터널
532,상행,1,1240029000,04,보조간선도로,구리암사대교
532,하행,1,1240028900,04,보조간선도로,구리암사대교
533,상행,1,1240028800,04,보조간선도로,암사대교와양재대로연결길
533,하행,1,1240028700,04,보조간선도로,암사대교와양재대로연결길
537,상행,1,1150044500,04,보조간선도로,수명로
537,하행,1,1150044600,04,보조간선도로,수명로
542,상행,1,1150162701,04,보조간선도로,마곡중앙로
542,상행,2,1150162500,04,보조간선도로,마곡중앙로
542,상행,3,1150162300,04,보조간선도로,마곡중앙로
542,상행,4,1150058900,04,보조간선도로,마곡중앙로
542,하행,1,1150058800,04,보조간선도로,마곡중앙로
542,하행,2,1150162400,04,보조간선도로,마곡중앙로
542,하행,3,1150162600,04,보조간선도로,마곡중앙로
542,하행,4,1150162801,04,보조간선도로,마곡중앙로
543,상행,1,1150342400,04,보조간선도로,마곡서로
543,하행,1,1150342300,04,보조간선도로,마곡서로
544,상행,1,1000020300,04,보조간선도로,창의문로
544,상행,2,1000019702,04,보조간선도로,창의문로
544,상행,3,1000019701,04,보조간선도로,창의문로
544,상행,4,1000018202,04,보조간선도로,창의문로
544,상행,5,1000018201,04,보조간선도로,창의문로
544,하행,1,1000018101,04,보조간선도로,창의문로
544,하행,2,1000018102,04,보조간선도로,창의문로
544,하행,3,1000019801,04,보조간선도로,창의문로
544,하행,4,1000019802,04,보조간선도로,창의문로
544,하행,5,1000020400,04,보조간선도로,창의문로
55,상행,1,1040013200,04,보조간선도로,구천면로
55,상행,2,1040011800,04,보조간선도로,구천면로
55,상행,3,1240011500,04,보조간선도로,구천면로
55,상행,4,1240012200,04,보조간선도로,구천면로
55,상행,5,1240014400,04,보조간선도로,구천면로
55,상행,6,1240018200,04,보조간선도로,구천면로
55,상행,7,1240017700,04,보조간선도로,구천면로
55,상행,8,1240017200,04,보조간선도로,구천면로
55,상행,9,1240017400,04,보조간선도로,구천면로
55,상행,10,1240018000,04,보조간선도로,구천면로
55,상행,11,1240018400,04,보조간선도로,구천면로
55,하행,1,1240018300,04,보조간선도로,구천면로
55,하행,2,1240017900,04,보조간선도로,구천면로
55,하행,3,1240017300,04,보조간선도로,구천면로
55,하행,4,1240017100,04,보조간선도로,구천면로
55,하행,5,1240017800,04,보조간선도로,구천면로
55,하행,6,1240018100,04,보조간선도로,구천면로
55,하행,7,1240014300,04,보조간선도로,구천면로
55,하행,8,1240012100,04,보조간선도로,구천면로
55,하행,9,1240011600,04,보조간선도로,구천면로
55,하행,10,1040011900,04,보조간선도로,구천면로
55,하행,11,1040013300,04,보조간선도로,구천면로
58,상행,1,1040014000,04,보조간선도로,군자로
58,하행,1,1040014100,04,보조간선도로,군자로
62,상행,1,1170000700,04,보조간선도로,금하로
62,상행,2,1170002300,04,보조간선도로,금하로
62,상행,3,1170002100,04,보조간선도로,금하로
62,하행,1,1170002200,04,보조간선도로,금하로
62,하행,2,1170002400,04,보조간선도로,금하로
62,하행,3,1170000800,04,보조간선도로,금하로
63,상행,1,1030008400,04,보조간선도로,금호로
63,상행,2,1030011400,04,보조간선도로,금호로
63,상행,3,1030012800,04,보조간선도로,금호로
63,상행,4,1030015000,04,보조간선도로,금호로
63,상행,5,1010006200,04,보조간선도로,금호로
63,하행,1,1010006100,04,보조간선도로,금호로
63,하행,2,1030014900,04,보조간선도로,금호로
63,하행,3,1030012700,04,보조간선도로,금호로
63,하행,4,1030011300,04,보조간선도로,금호로
63,하행,5,1030008300,04,보조간선도로,금호로
64,상행,1,1170001500,04,보조간선도로,기아로
64,하행,1,1170001600,04,보조간선도로,기아로
70,상행,1,1030013000,04,보조간선도로,난계로
70,상행,2,1030015600,04,보조간선도로,난계로
70,상행,3,1010015600,04,보조간선도로,난계로
70,상행,4,1010019400,04,보조간선도로,난계로
70,상행,5,1010020200,04,보조간선도로,난계로
70,하행,1,1010020100,04,보조간선도로,난계로
70,하행,2,1010019300,04,보조간선도로,난계로
70,하행,3,1010015500,04,보조간선도로,난계로
70,하행,4,1030015500,04,보조간선도로,난계로
70,하행,5,1030012900,04,보조간선도로,난계로
71,상행,1,3201508400,04,보조간선도로,난곡로
71,상행,2,1200001000,04,보조간선도로,난곡로
71,상행,3,1200003200,04,보조간선도로,난곡로
71,상행,4,1200006200,04,보조간선도로,난곡로
71,상행,5,1200009400,04,보조간선도로,난곡로
71,하행,1,1200009300,04,보조간선도로,난곡로
71,하행,2,1200006100,04,보조간선도로,난곡로
71,하행,3,1200003100,04,보조간선도로,난곡로
71,하행,4,1200000900,04,보조간선도로,난곡로
71,하행,5,3201508500,04,보조간선도로,난곡로
72,상행,1,1010016900,04,보조간선도로,남대문로
72,상행,2,1010011300,04,보조간선도로,남대문로
72,상행,3,1010007100,04,보조간선도로,남대문로
72,상행,4,1010005100,04,보조간선도로,남대문로
72,하행,1,1010005200,04,보조간선도로,남대문로
72,하행,2,1010007200,04,보조간선도로,남대문로
72,하행,3,1010011400,04,보조간선도로,남대문로
72,하행,4,1010017000,04,보조간선도로,남대문로
8,상행,1,1170006000,04,보조간선도로,가산로
8,상행,2,1170007200,04,보조간선도로,가산로
8,하행,1,1170007100,04,보조간선도로,가산로
8,하행,2,1170005900,04,보조간선도로,가산로
81,상행,1,1190005200,04,보조간선도로,노량진로
81,상행,2,1190006300,04,보조간선도로,노량진로
81,상행,3,1190005900,04,보조간선도로,노량진로
81,상행,4,1190005700,04,보조간선도로,노량진로
81,하행,1,1190005800,04,보조간선도로,노량진로
81,하행,2,1190006000,04,보조간선도로,노량진로
81,하행,3,1190006400,04,보조간선도로,노량진로
81,하행,4,1190005100,04,보조간선도로,노량진로
83,상행,1,1100009800,04,보조간선도로,노원로
83,상행,2,1100013800,04,보조간선도로,노원로
83,상행,3,1100017000,04,보조간선도로,노원로
83,상행,4,1100019200,04,보조간선도로,노원로
83,상행,5,1100022000,04,보조간선도로,노원로
83,상행,6,1100024400,04,보조간선도로,노원로
83,상행,7,1100026000,04,보조간선도로,노원로
83,상행,8,1100026800,04,보조간선도로,노원로
83,상행,9,1100027800,04,보조간선도로,노원로
83,상행,10,1100029200,04,보조간선도로,노원로
83,상행,11,1100030400,04,보조간선도로,노원로
83,상행,12,1100030800,04,보조간선도로,노원로
83,상행,13,1100031600,04,보조간선도로,노원로
83,상행,14,1100032000,04,보조간선도로,노원로
83,상행,15,1100032200,04,보조간선도로,노원로
83,하행,1,1100032100,04,보조간선도로,노원로
83,하행,2,1100031900,04,보조간선도로,노원로
83,하행,3,1100031500,04,보조간선도로,노원로
83,하행,4,1100030700,04,보조간선도로,노원로
83,하행,5,1100030300,04,보조간선도로,노원로
83,하행,6,1100029100,04,보조간선도로,노원로
83,하행,7,1100027700,04,보조간선도로,노원로
83,하행,8,1100026700,04,보조간선도로,노원로
83,하행,9,1100025900,04,보조간선도로,노원로
83,하행,10,1100024300,04,보조간선도로,노원로
83,하행,11,1100021900,04,보조간선도로,노원로
83,하행,12,1100019100,04,보조간선도로,노원로
83,하행,13,1100016900,04,보조간선도로,노원로
83,하행,14,1100013700,04,보조간선도로,노원로
83,하행,15,1100009700,04,보조간선도로,노원로
85,상행,1,1100029500,04,보조간선도로,노해로
85,상행,2,1100028700,04,보조간선도로,노해로
85,상행,3,1100028500,04,보조간선도로,노해로
85,상행,4,1090006500,04,보조간선도로,노해로
85,상행,5,1090005900,04,보조간선도로,노해로
85,상행,6,1090005400,04,보조간선도로,노해로
85,상행,7,1090005700,04,보조간선도로,노해로
85,상행,8,1090005500,04,보조간선도로,노해로
85,상행,9,1090005100,04,보조간선도로,노해로
85,상행,10,1090004100,04,보조간선도로,노해로
85,상행,11,1080012300,04,보조간선도로,노해로
85,상행,12,1080010300,04,보조간선도로,노해로
85,하행,1,1080010400,04,보조간선도로,노해로
85,하행,2,1080012400,04,보조간선도로,노해로
85,하행,3,1090004200,04,보조간선도로,노해로
85,하행,4,1090005200,04,보조간선도로,노해로
85,하행,5,1090005600,04,보조간선도로,노해로
85,하행,6,1090005800,04,보조간선도로,노해로
85,하행,7,1090005300,04,보조간선도로,노해로
85,하행,8,1090006000,04,보조간선도로,노해로
85,하행,9,1090006600,04,보조간선도로,노해로
85,하행,10,1100028600,04,보조간선도로,노해로
85,하행,11,1100028800,04,보조간선도로,노해로
85,하행,12,1100029600,04,보조간선도로,노해로
88,상행,1,1020021500,04,보조간선도로,녹사평대로58길
88,하행,1,1020021600,04,보조간선도로,녹사평대로58길
90,상행,1,1040006300,04,보조간선도로,능동로
90,상행,2,1040009100,04,보조간선도로,능동로
90,상행,3,1040012100,04,보조간선도로,능동로
90,상행,4,1040014300,04,보조간선도로,능동로
90,상행,5,1040015300,04,보조간선도로,능동로
90,상행,6,1040016700,04,보조간선도로,능동로
90,하행,1,1040016600,04,보조간선도로,능동로
90,하행,2,1040015200,04,보조간선도로,능동로
90,하행,3,1040014200,04,보조간선도로,능동로
90,하행,4,1040012000,04,보조간선도로,능동로
90,하행,5,1040009000,04,보조간선도로,능동로
90,하행,6,1040006200,04,보조간선도로,능동로
91,상행,1,1010019100,04,보조간선도로,다산로
91,상행,2,1010015900,04,보조간선도로,다산로
91,상행,3,1010006700,04,보조간선도로,다산로
91,상행,4,1010001700,04,보조간선도로,다산로
91,상행,5,1020021300,04,보조간선도로,다산로
91,하행,1,1020021400,04,보조간선도로,다산로
91,하행,2,1010001800,04,보조간선도로,다산로
91,하행,3,1010006800,04,보조간선도로,다산로
91,하행,4,1010016000,04,보조간선도로,다산로
91,하행,5,1010019200,04,보조간선도로,다산로
92,상행,1,1060007000,04,보조간선도로,답십리로
92,상행,2,1060007200,04,보조간선도로,답십리로
92,상행,3,1050005800,04,보조간선도로,답십리로
92,상행,4,1050006200,04,보조간선도로,답십리로
92,상행,5,1050007000,04,보조간선도로,답십리로
92,상행,6,1050007200,04,보조간선도로,답십리로
92,상행,7,1050007400,04,보조간선도로,답십리로
92,상행,8,1050008800,04,보조간선도로,답십리로
92,상행,9,1050010800,04,보조간선도로,답십리로
92,상행,10,1050011000,04,보조간선도로,답십리로
92,하행,1,1050010900,04,보조간선도로,답십리로
92,하행,2,1050010700,04,보조간선도로,답십리로
92,하행,3,1050008700,04,보조간선도로,답십리로
92,하행,4,1050007300,04,보조간선도로,답십리로
92,하행,5,1050007100,04,보조간선도로,답십리로
92,하행,6,1050006900,04,보조간선도로,답십리로
92,하행,7,1050006100,04,보조간선도로,답십리로
92,하행,8,1050005700,04,보조간선도로,답십리로
92,하행,9,1060007100,04,보조간선도로,답십리로
92,하행,10,1060006900,04,보조간선도로,답십리로
93,상행,1,1180017500,04,보조간선도로,당산로
93,상행,2,1180021900,04,보조간선도로,당산로
93,상행,3,1180025700,04,보조간선도로,당산로
93,상행,4,1180031100,04,보조간선도로,당산로
93,상행,5,1180035100,04,보조간선도로,당산로
93,상행,6,1180038300,04,보조간선도로,당산로
93,상행,7,1180040300,04,보조간선도로,당산로
93,하행,1,1180040200,04,보조간선도로,당산로
93,하행,2,1180038200,04,보조간선도로,당산로
93,하행,3,1180035000,04,보조간선도로,당산로
93,하행,4,1180031000,04,보조간선도로,당산로
93,하행,5,1180025600,04,보조간선도로,당산로
93,하행,6,1180021800,04,보조간선도로,당산로
93,하행,7,1180017400,04,보조간선도로,당산로
94,상행,1,1180036600,04,보조간선도로,당산로54길
94,하행,1,1180036700,04,보조간선도로,당산로54길
95,상행,1,1180010000,04,보조간선도로,대림로
95,상행,2,1180007600,04,보조간선도로,대림로
95,상행,3,1180006600,04,보조간선도로,대림로
95,상행,4,1180006200,04,보조간선도로,대림로
95,상행,5,1200010100,04,보조간선도로,대림로
95,하행,1,1200010200,04,보조간선도로,대림로
95,하행,2,1180006300,04,보조간선도로,대림로
95,하행,3,1180006700,04,보조간선도로,대림로
95,하행,4,1180007700,04,보조간선도로,대림로
95,하행,5,1180010100,04,보조간선도로,대림로
96,상행,1,1180012500,04,보조간선도로,대방천길
96,하행,1,1180012400,04,보조간선도로,대방천길
97,상행,1,3201507800,04,보조간선도로,대방천로
97,상행,2,1180008700,04,보조간선도로,대방천로
97,상행,3,1180009700,04,보조간선도로,대방천로
97,상행,4,1180011100,04,보조간선도로,대방천로
97,상행,5,1180012300,04,보조간선도로,대방천로
97,하행,1,1180012200,04,보조간선도로,대방천로
97,하행,2,1180011000,04,보조간선도로,대방천로
97,하행,3,1180009600,04,보조간선도로,대방천로
97,하행,4,1180008600,04,보조간선도로,대방천로
97,하행,5,3201507900,04,보조간선도로,대방천로
99,상행,1,1130014700,04,보조간선도로,대흥로
99,상행,2,1130011700,04,보조간선도로,대흥로
99,상행,3,1130009900,04,보조간선도로,대흥로
99,상행,4,1130008000,04,보조간선도로,대흥로
99,하행,1,1130007900,04,보조간선도로,대흥로
99,하행,2,1130010000,04,보조간선도로,대흥로
99,하행,3,1130011800,04,보조간선도로,대흥로
99,하행,4,1130014800,04,보조간선도로,대흥로
101,상행,1,1010011000,05,기타도로,덕수궁길
101,상행,2,1010017800,05,기타도로,덕수궁길
103,상행,1,1230017500,05,기타도로,도곡로62길
103,하행,1,1230017600,05,기타도로,도곡로62길
104,상행,1,1090009400,05,기타도로,도당로
104,상행,2,1090010800,05,기타도로,도당로
104,상행,3,1090011800,05,기타도로,도당로
104,하행,1,1090011700,05,기타도로,도당로
104,하행,2,1090010700,05,기타도로,도당로
104,하행,3,1090009300,05,기타도로,도당로
109,상행,1,1080001300,05,기타도로,도봉로8길
109,하행,1,1080001400,05,기타도로,도봉로8길
11,상행,1,1110009400,05,기타도로,갈현로
11,상행,2,1110012000,05,기타도로,갈현로
11,상행,3,1110014200,05,기타도로,갈현로
11,하행,1,1110014100,05,기타도로,갈현로
11,하행,2,1110011900,05,기타도로,갈현로
11,하행,3,1110009300,05,기타도로,갈현로
118,상행,1,1130018300,05,기타도로,동교로
118,상행,2,1130016700,05,기타도로,동교로
118,상행,3,1130016500,05,기타도로,동교로
118,상행,4,1130015100,05,기타도로,동교로
118,상행,5,1130014300,05,기타도로,동교로
118,하행,1,1130014400,05,기타도로,동교로
118,하행,2,1130015200,05,기타도로,동교로
118,하행,3,1130016600,05,기타도로,동교로
118,하행,4,1130016800,05,기타도로,동교로
118,하행,5,1130018400,05,기타도로,동교로
121,상행,1,1240024600,05,기타도로,동남로79길
121,하행,1,1240024500,05,기타도로,동남로79길
122,상행,1,1240026200,05,기타도로,동남로81길
122,하행,1,1240026100,05,기타도로,동남로81길
123,상행,1,1240026900,05,기타도로,동남로82길
123,하행,1,1240027000,05,기타도로,동남로82길
126,상행,1,1070007100,05,기타도로,동소문로20길
126,하행,1,1070007200,05,기타도로,동소문로20길
128,상행,1,1100009000,05,기타도로,동일로173가길
128,하행,1,1100008900,05,기타도로,동일로173가길
129,상행,1,1100010700,05,기타도로,동일로191가길
129,하행,1,1100010800,05,기타도로,동일로191가길
130,상행,1,1100025700,05,기타도로,동일로213길
130,하행,1,1100025800,05,기타도로,동일로213길
131,상행,1,1100026600,05,기타도로,동일로214길
131,하행,1,1100026500,05,기타도로,동일로214길
135,상행,1,1170005100,05,기타도로,두산로
135,하행,1,1170005200,05,기타도로,두산로
139,상행,1,1170007800,05,기타도로,디지털로10길
139,하행,1,1170007700,05,기타도로,디지털로10길
140,상행,1,1170010000,05,기타도로,디지털로9길
140,하행,1,1170009900,05,기타도로,디지털로9길
144,상행,1,1210010700,05,기타도로,마방로
144,하행,1,1210010600,05,기타도로,마방로
146,상행,1,1010018900,05,기타도로,마장로1길
146,하행,1,1010019000,05,기타도로,마장로1길
148,상행,1,1230008600,05,기타도로,마천로
148,상행,2,1230011200,05,기타도로,마천로
148,상행,3,1230013800,05,기타도로,마천로
148,상행,4,1230015800,05,기타도로,마천로
148,상행,5,1230018400,05,기타도로,마천로
148,상행,6,1230020600,05,기타도로,마천로
148,하행,1,1230020500,05,기타도로,마천로
148,하행,2,1230018300,05,기타도로,마천로
148,하행,3,1230015700,05,기타도로,마천로
148,하행,4,1230013700,05,기타도로,마천로
148,하행,5,1230011100,05,기타도로,마천로
148,하행,6,1230008500,05,기타도로,마천로
15,상행,1,1040008300,05,기타도로,강변역로
15,상행,2,1040009300,05,기타도로,강변역로
15,하행,1,1040009200,05,기타도로,강변역로
15,하행,2,1040008200,05,기타도로,강변역로
15,하행,3,3201500100,05,기타도로,강변역로
152,상행,1,1050017400,05,기타도로,망우로21길
152,하행,1,1050017300,05,기타도로,망우로21길
153,상행,1,1130019700,05,기타도로,망원로
153,상행,2,1130018900,05,기타도로,망원로
153,상행,3,1130018700,05,기타도로,망원로
153,상행,4,1130018100,05,기타도로,망원로
153,상행,5,3201508000,05,기타도로,망원로
153,하행,1,3201508100,05,기타도로,망원로
153,하행,2,1130018200,05,기타도로,망원로
153,하행,3,1130018800,05,기타도로,망원로
153,하행,4,1130019000,05,기타도로,망원로
153,하행,5,1130019800,05,기타도로,망원로
154,상행,1,1130027100,05,기타도로,매봉산로
154,상행,2,1130025900,05,기타도로,매봉산로
154,상행,3,1130024700,05,기타도로,매봉산로
154,하행,1,1130024800,05,기타도로,매봉산로
154,하행,2,1130026000,05,기타도로,매봉산로
154,하행,3,1130027200,05,기타도로,매봉산로
157,상행,1,1210012900,05,기타도로,명달로
157,상행,2,1210016900,05,기타도로,명달로
157,하행,1,1210016800,05,기타도로,명달로
157,하행,2,1210012800,05,기타도로,명달로
158,상행,1,1010008600,05,기타도로,명동길
159,상행,1,1240019100,05,기타도로,명일로
159,상행,2,1240015900,05,기타도로,명일로
159,상행,3,1240012700,05,기타도로,명일로
159,상행,4,1240010300,05,기타도로,명일로
159,상행,5,1240008500,05,기타도로,명일로
159,상행,6,1240007500,05,기타도로,명일로
159,하행,1,1240007600,05,기타도로,명일로
159,하행,2,1240008600,05,기타도로,명일로
159,하행,3,1240010400,05,기타도로,명일로
159,하행,4,1240012800,05,기타도로,명일로
159,하행,5,1240016000,05,기타도로,명일로
159,하행,6,1240019200,05,기타도로,명일로
16,상행,1,1040007100,05,기타도로,강변역로4길
16,하행,1,1040007000,05,기타도로,강변역로4길
161,상행,1,1120007800,05,기타도로,모래내로15길
161,하행,1,1120007700,05,기타도로,모래내로15길
162,상행,1,1140001000,05,기타도로,목동남로
162,상행,2,1140001400,05,기타도로,목동남로
162,하행,1,1140001300,05,기타도로,목동남로
162,하행,2,1140000900,05,기타도로,목동남로
167,상행,1,1010015400,05,기타도로,무교로
167,상행,2,1010017600,05,기타도로,무교로
167,상행,3,1000005000,05,기타도로,무교로
167,상행,4,1000006800,05,기타도로,무교로
167,하행,1,1000006700,05,기타도로,무교로
169,상행,1,1180021600,05,기타도로,문래로
169,상행,2,1180021200,05,기타도로,문래로
169,상행,3,1180019600,05,기타도로,문래로
169,상행,4,1180018800,05,기타도로,문래로
169,하행,1,1180018900,05,기타도로,문래로
169,하행,2,1180019700,05,기타도로,문래로
169,하행,3,1180021300,05,기타도로,문래로
169,하행,4,1180021700,05,기타도로,문래로
171,상행,1,1230015500,05,기타도로,문정로
171,상행,2,1230012900,05,기타도로,문정로
171,상행,3,1230010300,05,기타도로,문정로
171,상행,4,1230007900,05,기타도로,문정로
171,상행,5,1230007100,05,기타도로,문정로
171,상행,6,1230006900,05,기타도로,문정로
171,하행,1,1230007000,05,기타도로,문정로
171,하행,2,1230007200,05,기타도로,문정로
171,하행,3,1230008000,05,기타도로,문정로
171,하행,4,1230010400,05,기타도로,문정로
171,하행,5,1230013000,05,기타도로,문정로
171,하행,6,1230015600,05,기타도로,문정로
179,상행,1,1150020900,05,기타도로,방화대로47길
179,하행,1,1150020800,05,기타도로,방화대로47길
18,상행,1,1150008300,05,기타도로,강서로17길
18,하행,1,1150008200,05,기타도로,강서로17길
180,상행,1,1150020600,05,기타도로,방화대로48길
180,하행,1,1150020700,05,기타도로,방화대로48길
181,상행,1,1150015900,05,기타도로,방화동로
181,상행,2,1150017700,05,기타도로,방화동로
181,상행,3,1150019100,05,기타도로,방화동로
181,하행,1,1150019000,05,기타도로,방화동로
181,하행,2,1150017600,05,기타도로,방화동로
181,하행,3,1150015800,05,기타도로,방화동로
183,상행,1,1005009200,05,기타도로,백범로90길
183,하행,1,1005009300,05,기타도로,백범로90길
184,상행,1,1000020600,05,기타도로,백석동길
184,하행,1,1000020500,05,기타도로,백석동길
187,상행,1,1150007100,05,기타도로,벌말로
187,하행,1,1150007000,05,기타도로,벌말로
189,상행,1,3201508800,05,기타도로,벚꽃로
189,상행,2,3201504800,05,기타도로,벚꽃로
189,상행,3,1170004600,05,기타도로,벚꽃로
189,상행,4,1170006200,05,기타도로,벚꽃로
189,상행,5,1170007600,05,기타도로,벚꽃로
189,상행,6,1170009600,05,기타도로,벚꽃로
189,상행,7,3201509100,05,기타도로,벚꽃로
189,하행,1,3201509000,05,기타도로,벚꽃로
189,하행,2,1170009500,05,기타도로,벚꽃로
189,하행,3,1170007500,05,기타도로,벚꽃로
189,하행,4,1170006100,05,기타도로,벚꽃로
189,하행,5,1170004500,05,기타도로,벚꽃로
189,하행,6,3201504900,05,기타도로,벚꽃로
189,하행,7,3201508900,05,기타도로,벚꽃로
19,상행,1,1150009200,05,기타도로,강서로29길
19,하행,1,1150009300,05,기타도로,강서로29길
190,상행,1,1020006400,05,기타도로,보광로
190,상행,2,1020007600,05,기타도로,보광로
190,상행,3,1020009600,05,기타도로,보광로
190,하행,1,1020009500,05,기타도로,보광로
190,하행,2,1020007500,05,기타도로,보광로
190,하행,3,1020006300,05,기타도로,보광로
196,상행,1,1220037400,05,기타도로,봉은사로114길
199,상행,1,1160010100,05,기타도로,부일로
199,상행,2,1160009900,05,기타도로,부일로
199,상행,3,1160009700,05,기타도로,부일로
199,상행,4,1160008700,05,기타도로,부일로
199,하행,1,1160008800,05,기타도로,부일로
199,하행,2,1160009800,05,기타도로,부일로
199,하행,3,1160010000,05,기타도로,부일로
199,하행,4,1160010200,05,기타도로,부일로
2,상행,1,1230024700,05,기타도로,가락로
2,상행,2,1230019500,05,기타도로,가락로
2,상행,3,1230016300,05,기타도로,가락로
2,상행,4,1230014100,05,기타도로,가락로
2,하행,1,1230014200,05,기타도로,가락로
2,하행,2,1230016400,05,기타도로,가락로
2,하행,3,1230019600,05,기타도로,가락로
2,하행,4,1230024800,05,기타도로,가락로
20003,상행,1,1130025000,05,기타도로,상암산로
20003,상행,2,1130026401,05,기타도로,상암산로
20003,상행,3,1130026402,05,기타도로,상암산로
20003,상행,4,1130072000,05,기타도로,상암산로
20003,하행,1,1130072100,05,기타도로,상암산로
20003,하행,2,1130026302,05,기타도로,상암산로
20003,하행,3,1130026301,05,기타도로,상암산로
20003,하행,4,1130024900,05,기타도로,상암산로
20008,상행,1,1180050800,05,기타도로,도영로
20008,상행,2,1180051500,05,기타도로,도영로
20008,상행,3,1180013501,05,기타도로,도영로
20008,상행,4,1180013502,05,기타도로,도영로
20008,상행,5,1180060100,05,기타도로,도영로
20008,상행,6,1180061600,05,기타도로,도영로
20008,상행,7,1180063500,05,기타도로,도영로
20008,하행,1,1180063600,05,기타도로,도영로
20008,하행,2,1180061700,05,기타도로,도영로
20008,하행,3,1180060200,05,기타도로,도영로
20008,하행,4,1180013402,05,기타도로,도영로
20008,하행,5,1180013401,05,기타도로,도영로
20008,하행,6,1180051600,05,기타도로,도영로
20008,하행,7,1180050900,05,기타도로,도영로
20009,상행,1,1210009204,05,기타도로,동산로
20009,상행,2,1210009203,05,기타도로,동산로
20009,상행,3,1210009202,05,기타도로,동산로
20009,상행,4,1210009201,05,기타도로,동산로
20009,하행,1,1210009301,05,기타도로,동산로
20009,하행,2,1210009302,05,기타도로,동산로
20009,하행,3,1210009303,05,기타도로,동산로
20009,하행,4,1210009304,05,기타도로,동산로
20010,상행,1,1080028900,05,기타도로,수유로
20010,상행,2,1080008701,05,기타도로,수유로
20010,상행,3,1080005902,05,기타도로,수유로
20010,상행,4,1080005901,05,기타도로,수유로
20010,하행,1,1080006001,05,기타도로,수유로
20010,하행,2,1080006002,05,기타도로,수유로
20010,하행,3,1080008801,05,기타도로,수유로
20010,하행,4,1080028800,05,기타도로,수유로
20011,상행,1,1180028902,05,기타도로,여의공원로
20011,상행,2,1180028903,05,기타도로,여의공원로
20011,상행,3,1180032300,05,기타도로,여의공원로
20011,상행,4,1180034901,05,기타도로,여의공원로
20011,상행,5,1180034902,05,기타도로,여의공원로
20011,하행,1,1180034802,05,기타도로,여의공원로
20011,하행,2,1180034801,05,기타도로,여의공원로
20011,하행,3,1180032200,05,기타도로,여의공원로
20011,하행,4,1180028802,05,기타도로,여의공원로
20011,하행,5,1180028801,05,기타도로,여의공원로
20012,상행,1,1180033700,05,기타도로,은행로
20012,상행,2,1180036101,05,기타도로,은행로
20012,상행,3,1180036102,05,기타도로,은행로
20012,하행,1,1180036002,05,기타도로,은행로
20012,하행,2,1180036001,05,기타도로,은행로
20012,하행,3,1180033600,05,기타도로,은행로
20013,상행,1,1230049500,05,기타도로,충민로
20013,상행,2,1230048900,05,기타도로,충민로
20013,상행,3,1230047700,05,기타도로,충민로
20013,상행,4,1230046100,05,기타도로,충민로
20013,상행,5,1230045200,05,기타도로,충민로
20013,상행,6,1230044300,05,기타도로,충민로
20013,상행,7,1230043900,05,기타도로,충민로
20013,상행,8,1230045800,05,기타도로,충민로
20013,하행,1,1230045700,05,기타도로,충민로
20013,하행,2,1230043800,05,기타도로,충민로
20013,하행,3,1230044200,05,기타도로,충민로
20013,하행,4,1230045100,05,기타도로,충민로
20013,하행,5,1230046000,05,기타도로,충민로
20013,하행,6,1230047600,05,기타도로,충민로
20013,하행,7,1230048800,05,기타도로,충민로
20013,하행,8,1230049400,05,기타도로,충민로
20015,상행,1,1030017401,05,기타도로,황물로
20015,상행,2,1030017402,05,기타도로,황물로
20015,상행,3,1050004801,05,기타도로,황물로
20015,상행,4,1050004802,05,기타도로,황물로
20015,상행,5,1050004803,05,기타도로,황물로
20015,상행,6,1050004804,05,기타도로,황물로
20015,상행,7,1050006800,05,기타도로,황물로
20015,상행,8,1050009401,05,기타도로,황물로
20015,상행,9,1050009402,05,기타도로,황물로
20015,하행,1,1050009302,05,기타도로,황물로
20015,하행,2,1050009301,05,기타도로,황물로
20015,하행,3,1050006700,05,기타도로,황물로
20015,하행,4,1050004704,05,기타도로,황물로
20015,하행,5,1050004703,05,기타도로,황물로
20015,하행,6,1050004702,05,기타도로,황물로
20015,하행,7,1050004701,05,기타도로,황물로
20015,하행,8,1030017302,05,기타도로,황물로
20015,하행,9,1030017301,05,기타도로,황물로
20016,상행,1,1140039001,05,기타도로,목동중앙본로
20016,상행,2,1140039002,05,기타도로,목동중앙본로
20016,상행,3,1140039003,05,기타도로,목동중앙본로
20016,상행,4,1140039004,05,기타도로,목동중앙본로
20016,하행,1,1140038904,05,기타도로,목동중앙본로
20016,하행,2,1140038903,05,기타도로,목동중앙본로
20016,하행,3,1140038902,05,기타도로,목동중앙본로
20016,하행,4,1140038901,05,기타도로,목동중앙본로
20017,상행,1,1110008106,05,기타도로,백련산로
20017,상행,2,1110008104,05,기타도로,백련산로
20017,상행,3,1110008102,05,기타도로,백련산로
20017,상행,4,1110005700,05,기타도로,백련산로
20017,하행,1,1110005800,05,기타도로,백련산로
20017,하행,2,1110008201,05,기타도로,백련산로
20017,하행,3,1110008203,05,기타도로,백련산로
20017,하행,4,1110008205,05,기타도로,백련산로
20018,상행,1,1120021200,05,기타도로,북아현로
20018,상행,2,1130019502,05,기타도로,북아현로
20018,상행,3,1130019501,05,기타도로,북아현로
20018,하행,1,1130019600,05,기타도로,북아현로
20018,하행,2,1130009601,05,기타도로,북아현로
20018,하행,3,1120021300,05,기타도로,북아현로
20019,상행,1,1130032100,05,기타도로,삼개로
20019,상행,2,1130030800,05,기타도로,삼개로
20019,상행,3,1020041100,05,기타도로,삼개로
20019,하행,1,1020041200,05,기타도로,삼개로
20019,하행,2,1130030900,05,기타도로,삼개로
20019,하행,3,1130032200,05,기타도로,삼개로
20020,상행,1,1200004600,05,기타도로,솔밭로
20020,상행,2,1190008000,05,기타도로,솔밭로
20020,상행,3,1190009700,05,기타도로,솔밭로
20020,하행,1,1190009800,05,기타도로,솔밭로
20020,하행,2,1190008100,05,기타도로,솔밭로
20020,하행,3,1200004500,05,기타도로,솔밭로
20021,상행,1,1050017800,05,기타도로,외대역동로
20021,상행,2,1050019400,05,기타도로,외대역동로
20021,상행,3,1050048100,05,기타도로,외대역동로
20021,하행,1,1050048200,05,기타도로,외대역동로
20021,하행,2,1050019300,05,기타도로,외대역동로
20021,하행,3,1050017700,05,기타도로,외대역동로
20022,상행,1,1100047400,05,기타도로,우이천로
20022,상행,2,1100048400,05,기타도로,우이천로
20022,상행,3,1100050400,05,기타도로,우이천로
20022,상행,4,1090013400,05,기타도로,우이천로
20022,상행,5,1080007703,05,기타도로,우이천로
20022,상행,6,1080007704,05,기타도로,우이천로
20022,상행,7,1090001001,05,기타도로,우이천로
20022,상행,8,1090001002,05,기타도로,우이천로
20022,상행,9,1090001003,05,기타도로,우이천로
20022,상행,10,1090001004,05,기타도로,우이천로
20022,상행,11,1090001600,05,기타도로,우이천로
20022,상행,12,1090002600,05,기타도로,우이천로
20022,상행,13,1090017200,05,기타도로,우이천로
20022,상행,14,1090017600,05,기타도로,우이천로
20022,상행,15,1090021000,05,기타도로,우이천로
20022,하행,1,1090020900,05,기타도로,우이천로
20022,하행,2,1090017500,05,기타도로,우이천로
20022,하행,3,1090017100,05,기타도로,우이천로
20022,하행,4,1090002501,05,기타도로,우이천로
20022,하행,5,1090001500,05,기타도로,우이천로
20022,하행,6,1090000904,05,기타도로,우이천로
20022,하행,7,1090000903,05,기타도로,우이천로
20022,하행,8,1090000902,05,기타도로,우이천로
20022,하행,9,1090000901,05,기타도로,우이천로
20022,하행,10,1080007804,05,기타도로,우이천로
20022,하행,11,1080007803,05,기타도로,우이천로
20022,하행,12,1090013300,05,기타도로,우이천로
20022,하행,13,1100050300,05,기타도로,우이천로
20022,하행,14,1100048300,05,기타도로,우이천로
20022,하행,15,1100047300,05,기타도로,우이천로
20024,상행,1,1070016401,05,기타도로,장월로
20024,상행,2,1070016402,05,기타도로,장월로
20024,상행,3,1070019401,05,기타도로,장월로
20024,상행,4,1070019402,05,기타도로,장월로
20024,상행,5,1070020801,05,기타도로,장월로
20024,상행,6,1070020802,05,기타도로,장월로
20024,상행,7,1070020803,05,기타도로,장월로
20024,하행,1,1070020703,05,기타도로,장월로
20024,하행,2,1070020702,05,기타도로,장월로
20024,하행,3,1070020701,05,기타도로,장월로
20024,하행,4,1070019302,05,기타도로,장월로
20024,하행,5,1070019301,05,기타도로,장월로
20024,하행,6,1070016302,05,기타도로,장월로
20024,하행,7,1070016301,05,기타도로,장월로
20025,상행,1,1030010404,05,기타도로,장터길
20025,상행,2,1030010403,05,기타도로,장터길
20025,하행,1,1030010303,05,기타도로,장터길
20025,하행,2,1030010304,05,기타도로,장터길
20027,상행,1,1190003801,05,기타도로,흑석로
20027,상행,2,1190003802,05,기타도로,흑석로
20027,상행,3,1190003803,05,기타도로,흑석로
20027,상행,4,1190003804,05,기타도로,흑석로
20027,상행,5,1190003805,05,기타도로,흑석로
20027,상행,6,1190003806,05,기타도로,흑석로
20027,상행,7,1190003807,05,기타도로,흑석로
20027,상행,8,1190003808,05,기타도로,흑석로
20027,하행,1,1190003707,05,기타도로,흑석로
20027,하행,2,1190003706,05,기타도로,흑석로
20027,하행,3,1190003705,05,기타도로,흑석로
20027,하행,4,1190003704,05,기타도로,흑석로
20027,하행,5,1190003703,05,기타도로,흑석로
20027,하행,6,1190003702,05,기타도로,흑석로
20027,하행,7,1190003701,05,기타도로,흑석로
20028,상행,1,1000025100,05,기타도로,새문안로3길
20028,상행,2,1000028100,05,기타도로,새문안로3길
20028,상행,3,1000031300,05,기타도로,새문안로3길
20028,상행,4,1000032600,05,기타도로,새문안로3길
20028,상행,5,1000034500,05,기타도로,새문안로3길
20028,하행,1,1000034400,05,기타도로,새문안로3길
20028,하행,2,1000032500,05,기타도로,새문안로3길
20028,하행,3,1000031200,05,기타도로,새문안로3길
20028,하행,4,1000028200,05,기타도로,새문안로3길
20028,하행,5,1000025200,05,기타도로,새문안로3길
202,상행,1,1000014000,05,기타도로,북촌로
202,상행,2,1000018400,05,기타도로,북촌로
202,하행,1,1000018300,05,기타도로,북촌로
202,하행,2,1000013900,05,기타도로,북촌로
205,상행,1,3201507600,05,기타도로,불광로
205,상행,2,1110013600,05,기타도로,불광로
205,상행,3,1110014800,05,기타도로,불광로
205,하행,1,1110014700,05,기타도로,불광로
205,하행,2,1110013500,05,기타도로,불광로
205,하행,3,3201507700,05,기타도로,불광로
206,상행,1,1110002800,05,기타도로,불광천길
206,하행,1,1110002700,05,기타도로,불광천길
21,상행,1,1220020500,05,기타도로,개포로
21,상행,2,1220018600,05,기타도로,개포로
21,상행,3,1220017200,05,기타도로,개포로
21,상행,4,1220015600,05,기타도로,개포로
21,상행,5,1220013600,05,기타도로,개포로
21,상행,6,1220012000,05,기타도로,개포로
21,상행,7,1220008200,05,기타도로,개포로
21,상행,8,1220007000,05,기타도로,개포로
21,하행,1,1220007100,05,기타도로,개포로
21,하행,2,1220008300,05,기타도로,개포로
21,하행,3,1220012100,05,기타도로,개포로
21,하행,4,1220013700,05,기타도로,개포로
21,하행,5,1220015700,05,기타도로,개포로
21,하행,6,1220017300,05,기타도로,개포로
21,하행,7,1220018700,05,기타도로,개포로
21,하행,8,1220020400,05,기타도로,개포로
211,상행,1,1000010100,05,기타도로,사직로8길
211,상행,2,1000009400,05,기타도로,사직로8길
211,상행,3,1000010000,05,기타도로,사직로8길
211,하행,1,1000009900,05,기타도로,사직로8길
211,하행,2,1000009300,05,기타도로,사직로8길
211,하행,3,1000010200,05,기타도로,사직로8길
214,상행,1,1080010900,05,기타도로,삼각산로
214,상행,2,1080010700,05,기타도로,삼각산로
214,상행,3,1080010500,05,기타도로,삼각산로
214,하행,1,1080010600,05,기타도로,삼각산로
214,하행,2,1080010800,05,기타도로,삼각산로
214,하행,3,1080011000,05,기타도로,삼각산로
215,상행,1,1000007500,05,기타도로,삼봉로
215,하행,1,1000007600,05,기타도로,삼봉로
221,상행,1,1230015300,05,기타도로,삼전로1길
221,하행,1,1230015400,05,기타도로,삼전로1길
223,상행,1,1230014600,05,기타도로,삼학사로
223,상행,2,1230018200,05,기타도로,삼학사로
223,상행,3,1230021600,05,기타도로,삼학사로
223,하행,1,1230021500,05,기타도로,삼학사로
223,하행,2,1230018100,05,기타도로,삼학사로
223,하행,3,1230014500,05,기타도로,삼학사로
224,상행,1,1230013100,05,기타도로,삼학사로1길
224,하행,1,1230013200,05,기타도로,삼학사로1길
225,상행,1,1230011300,05,기타도로,삼학사로2길
225,하행,1,1230011400,05,기타도로,삼학사로2길
229,상행,1,1060014400,05,기타도로,상봉중앙로
229,하행,1,1060014300,05,기타도로,상봉중앙로
23,상행,1,1230011000,05,기타도로,거마로
23,상행,2,1230014000,05,기타도로,거마로
23,하행,1,1230013900,05,기타도로,거마로
23,하행,2,1230010900,05,기타도로,거마로
231,상행,1,1240015800,05,기타도로,상암로61길
231,하행,1,1240015700,05,기타도로,상암로61길
232,상행,1,1240016300,05,기타도로,상암로79길
232,하행,1,1240016400,05,기타도로,상암로79길
234,상행,1,1240020700,05,기타도로,상일로11길
234,하행,1,1240020800,05,기타도로,상일로11길
235,상행,1,3201502000,05,기타도로,새말로
235,상행,2,3201503400,05,기타도로,새말로
235,상행,3,1230048500,05,기타도로,새말로
235,하행,1,1230048400,05,기타도로,새말로
235,하행,2,3201503500,05,기타도로,새말로
235,하행,3,3201502100,05,기타도로,새말로
236,상행,1,1160015500,05,기타도로,새말로20길
236,하행,1,1160015600,05,기타도로,새말로20길
238,상행,1,1000007300,05,기타도로,새문안로5길
238,하행,1,1000007400,05,기타도로,새문안로5길
238,하행,2,1000010600,05,기타도로,새문안로5길
239,상행,1,1020016100,05,기타도로,새창로
239,상행,2,1020014700,05,기타도로,새창로
239,상행,3,1020014300,05,기타도로,새창로
239,상행,4,1020012100,05,기타도로,새창로
239,상행,5,1020010500,05,기타도로,새창로
239,상행,6,1020008300,05,기타도로,새창로
239,하행,1,1020008400,05,기타도로,새창로
239,하행,2,1020010600,05,기타도로,새창로
239,하행,3,1020012200,05,기타도로,새창로
239,하행,4,1020014400,05,기타도로,새창로
239,하행,5,1020014800,05,기타도로,새창로
239,하행,6,1020016200,05,기타도로,새창로
24,상행,1,1120010700,05,기타도로,거북골로
24,상행,2,1120008100,05,기타도로,거북골로
24,상행,3,1120009200,05,기타도로,거북골로
24,상행,4,1120011400,05,기타도로,거북골로
24,하행,1,1120011300,05,기타도로,거북골로
24,하행,2,1120009100,05,기타도로,거북골로
24,하행,3,1120008200,05,기타도로,거북골로
24,하행,4,1120010800,05,기타도로,거북골로
240,상행,1,1130016100,05,기타도로,서강로
240,상행,2,1130013500,05,기타도로,서강로
240,상행,3,1130010300,05,기타도로,서강로
240,하행,1,1130010400,05,기타도로,서강로
240,하행,2,1130013600,05,기타도로,서강로
240,하행,3,1130016200,05,기타도로,서강로
243,상행,1,1020005500,05,기타도로,서빙고로51길
243,하행,1,1020005600,05,기타도로,서빙고로51길
246,상행,1,1210023000,05,기타도로,서운로
246,상행,2,1210020800,05,기타도로,서운로
246,상행,3,1210018600,05,기타도로,서운로
246,상행,4,1210016400,05,기타도로,서운로
246,하행,1,1210016500,05,기타도로,서운로
246,하행,2,1210018700,05,기타도로,서운로
246,하행,3,1210020900,05,기타도로,서운로
246,하행,4,1210023100,05,기타도로,서운로
254,상행,1,1100008300,05,기타도로,석계로
254,하행,1,1100008400,05,기타도로,석계로
255,상행,1,1070019900,05,기타도로,석계로1길
255,하행,1,1070020000,05,기타도로,석계로1길
256,상행,1,1230026900,05,기타도로,석촌호수로
256,상행,2,1230021700,05,기타도로,석촌호수로
256,상행,3,1230020100,05,기타도로,석촌호수로
256,상행,4,1230020400,05,기타도로,석촌호수로
256,상행,5,1230023800,05,기타도로,석촌호수로
256,하행,1,1230023700,05,기타도로,석촌호수로
256,하행,2,1230020300,05,기타도로,석촌호수로
256,하행,3,1230020200,05,기타도로,석촌호수로
256,하행,4,1230021800,05,기타도로,석촌호수로
256,하행,5,1230027000,05,기타도로,석촌호수로
257,상행,1,1220036400,05,기타도로,선릉로
257,상행,2,1220035400,05,기타도로,선릉로
257,상행,3,1220033400,05,기타도로,선릉로
257,상행,4,1220031000,05,기타도로,선릉로
257,상행,5,1220027600,05,기타도로,선릉로
257,상행,6,1220025800,05,기타도로,선릉로
257,상행,7,1220023100,05,기타도로,선릉로
257,상행,8,1220019200,05,기타도로,선릉로
257,상행,9,1220014000,05,기타도로,선릉로
257,상행,10,1220011000,05,기타도로,선릉로
257,상행,11,1220008600,05,기타도로,선릉로
257,상행,12,1220007400,05,기타도로,선릉로
257,하행,1,1220007500,05,기타도로,선릉로
257,하행,2,1220008700,05,기타도로,선릉로
257,하행,3,1220011100,05,기타도로,선릉로
257,하행,4,1220014100,05,기타도로,선릉로
257,하행,5,1220019300,05,기타도로,선릉로
257,하행,6,1220023200,05,기타도로,선릉로
257,하행,7,1220025900,05,기타도로,선릉로
257,하행,8,1220027700,05,기타도로,선릉로
257,하행,9,1220031100,05,기타도로,선릉로
257,하행,10,1220033500,05,기타도로,선릉로
257,하행,11,1220035500,05,기타도로,선릉로
257,하행,12,1220036500,05,기타도로,선릉로
259,상행,1,1180017300,05,기타도로,선유서로
259,상행,2,1180020900,05,기타도로,선유서로
259,상행,3,1180024100,05,기타도로,선유서로
259,상행,4,1180028500,05,기타도로,선유서로
259,하행,1,1180028400,05,기타도로,선유서로
259,하행,2,1180024000,05,기타도로,선유서로
259,하행,3,1180020800,05,기타도로,선유서로
259,하행,4,1180017200,05,기타도로,선유서로
260,상행,1,1100021500,05,기타도로,섬밭로
260,상행,2,1100020100,05,기타도로,섬밭로
260,상행,3,1100018300,05,기타도로,섬밭로
260,상행,4,1100015900,05,기타도로,섬밭로
260,상행,5,1100014300,05,기타도로,섬밭로
260,상행,6,1005002400,05,기타도로,섬밭로
260,상행,7,1100012100,05,기타도로,섬밭로
260,상행,8,1100010200,05,기타도로,섬밭로
260,상행,9,1100008700,05,기타도로,섬밭로
260,하행,1,1100008800,05,기타도로,섬밭로
260,하행,2,1100010100,05,기타도로,섬밭로
260,하행,3,1100012200,05,기타도로,섬밭로
260,하행,4,1005002300,05,기타도로,섬밭로
260,하행,5,1100014400,05,기타도로,섬밭로
260,하행,6,1100016000,05,기타도로,섬밭로
260,하행,7,1100018400,05,기타도로,섬밭로
260,하행,8,1100020200,05,기타도로,섬밭로
260,하행,9,1100021600,05,기타도로,섬밭로
261,상행,1,1000018900,05,기타도로,성균관로
261,하행,1,1000019000,05,기타도로,성균관로
263,상행,1,1240006800,05,기타도로,성내로
263,상행,2,1230036500,05,기타도로,성내로
263,하행,1,1230036400,05,기타도로,성내로
263,하행,2,1240006700,05,기타도로,성내로
264,상행,1,1230012600,05,기타도로,성내천로
264,하행,1,1230012500,05,기타도로,성내천로
265,상행,1,3201504300,05,기타도로,성덕정길
265,상행,2,1030002900,05,기타도로,성덕정길
265,하행,1,1030003000,05,기타도로,성덕정길
265,하행,2,3201504200,05,기타도로,성덕정길
268,상행,1,1030005400,05,기타도로,성수이로
268,상행,2,1030008600,05,기타도로,성수이로
268,하행,1,1030008500,05,기타도로,성수이로
268,하행,2,1030005300,05,기타도로,성수이로
269,상행,1,1030010500,05,기타도로,성수일로
269,상행,2,1030007100,05,기타도로,성수일로
269,하행,1,1030007200,05,기타도로,성수일로
269,하행,2,1030010600,05,기타도로,성수일로
270,상행,1,1230034100,05,기타도로,성안로
270,상행,2,1240007200,05,기타도로,성안로
270,상행,3,1240009000,05,기타도로,성안로
270,상행,4,1240010000,05,기타도로,성안로
270,상행,5,1240012000,05,기타도로,성안로
270,하행,1,1240011900,05,기타도로,성안로
270,하행,2,1240009900,05,기타도로,성안로
270,하행,3,1240008900,05,기타도로,성안로
270,하행,4,1240007100,05,기타도로,성안로
270,하행,5,1230034000,05,기타도로,성안로
272,상행,1,1130023100,05,기타도로,성중길
272,상행,2,1130025400,05,기타도로,성중길
272,하행,1,1130025300,05,기타도로,성중길
272,하행,2,1130023200,05,기타도로,성중길
275,상행,1,1010008400,05,기타도로,세종대로18길
276,상행,1,1010016400,05,기타도로,세종대로20길
277,상행,1,1000004200,05,기타도로,세종대로21길
281,상행,1,1020022600,05,기타도로,소월로3길
281,하행,1,1020022500,05,기타도로,소월로3길
284,상행,1,1080003300,05,기타도로,솔샘로67길
284,하행,1,1080003400,05,기타도로,솔샘로67길
285,상행,1,1000006300,05,기타도로,송월길
285,하행,1,1000006400,05,기타도로,송월길
286,상행,1,1230049900,05,기타도로,송이로
286,상행,2,3201503300,05,기타도로,송이로
286,상행,3,1230007600,05,기타도로,송이로
286,상행,4,1230008200,05,기타도로,송이로
286,상행,5,1230009800,05,기타도로,송이로
286,상행,6,1230012800,05,기타도로,송이로
286,상행,7,1230015200,05,기타도로,송이로
286,상행,8,1230017400,05,기타도로,송이로
286,하행,1,1230017300,05,기타도로,송이로
286,하행,2,1230015100,05,기타도로,송이로
286,하행,3,1230012700,05,기타도로,송이로
286,하행,4,1230009700,05,기타도로,송이로
286,하행,5,1230008100,05,기타도로,송이로
286,하행,6,1230007500,05,기타도로,송이로
286,하행,7,3201503200,05,기타도로,송이로
286,하행,8,1230049800,05,기타도로,송이로
289,상행,1,1230005600,05,기타도로,송파대로4길
289,하행,1,1230005500,05,기타도로,송파대로4길
290,상행,1,1230030400,05,기타도로,송파대로60길
290,상행,2,1230032300,05,기타도로,송파대로60길
291,상행,1,1100034200,05,기타도로,수락산로
291,상행,2,1100035200,05,기타도로,수락산로
291,상행,3,1100035400,05,기타도로,수락산로
291,상행,4,1100035600,05,기타도로,수락산로
291,하행,1,1100035500,05,기타도로,수락산로
291,하행,2,1100035300,05,기타도로,수락산로
291,하행,3,1100035100,05,기타도로,수락산로
291,하행,4,1100034100,05,기타도로,수락산로
30,하행,1,1000008200,05,기타도로,경희궁길
301,하행,1,1140012700,05,기타도로,신목로7길
303,상행,1,1200011100,05,기타도로,신사로
303,상행,2,1200010700,05,기타도로,신사로
303,상행,3,1200009100,05,기타도로,신사로
303,상행,4,1200007700,05,기타도로,신사로
303,하행,1,1200007800,05,기타도로,신사로
303,하행,2,1200009200,05,기타도로,신사로
303,하행,3,1200010800,05,기타도로,신사로
303,하행,4,1200011200,05,기타도로,신사로
305,상행,1,1050021200,05,기타도로,신이문로
305,하행,1,1050021100,05,기타도로,신이문로
307,상행,1,1140022500,05,기타도로,신정중앙로
307,하행,1,1140022600,05,기타도로,신정중앙로
315,상행,1,1240025400,05,기타도로,아리수로50길
315,상행,2,1240026000,05,기타도로,아리수로50길
315,하행,1,1240025900,05,기타도로,아리수로50길
315,하행,2,1240025300,05,기타도로,아리수로50길
316,상행,1,1240027500,05,기타도로,아리수로82길
316,하행,1,1240027600,05,기타도로,아리수로82길
318,상행,1,1040010900,05,기타도로,아차산로70길
318,하행,1,1040010800,05,기타도로,아차산로70길
32,상행,1,1240022400,05,기타도로,고덕로55길
32,상행,2,1240024400,05,기타도로,고덕로55길
32,하행,1,1240024300,05,기타도로,고덕로55길
32,하행,2,1240022300,05,기타도로,고덕로55길
322,상행,1,1050014200,05,기타도로,약령시로
322,상행,2,1050013900,05,기타도로,약령시로
322,상행,3,1050013700,05,기타도로,약령시로
322,상행,4,1050013500,05,기타도로,약령시로
322,하행,1,1050013600,05,기타도로,약령시로
322,하행,2,1050013800,05,기타도로,약령시로
322,하행,3,1050014000,05,기타도로,약령시로
322,하행,4,1050014100,05,기타도로,약령시로
325,상행,1,1180026300,05,기타도로,양산로(영등포)
325,상행,2,1180027300,05,기타도로,양산로(영등포)
325,상행,3,1180028700,05,기타도로,양산로(영등포)
325,상행,4,1180029500,05,기타도로,양산로(영등포)
325,하행,1,1180029400,05,기타도로,양산로(영등포)
325,하행,2,1180028600,05,기타도로,양산로(영등포)
325,하행,3,1180027200,05,기타도로,양산로(영등포)
325,하행,4,1180026200,05,기타도로,양산로(영등포)
326,상행,1,1060015500,05,기타도로,양원역로
326,하행,1,1060015600,05,기타도로,양원역로
328,상행,1,1240023700,05,기타도로,양재대로156길
328,상행,2,1240023400,05,기타도로,양재대로156길
328,하행,1,1240023300,05,기타도로,양재대로156길
328,하행,2,1240023800,05,기타도로,양재대로156길
329,상행,1,1220017500,05,기타도로,양재대로55길
329,하행,1,1220017400,05,기타도로,양재대로55길
33,상행,1,1240023200,05,기타도로,고덕로61길
33,상행,2,1240025000,05,기타도로,고덕로61길
33,상행,3,1240026800,05,기타도로,고덕로61길
33,하행,1,1240026700,05,기타도로,고덕로61길
33,하행,2,1240024900,05,기타도로,고덕로61길
33,하행,3,1240023100,05,기타도로,고덕로61길
330,상행,1,1210010100,05,기타도로,양재천로
330,상행,2,1210011500,05,기타도로,양재천로
330,상행,3,1220007900,05,기타도로,양재천로
330,상행,4,1220009900,05,기타도로,양재천로
330,상행,5,1220011700,05,기타도로,양재천로
330,상행,6,1220016900,05,기타도로,양재천로
330,하행,1,1220016800,05,기타도로,양재천로
330,하행,2,1220015200,05,기타도로,양재천로
330,하행,3,1220011600,05,기타도로,양재천로
330,하행,4,1220009800,05,기타도로,양재천로
330,하행,5,1220007800,05,기타도로,양재천로
330,하행,6,1210011400,05,기타도로,양재천로
330,하행,7,1210010000,05,기타도로,양재천로
332,상행,1,1150020000,05,기타도로,양천로27길
332,하행,1,1150020100,05,기타도로,양천로27길
333,상행,1,1150017300,05,기타도로,양천로55길
333,하행,1,1150017200,05,기타도로,양천로55길
334,상행,1,1150016100,05,기타도로,양천로57길
334,하행,1,1150016000,05,기타도로,양천로57길
335,상행,1,1150014000,05,기타도로,양천로59길
335,하행,1,1150014100,05,기타도로,양천로59길
336,상행,1,1150012800,05,기타도로,양천로61길
336,하행,1,1150012900,05,기타도로,양천로61길
34,상행,1,1240019500,05,기타도로,고덕로62길
34,하행,1,1240019600,05,기타도로,고덕로62길
340,상행,1,3201505300,05,기타도로,여의나루로
340,상행,2,3201505100,05,기타도로,여의나루로
340,상행,3,3201506300,05,기타도로,여의나루로
340,하행,1,3201506200,05,기타도로,여의나루로
340,하행,2,3201505000,05,기타도로,여의나루로
340,하행,3,3201505200,05,기타도로,여의나루로
341,상행,1,1180001800,05,기타도로,여의대로
341,상행,2,1180002000,05,기타도로,여의대로
341,상행,3,1180002400,05,기타도로,여의대로
341,상행,4,1180002600,05,기타도로,여의대로
341,하행,1,1180002500,05,기타도로,여의대로
341,하행,2,1180002300,05,기타도로,여의대로
341,하행,3,1180001900,05,기타도로,여의대로
341,하행,4,1180001700,05,기타도로,여의대로
345,상행,1,1110010800,05,기타도로,역말로
345,상행,2,1110011000,05,기타도로,역말로
345,상행,3,1110012800,05,기타도로,역말로
345,하행,1,1110012700,05,기타도로,역말로
345,하행,2,1110010900,05,기타도로,역말로
345,하행,3,1110010700,05,기타도로,역말로
347,상행,1,1130019300,05,기타도로,연남로
347,상행,2,1130021600,05,기타도로,연남로
347,하행,1,1130021500,05,기타도로,연남로
347,하행,2,1130019400,05,기타도로,연남로
349,상행,1,1110015700,05,기타도로,연서로48길
349,하행,1,1110015800,05,기타도로,연서로48길
35,상행,1,1240025200,05,기타도로,고덕로79길
35,상행,2,1240027200,05,기타도로,고덕로79길
35,하행,1,1240027100,05,기타도로,고덕로79길
35,하행,2,1240025100,05,기타도로,고덕로79길
350,상행,1,1120003300,05,기타도로,연세로
350,상행,2,1130017700,05,기타도로,연세로
350,하행,1,1130017800,05,기타도로,연세로
350,하행,2,1120003400,05,기타도로,연세로
352,상행,1,1130021300,05,기타도로,연희맛로
352,하행,1,1130021400,05,기타도로,연희맛로
356,상행,1,1180037200,05,기타도로,영신로
356,상행,2,1180032400,05,기타도로,영신로
356,상행,3,1180029000,05,기타도로,영신로
356,상행,4,1180024400,05,기타도로,영신로
356,상행,5,1180021400,05,기타도로,영신로
356,상행,6,1180016000,05,기타도로,영신로
356,하행,1,1180016100,05,기타도로,영신로
356,하행,2,1180021500,05,기타도로,영신로
356,하행,3,1180024500,05,기타도로,영신로
356,하행,4,1180029100,05,기타도로,영신로
356,하행,5,1180032500,05,기타도로,영신로
356,하행,6,1180037300,05,기타도로,영신로
359,상행,1,1160007900,05,기타도로,오류로
359,하행,1,1160008000,05,기타도로,오류로
36,상행,1,1240019400,05,기타도로,고덕로80길
36,상행,2,1240022000,05,기타도로,고덕로80길
36,하행,1,1240021900,05,기타도로,고덕로80길
36,하행,2,1240019300,05,기타도로,고덕로80길
366,상행,1,1240015500,05,기타도로,올림픽로92길
366,하행,1,1240015600,05,기타도로,올림픽로92길
367,상행,1,1240018800,05,기타도로,올림픽로98길
367,하행,1,1240018700,05,기타도로,올림픽로98길
368,상행,1,1130013200,05,기타도로,와우산로
368,상행,2,1130014600,05,기타도로,와우산로
368,상행,3,1130015400,05,기타도로,와우산로
368,상행,4,1130017400,05,기타도로,와우산로
368,하행,1,1130017300,05,기타도로,와우산로
368,하행,2,1130015300,05,기타도로,와우산로
368,하행,3,1130014500,05,기타도로,와우산로
368,하행,4,1130013100,05,기타도로,와우산로
374,상행,1,1210000400,05,기타도로,우면산로
374,상행,2,1210008900,05,기타도로,우면산로
374,하행,1,1210008800,05,기타도로,우면산로
374,하행,2,1210000300,05,기타도로,우면산로
375,상행,1,1150011600,05,기타도로,우장산로
375,하행,1,1150011700,05,기타도로,우장산로
38,상행,1,1160013200,05,기타도로,고척로
38,상행,2,1160015400,05,기타도로,고척로
38,하행,1,1160015300,05,기타도로,고척로
38,하행,2,1160013100,05,기타도로,고척로
387,상행,1,1010014500,05,기타도로,을지로45길
387,하행,1,1010014600,05,기타도로,을지로45길
391,상행,1,1020006500,05,기타도로,이촌로
391,상행,2,1005002500,05,기타도로,이촌로
391,상행,3,1020004300,05,기타도로,이촌로
391,상행,4,1020003900,05,기타도로,이촌로
391,상행,5,1020003100,05,기타도로,이촌로
391,상행,6,1020002500,05,기타도로,이촌로
391,상행,7,1020002400,05,기타도로,이촌로
391,하행,1,1020002300,05,기타도로,이촌로
391,하행,2,1020002600,05,기타도로,이촌로
391,하행,3,1020003200,05,기타도로,이촌로
391,하행,4,1020004000,05,기타도로,이촌로
391,하행,5,1020004400,05,기타도로,이촌로
391,하행,6,1020006600,05,기타도로,이촌로
392,상행,1,1020002900,05,기타도로,이촌로46길
392,하행,1,1020003000,05,기타도로,이촌로46길
393,상행,1,1020004700,05,기타도로,이촌로51길
393,하행,1,1020004800,05,기타도로,이촌로51길
399,상행,1,1070003200,05,기타도로,인촌로24길
4,상행,1,1150008400,05,기타도로,가로공원로76길
4,하행,1,1150008500,05,기타도로,가로공원로76길
40,상행,1,1100022900,05,기타도로,공릉로
40,상행,2,1100020900,05,기타도로,공릉로
40,상행,3,1100019300,05,기타도로,공릉로
40,상행,4,1100017300,05,기타도로,공릉로
40,상행,5,1100015800,05,기타도로,공릉로
40,상행,6,1100014700,05,기타도로,공릉로
40,상행,7,1100012700,05,기타도로,공릉로
40,상행,8,1100011700,05,기타도로,공릉로
40,상행,9,1100010500,05,기타도로,공릉로
40,상행,10,1100009300,05,기타도로,공릉로
40,상행,11,1060021100,05,기타도로,공릉로
40,상행,12,1060018900,05,기타도로,공릉로
40,하행,1,1060019000,05,기타도로,공릉로
40,하행,2,1060021200,05,기타도로,공릉로
40,하행,3,1100009400,05,기타도로,공릉로
40,하행,4,1100010600,05,기타도로,공릉로
40,하행,5,1100011800,05,기타도로,공릉로
40,하행,6,1100012800,05,기타도로,공릉로
40,하행,7,1100014800,05,기타도로,공릉로
40,하행,8,1100015700,05,기타도로,공릉로
40,하행,9,1100017400,05,기타도로,공릉로
40,하행,10,1100019400,05,기타도로,공릉로
40,하행,11,1100021000,05,기타도로,공릉로
40,하행,12,1100023000,05,기타도로,공릉로
400,상행,1,1070005000,05,기타도로,인촌로7길
400,상행,2,1070006000,05,기타도로,인촌로7길
400,하행,1,1070005900,05,기타도로,인촌로7길
400,하행,2,1070004900,05,기타도로,인촌로7길
401,상행,1,1070002700,05,기타도로,인촌로8길
401,하행,1,1070002800,05,기타도로,인촌로8길
402,상행,1,1220017800,05,기타도로,일원로
402,상행,2,1220014800,05,기타도로,일원로
402,상행,3,1220010800,05,기타도로,일원로
402,하행,1,1220010900,05,기타도로,일원로
402,하행,2,1220014900,05,기타도로,일원로
402,하행,3,1220017900,05,기타도로,일원로
404,상행,1,1040007200,05,기타도로,자양번영로
404,상행,2,1040005600,05,기타도로,자양번영로
404,하행,1,1040005700,05,기타도로,자양번영로
404,하행,2,1040007300,05,기타도로,자양번영로
407,상행,1,1130017900,05,기타도로,잔다리로
407,상행,2,1130015700,05,기타도로,잔다리로
407,상행,3,1130013700,05,기타도로,잔다리로
407,하행,1,1130013800,05,기타도로,잔다리로
407,하행,2,1130015800,05,기타도로,잔다리로
407,하행,3,1130018000,05,기타도로,잔다리로
409,상행,1,1230027500,05,기타도로,잠실로
409,상행,2,1230024100,05,기타도로,잠실로
409,상행,3,1230023100,05,기타도로,잠실로
409,상행,4,1230023600,05,기타도로,잠실로
409,상행,5,1230026000,05,기타도로,잠실로
409,하행,1,1230025900,05,기타도로,잠실로
409,하행,2,1230023500,05,기타도로,잠실로
409,하행,3,1230023200,05,기타도로,잠실로
409,하행,4,1230024200,05,기타도로,잠실로
409,하행,5,1230027600,05,기타도로,잠실로
411,상행,1,1020006700,05,기타도로,장문로
411,하행,1,1020006800,05,기타도로,장문로
413,상행,1,1050004200,05,기타도로,장안벚꽃로
413,상행,2,1050010400,05,기타도로,장안벚꽃로
413,상행,3,1050013400,05,기타도로,장안벚꽃로
413,하행,1,1050013300,05,기타도로,장안벚꽃로
413,하행,2,1050010300,05,기타도로,장안벚꽃로
413,하행,3,1050004100,05,기타도로,장안벚꽃로
414,상행,1,1070018800,05,기타도로,장위로
414,상행,2,1070018600,05,기타도로,장위로
414,상행,3,1070019800,05,기타도로,장위로
414,하행,1,1070019700,05,기타도로,장위로
414,하행,2,1070018500,05,기타도로,장위로
414,하행,3,1070018700,05,기타도로,장위로
416,상행,1,1050004400,05,기타도로,장한로
416,상행,2,1050009600,05,기타도로,장한로
416,하행,1,1050009500,05,기타도로,장한로
416,하행,2,1050004300,05,기타도로,장한로
418,상행,1,1010015100,05,기타도로,정동길
418,하행,1,1010015200,05,기타도로,정동길
420,상행,1,1050012400,05,기타도로,정릉천동로
420,상행,2,1050014800,05,기타도로,정릉천동로
420,하행,1,1050014700,05,기타도로,정릉천동로
420,하행,2,1050012300,05,기타도로,정릉천동로
425,상행,1,1200005200,05,기타도로,조원중앙로
425,상행,2,1200007600,05,기타도로,조원중앙로
425,하행,1,1200007500,05,기타도로,조원중앙로
425,하행,2,1200005100,05,기타도로,조원중앙로
426,상행,1,2270010500,05,기타도로,조정대로
426,상행,2,1240002800,05,기타도로,조정대로
426,하행,1,1240002700,05,기타도로,조정대로
426,하행,2,2270010400,05,기타도로,조정대로
428,상행,1,1000008500,05,기타도로,종로1길
428,상행,2,1000011200,05,기타도로,종로1길
428,하행,1,1000011100,05,기타도로,종로1길
428,하행,2,1000008600,05,기타도로,종로1길
43,상행,1,1150013500,05,기타도로,공항대로41길
43,상행,2,1150015700,05,기타도로,공항대로41길
43,하행,1,1150015600,05,기타도로,공항대로41길
43,하행,2,1150013400,05,기타도로,공항대로41길
430,상행,1,1005001200,05,기타도로,종암로30길
431,상행,1,1100027300,05,기타도로,중계로
431,상행,2,1100027100,05,기타도로,중계로
431,상행,3,1100026300,05,기타도로,중계로
431,상행,4,1100024500,05,기타도로,중계로
431,상행,5,1100022500,05,기타도로,중계로
431,상행,6,1100020700,05,기타도로,중계로
431,상행,7,1100017900,05,기타도로,중계로
431,하행,1,1100018000,05,기타도로,중계로
431,하행,2,1100020800,05,기타도로,중계로
431,하행,3,1100022600,05,기타도로,중계로
431,하행,4,1100024600,05,기타도로,중계로
431,하행,5,1100026400,05,기타도로,중계로
431,하행,6,1100027200,05,기타도로,중계로
431,하행,7,1100027400,05,기타도로,중계로
434,상행,1,1060020100,05,기타도로,중랑역로
434,상행,2,1060018500,05,기타도로,중랑역로
434,상행,3,1060017700,05,기타도로,중랑역로
434,상행,4,1060016700,05,기타도로,중랑역로
434,상행,5,1060015700,05,기타도로,중랑역로
434,상행,6,1060014500,05,기타도로,중랑역로
434,상행,7,3201501300,05,기타도로,중랑역로
434,하행,1,3201501200,05,기타도로,중랑역로
434,하행,2,1060014600,05,기타도로,중랑역로
434,하행,3,1060015800,05,기타도로,중랑역로
434,하행,4,1060016800,05,기타도로,중랑역로
434,하행,5,1060017800,05,기타도로,중랑역로
434,하행,6,1060018600,05,기타도로,중랑역로
434,하행,7,1060020200,05,기타도로,중랑역로
435,상행,1,1060011200,05,기타도로,중랑천로
435,상행,2,1060013800,05,기타도로,중랑천로
435,상행,3,1060017600,05,기타도로,중랑천로
435,하행,1,1060017500,05,기타도로,중랑천로
435,하행,2,1060013700,05,기타도로,중랑천로
435,하행,3,1060011100,05,기타도로,중랑천로
436,상행,1,1010003100,05,기타도로,중림로
436,하행,1,1010003200,05,기타도로,중림로
44,상행,1,1150012000,05,기타도로,공항대로59길
44,하행,1,1150012100,05,기타도로,공항대로59길
443,상행,1,1110015400,05,기타도로,진관2로
443,하행,1,1110015300,05,기타도로,진관2로
444,상행,1,1240010500,05,기타도로,진황도로
444,상행,2,1240009500,05,기타도로,진황도로
444,상행,3,1240008700,05,기타도로,진황도로
444,상행,4,1240006900,05,기타도로,진황도로
444,상행,5,1240005700,05,기타도로,진황도로
444,하행,1,1240005800,05,기타도로,진황도로
444,하행,2,1240007000,05,기타도로,진황도로
444,하행,3,1240008800,05,기타도로,진황도로
444,하행,4,1240009600,05,기타도로,진황도로
444,하행,5,1240010600,05,기타도로,진황도로
448,상행,1,1130013900,05,기타도로,창전로
448,상행,2,1130012900,05,기타도로,창전로
448,상행,3,1130011300,05,기타도로,창전로
448,상행,4,1130009700,05,기타도로,창전로
448,하행,1,1130009800,05,기타도로,창전로
448,하행,2,1130011400,05,기타도로,창전로
448,하행,3,1130013000,05,기타도로,창전로
448,하행,4,1130014000,05,기타도로,창전로
449,상행,1,1240013900,05,기타도로,천중로
449,상행,2,1240013100,05,기타도로,천중로
449,상행,3,1240011700,05,기타도로,천중로
449,상행,4,1240011300,05,기타도로,천중로
449,하행,1,1240011400,05,기타도로,천중로
449,하행,2,1240011800,05,기타도로,천중로
449,하행,3,1240013200,05,기타도로,천중로
449,하행,4,1240014000,05,기타도로,천중로
45,상행,1,1210008100,05,기타도로,과천대로
45,하행,1,1210008000,05,기타도로,과천대로
451,상행,1,1240010700,05,기타도로,천호대로157길
452,상행,1,1240013400,05,기타도로,천호대로213길
452,하행,1,1240013300,05,기타도로,천호대로213길
453,상행,1,1230036600,05,기타도로,천호옛길
453,상행,2,1240009400,05,기타도로,천호옛길
453,하행,1,1240009300,05,기타도로,천호옛길
453,하행,2,1230036700,05,기타도로,천호옛길
457,상행,1,1020018500,05,기타도로,청파로47길
457,하행,1,1020018600,05,기타도로,청파로47길
459,상행,1,1150018200,05,기타도로,초원로
459,상행,2,1150018000,05,기타도로,초원로
459,하행,1,1150018100,05,기타도로,초원로
459,하행,2,1150018300,05,기타도로,초원로
465,상행,1,1230029500,05,기타도로,탄천동로
465,상행,2,1230026500,05,기타도로,탄천동로
465,상행,3,1230016700,05,기타도로,탄천동로
465,상행,4,1230013600,05,기타도로,탄천동로
465,상행,5,1230009100,05,기타도로,탄천동로
465,상행,6,1230005900,05,기타도로,탄천동로
465,상행,7,1230251600,05,기타도로,탄천동로
465,하행,1,1230251500,05,기타도로,탄천동로
465,하행,2,1230006000,05,기타도로,탄천동로
465,하행,3,1230009200,05,기타도로,탄천동로
465,하행,4,1230013500,05,기타도로,탄천동로
465,하행,5,1230016800,05,기타도로,탄천동로
465,하행,6,1230026600,05,기타도로,탄천동로
465,하행,7,1230029600,05,기타도로,탄천동로
467,상행,1,1210007500,05,기타도로,태봉로
467,하행,1,1210007400,05,기타도로,태봉로
469,상행,1,1220028400,05,기타도로,테헤란로114길
469,하행,1,1220028500,05,기타도로,테헤란로114길
475,상행,1,1240006200,05,기타도로,풍성로
475,상행,2,1240006400,05,기타도로,풍성로
475,상행,3,1240006600,05,기타도로,풍성로
475,상행,4,1240007800,05,기타도로,풍성로
475,상행,5,1240008000,05,기타도로,풍성로
475,상행,6,1240009200,05,기타도로,풍성로
475,상행,7,3201502200,05,기타도로,풍성로
475,하행,1,3201502300,05,기타도로,풍성로
475,하행,2,1240009100,05,기타도로,풍성로
475,하행,3,1240007900,05,기타도로,풍성로
475,하행,4,1240007700,05,기타도로,풍성로
475,하행,5,1240006500,05,기타도로,풍성로
475,하행,6,1240006300,05,기타도로,풍성로
475,하행,7,1240006100,05,기타도로,풍성로
476,상행,1,1130024100,05,기타도로,하늘공원로
476,하행,1,1130024200,05,기타도로,하늘공원로
477,상행,1,1150014800,05,기타도로,하늘길
477,하행,1,1150014900,05,기타도로,하늘길
48,상행,1,1040008900,05,기타도로,광나루로56길
48,하행,1,1040008800,05,기타도로,광나루로56길
480,상행,1,1230028500,05,기타도로,한가람로
480,상행,2,1230029000,05,기타도로,한가람로
480,상행,3,1230030600,05,기타도로,한가람로
480,상행,4,3201502900,05,기타도로,한가람로
480,상행,5,3201502700,05,기타도로,한가람로
480,하행,1,3201502600,05,기타도로,한가람로
480,하행,2,3201502800,05,기타도로,한가람로
480,하행,3,1230030500,05,기타도로,한가람로
480,하행,4,1230028900,05,기타도로,한가람로
480,하행,5,1230028600,05,기타도로,한가람로
482,상행,1,1020016400,05,기타도로,한강대로77길
482,하행,1,1020016300,05,기타도로,한강대로77길
487,상행,1,1050021800,05,기타도로,한천로66길
487,상행,2,1070015600,05,기타도로,한천로66길
487,상행,3,1070018200,05,기타도로,한천로66길
487,하행,1,1070018100,05,기타도로,한천로66길
487,하행,2,1070015500,05,기타도로,한천로66길
487,하행,3,1050021700,05,기타도로,한천로66길
49,상행,1,1070021200,05,기타도로,광운로
49,상행,2,1100011000,05,기타도로,광운로
49,하행,1,1100010900,05,기타도로,광운로
49,하행,2,1070021100,05,기타도로,광운로
490,상행,1,1150013900,05,기타도로,허준로
490,상행,2,1150015500,05,기타도로,허준로
490,상행,3,1150016300,05,기타도로,허준로
490,상행,4,1150017500,05,기타도로,허준로
490,상행,5,1150018500,05,기타도로,허준로
490,하행,1,1150018400,05,기타도로,허준로
490,하행,2,1150017400,05,기타도로,허준로
490,하행,3,1150016200,05,기타도로,허준로
490,하행,4,1150015400,05,기타도로,허준로
490,하행,5,1150013800,05,기타도로,허준로
493,상행,1,1000019200,05,기타도로,혜화로
493,상행,2,1000020000,05,기타도로,혜화로
493,하행,1,1000019900,05,기타도로,혜화로
493,하행,2,1000019100,05,기타도로,혜화로
495,상행,1,1050013200,05,기타도로,홍릉로
495,상행,2,1050015200,05,기타도로,홍릉로
495,상행,3,1050016800,05,기타도로,홍릉로
495,하행,1,1050016700,05,기타도로,홍릉로
495,하행,2,1050015100,05,기타도로,홍릉로
495,하행,3,1050013100,05,기타도로,홍릉로
497,상행,1,1120006000,05,기타도로,홍제천로
497,상행,2,1120007600,05,기타도로,홍제천로
497,상행,3,1120009400,05,기타도로,홍제천로
497,하행,1,1120005900,05,기타도로,홍제천로
498,상행,1,1080006400,05,기타도로,화계사길
498,하행,1,1080006300,05,기타도로,화계사길
501,상행,1,1050021400,05,기타도로,화랑로32길
501,하행,1,1050021300,05,기타도로,화랑로32길
503,상행,1,1050020300,05,기타도로,회기로5길
503,하행,1,1050020400,05,기타도로,회기로5길
506,상행,1,1020016700,05,기타도로,효창원로
506,상행,2,1020013700,05,기타도로,효창원로
506,상행,3,1020012700,05,기타도로,효창원로
506,상행,4,1020011700,05,기타도로,효창원로
506,하행,1,1020011800,05,기타도로,효창원로
506,하행,2,1020012800,05,기타도로,효창원로
506,하행,3,1020013800,05,기타도로,효창원로
506,하행,4,1020016800,05,기타도로,효창원로
508,상행,1,1050020100,05,기타도로,휘경로
508,상행,2,1050019700,05,기타도로,휘경로
508,하행,1,1050019800,05,기타도로,휘경로
508,하행,2,1050020200,05,기타도로,휘경로
509,상행,1,1130016400,05,기타도로,희우정로
509,하행,1,1130016300,05,기타도로,희우정로
518,상행,1,3201503700,05,기타도로,바우뫼로
518,상행,2,3201504500,05,기타도로,바우뫼로
518,상행,3,3201504100,05,기타도로,바우뫼로
518,상행,4,3201503900,05,기타도로,바우뫼로
518,하행,1,3201503800,05,기타도로,바우뫼로
518,하행,2,3201504000,05,기타도로,바우뫼로
518,하행,3,3201504400,05,기타도로,바우뫼로
518,하행,4,3201503600,05,기타도로,바우뫼로
519,상행,1,2120005800,05,기타도로,오정로
519,상행,2,3201506700,05,기타도로,오정로
519,상행,3,2120006200,05,기타도로,오정로
519,상행,4,2120006301,05,기타도로,오정로
519,상행,5,2120006302,05,기타도로,오정로
519,상행,6,2120006600,05,기타도로,오정로
519,상행,7,2120006800,05,기타도로,오정로
519,상행,8,3201506500,05,기타도로,오정로
519,하행,1,3201506400,05,기타도로,오정로
519,하행,2,2120006700,05,기타도로,오정로
519,하행,3,2120006500,05,기타도로,오정로
519,하행,4,2120006402,05,기타도로,오정로
519,하행,5,2120006401,05,기타도로,오정로
519,하행,6,2120006100,05,기타도로,오정로
519,하행,7,3201506600,05,기타도로,오정로
519,하행,8,2120005700,05,기타도로,오정로
520,상행,1,3201502500,05,기타도로,토성로
520,하행,1,3201502400,05,기타도로,토성로
521,상행,1,3201505900,05,기타도로,은평터널로
521,상행,2,3201505700,05,기타도로,은평터널로
521,상행,3,3201507100,05,기타도로,은평터널로
521,하행,1,3201507000,05,기타도로,은평터널로
521,하행,2,3201505600,05,기타도로,은평터널로
521,하행,3,3201505800,05,기타도로,은평터널로
522,상행,1,3201500900,05,기타도로,도당로13길
522,상행,2,3201501100,05,기타도로,도당로13길
522,하행,1,3201501000,05,기타도로,도당로13길
522,하행,2,3201500800,05,기타도로,도당로13길
523,상행,1,3201501700,05,기타도로,망우로36길
523,하행,1,3201501600,05,기타도로,망우로36길
524,상행,1,3201501500,05,기타도로,면목로91길
524,하행,1,3201501400,05,기타도로,면목로91길
525,상행,1,3201503000,05,기타도로,올림픽로43길
525,상행,2,3201501800,05,기타도로,올림픽로43길
525,하행,1,3201501900,05,기타도로,올림픽로43길
525,하행,2,3201503100,05,기타도로,올림픽로43길
526,상행,1,3201508600,05,기타도로,시흥대로73길
526,하행,1,3201508700,05,기타도로,시흥대로73길
527,상행,1,3201507500,05,기타도로,수색로6길
527,하행,1,3201507400,05,기타도로,수색로6길
53,상행,1,1040007600,05,기타도로,구의강변로
53,하행,1,1040007700,05,기타도로,구의강변로
538,상행,1,1220043900,05,기타도로,자곡로
538,하행,1,1220043800,05,기타도로,자곡로
540,상행,1,1120036100,05,기타도로,가재울미래로
540,하행,1,1120036200,05,기타도로,가재울미래로
541,상행,1,1150086600,05,기타도로,마곡중앙5로
541,하행,1,1150086700,05,기타도로,마곡중앙5로
545,상행,1,1230441501,05,기타도로,위례서로
545,상행,2,1230223300,05,기타도로,위례서로
545,상행,3,1230222600,05,기타도로,위례서로
545,상행,4,1230222200,05,기타도로,위례서로
545,상행,5,2040185600,05,기타도로,위례서로
545,상행,6,2040185400,05,기타도로,위례서로
545,상행,7,2040185000,05,기타도로,위례서로
545,상행,8,2040184800,05,기타도로,위례서로
545,하행,1,2040184900,05,기타도로,위례서로
545,하행,2,2040185100,05,기타도로,위례서로
545,하행,3,2040185500,05,기타도로,위례서로
545,하행,4,2040185800,05,기타도로,위례서로
545,하행,5,1230222400,05,기타도로,위례서로
545,하행,6,1230222800,05,기타도로,위례서로
545,하행,7,1230223600,05,기타도로,위례서로
545,하행,8,1230441601,05,기타도로,위례서로
547,상행,1,1230221800,05,기타도로,위례중앙로
547,상행,2,1230223000,05,기타도로,위례중앙로
547,상행,3,1230223900,05,기타도로,위례중앙로
547,상행,4,1230229500,05,기타도로,위례중앙로
547,상행,5,2270208400,05,기타도로,위례중앙로
547,하행,1,2270208300,05,기타도로,위례중앙로
547,하행,2,1230229600,05,기타도로,위례중앙로
547,하행,3,1230224000,05,기타도로,위례중앙로
547,하행,4,1230223100,05,기타도로,위례중앙로
547,하행,5,1230221700,05,기타도로,위례중앙로
548,상행,1,1230234200,05,기타도로,위례순환로
548,상행,2,1230232900,05,기타도로,위례순환로
548,상행,3,1230229900,05,기타도로,위례순환로
548,상행,4,1230224500,05,기타도로,위례순환로
548,하행,1,1230224600,05,기타도로,위례순환로
548,하행,2,1230230000,05,기타도로,위례순환로
548,하행,3,1230233000,05,기타도로,위례순환로
548,하행,4,1230234300,05,기타도로,위례순환로
56,상행,1,1180019900,05,기타도로,국제금융로
56,상행,2,1180023100,05,기타도로,국제금융로
56,상행,3,1180026700,05,기타도로,국제금융로
56,상행,4,1180030300,05,기타도로,국제금융로
56,하행,1,1180030200,05,기타도로,국제금융로
56,하행,2,1180026600,05,기타도로,국제금융로
56,하행,3,1180023000,05,기타도로,국제금융로
56,하행,4,1180019800,05,기타도로,국제금융로
59,상행,1,1150017900,05,기타도로,금낭화로
59,상행,2,1150018900,05,기타도로,금낭화로
59,상행,3,1150019700,05,기타도로,금낭화로
59,상행,4,1150020500,05,기타도로,금낭화로
59,상행,5,1150021300,05,기타도로,금낭화로
59,상행,6,1150021900,05,기타도로,금낭화로
59,상행,7,1150022100,05,기타도로,금낭화로
59,하행,1,1150022000,05,기타도로,금낭화로
59,하행,2,1150021800,05,기타도로,금낭화로
59,하행,3,1150021200,05,기타도로,금낭화로
59,하행,4,1150020400,05,기타도로,금낭화로
59,하행,5,1150019600,05,기타도로,금낭화로
59,하행,6,1150018800,05,기타도로,금낭화로
59,하행,7,1150017800,05,기타도로,금낭화로
6,상행,1,1170010900,05,기타도로,가산디지털1로
6,상행,2,1170010300,05,기타도로,가산디지털1로
6,상행,3,1170009100,05,기타도로,가산디지털1로
6,상행,4,1170006900,05,기타도로,가산디지털1로
6,상행,5,1170005700,05,기타도로,가산디지털1로
6,상행,6,1170004100,05,기타도로,가산디지털1로
6,하행,1,1170004200,05,기타도로,가산디지털1로
6,하행,2,1170005800,05,기타도로,가산디지털1로
6,하행,3,1170007000,05,기타도로,가산디지털1로
6,하행,4,1170009200,05,기타도로,가산디지털1로
6,하행,5,1170010400,05,기타도로,가산디지털1로
6,하행,6,1170011000,05,기타도로,가산디지털1로
60,상행,1,1150021600,05,기타도로,금낭화로23길
60,하행,1,1150021700,05,기타도로,금낭화로23길
65,상행,1,1040015000,05,기타도로,긴고랑로
65,상행,2,1040015900,05,기타도로,긴고랑로
65,상행,3,1040016100,05,기타도로,긴고랑로
65,상행,4,1040016300,05,기타도로,긴고랑로
65,하행,1,1040016200,05,기타도로,긴고랑로
65,하행,2,1040016000,05,기타도로,긴고랑로
65,하행,3,1040015800,05,기타도로,긴고랑로
65,하행,4,1040015100,05,기타도로,긴고랑로
66,상행,1,1150004800,05,기타도로,김포대로
66,상행,2,1150005200,05,기타도로,김포대로
66,하행,1,1150005100,05,기타도로,김포대로
66,하행,2,1150004700,05,기타도로,김포대로
67,상행,1,1150010400,05,기타도로,까치산로
67,하행,1,1150010500,05,기타도로,까치산로
68,상행,1,1210029400,05,기타도로,나루터로
68,상행,2,1210029700,05,기타도로,나루터로
68,하행,1,1210029600,05,기타도로,나루터로
68,하행,2,1210029500,05,기타도로,나루터로
69,상행,1,1200001100,05,기타도로,낙성대로
69,하행,1,1200001200,05,기타도로,낙성대로
7,상행,1,1170005400,05,기타도로,가산디지털2로
7,상행,2,1170006800,05,기타도로,가산디지털2로
7,상행,3,1170008800,05,기타도로,가산디지털2로
7,상행,4,1170010200,05,기타도로,가산디지털2로
7,상행,5,1170010800,05,기타도로,가산디지털2로
7,하행,1,1170010700,05,기타도로,가산디지털2로
7,하행,2,1170010100,05,기타도로,가산디지털2로
7,하행,3,1170008700,05,기타도로,가산디지털2로
7,하행,4,1170006700,05,기타도로,가산디지털2로
7,하행,5,1170005300,05,기타도로,가산디지털2로
73,상행,1,1010009100,05,기타도로,남대문로7길
73,하행,1,1010009200,05,기타도로,남대문로7길
75,상행,1,1140013800,05,기타도로,남부순환로72길
75,하행,1,1140013700,05,기타도로,남부순환로72길
82,상행,1,1190005400,05,기타도로,노량진로23길
82,하행,1,1190005300,05,기타도로,노량진로23길
84,상행,1,1100028900,05,기타도로,노원로26길
84,하행,1,1100029000,05,기타도로,노원로26길
87,상행,1,1020008800,05,기타도로,녹사평대로26길
87,하행,1,1020008700,05,기타도로,녹사평대로26길
9,상행,1,1130029700,05,기타도로,가양대로
9,상행,2,1130029100,05,기타도로,가양대로
9,상행,3,1130027900,05,기타도로,가양대로
9,상행,4,1130026900,05,기타도로,가양대로
9,하행,1,1130027000,05,기타도로,가양대로
9,하행,2,1130028000,05,기타도로,가양대로
9,하행,3,1130029200,05,기타도로,가양대로
9,하행,4,1130029800,05,기타도로,가양대로
