서비스링크,표준링크아이디
1000000100,1000022501
1000000100,1000022502
1000000200,1000022401
1000000200,1000022402
1000000300,1000000301
1000000300,1000000302
1000000300,1000000303
1000000400,1000000403
1000000400,1000000402
1000000400,1000000401
1000000500,1000000503
1000000500,1000000502
1000000500,1000000501
1000000600,1000000601
1000000600,1000000602
1000000600,1000000603
1000000700,1000000703
1000000700,1000000702
1000000700,1000000701
1000000800,1000000801
1000000800,1000000802
1000000800,1000000803
1000000900,1000000903
1000000900,1000000902
1000000900,1000000901
1000001000,1000001001
1000001000,1000001002
1000001000,1000001003
1000001100,1000001102
1000001100,1000001101
1000001200,1000001201
1000001200,1000001202
1000001300,1000001303
1000001300,1000001302
1000001300,1000001301
1000001400,1000001401
1000001400,1000001402
1000001400,1000001403
1000001500,1000001505
1000001500,1000001504
1000001500,1000001503
1000001500,1000001502
1000001500,1000001501
1000001600,1000001601
1000001600,1000001602
1000001600,1000001603
1000001600,1000001604
1000001600,1000001605
1000001700,1000001700
1000001800,1000001801
1000001800,1000001802
1000001900,1000001902
1000001900,1000001901
1000002000,1000002001
1000002000,1000002002
1000002000,1000002003
1000002100,1000002100
1000002200,1000002201
1000002300,1000002303
1000002300,1000002302
1000002300,1000002301
1000002400,1000002401
1000002400,1000002402
1000002400,1000002404
1000002500,1070055700
1000002500,1000002502
1000002500,1000002501
1000002600,1000002601
1000002600,1000002602
1000002600,1070055600
1000002700,1000002702
1000002700,1000002701
1000002800,1000002801
1000002800,1000002802
1000002900,1000002901
1000002900,1000002902
1000003000,1000003002
1000003000,1000003001
1000003100,1000003102
1000003100,1000003101
1000003200,1000003201
1000003200,1000003202
1000003300,1000003301
1000003300,1000003302
1000003400,1000003400
1000003500,1000003506
1000003500,1000003505
1000003500,1000003504
1000003500,1000003503
1000003500,1000003502
1000003500,1000003501
1000003600,1000003601
1000003600,1000003602
1000003600,1000003603
1000003600,1000003604
1000003600,1000003605
1000003600,1000003606
1000003700,1000003700
1000003800,1000003802
1000003800,1000003801
1000003900,1000003900
1000003900,1010016504
1000004000,1010016603
1000004000,1000004000
1000004200,1000004201
1000004200,1000004202
1000004200,1000004203
1000004300,1000004300
1000004400,1000004400
1000004600,1000004601
1000004600,1000004602
1000004700,1000004702
1000004700,1000004701
1000004700,1010016903
1000004800,1010017003
1000004800,1000004801
1000004800,1000004802
1000005000,1010017602
1000005000,1000005000
1000005100,1000005102
1000005100,1000005101
1000005200,1000005203
1000005200,1000005204
1000005200,1000005202
1000005300,1000005302
1000005300,1000005301
1000005400,1000005401
1000005400,1000005402
1000005500,1000005502
1000005500,1000005501
1000005500,1010017103
1000005800,1000005800
1000005900,1000005900
1000005900,1010018304
1000006000,1010018404
1000006000,1000006000
1000006100,1000006102
1000006100,1000006101
1000006100,1010017305
1000006200,1010017406
1000006200,1000006200
1000006300,1000006304
1000006300,1000006303
1000006300,1000006302
1000006300,1000006301
1000006400,1000006401
1000006400,1000006402
1000006400,1000006403
1000006400,1000006404
1000006500,1000006502
1000006500,1000006501
1000006600,1000006601
1000006600,1000006602
1000006700,1000006701
1000006700,1000006702
1000006800,1000006801
1000006800,1000006802
1000006900,1000006902
1000006900,1000006901
1000007000,1000007001
1000007000,1000007002
1000007100,1000007100
1000007200,1000007200
1000007300,1000007303
1000007300,1000007304
1000007300,1000007301
1000007400,1000007401
1000007400,1000007403
1000007400,1000007404
1000007500,1000007501
1000007500,1000007502
1000007600,1000007602
1000007600,1000007601
1000007900,1000007907
1000007900,1000049401
1000007900,1000049101
1000007900,1000049001
1000007900,1000007904
1000007900,1000007903
1000007900,1000007901
1000008000,1000008001
1000008000,1000008003
1000008000,1000008004
1000008000,1000048901
1000008000,1000049201
1000008000,1000049301
1000008000,1000008007
1000008300,1000049701
1000008300,1000049601
1000008300,1000049501
1000008300,1000049901
1000008400,1000008403
1000008400,1000008404
1000008400,1000008405
1000008500,1000008501
1000008500,1000008502
1000008600,1000008602
1000008600,1000008601
1000008700,1000008703
1000008700,1000008702
1000008700,1000008701
1000008800,1000008801
1000008800,1000008802
1000008900,1000008901
1000008900,1000008902
1000009000,1000009002
1000009000,1000009001
1000009100,1000009102
1000009100,1000009101
1000009200,1000009201
1000009300,1000009300
1000009400,1000009400
1000009500,1000009505
1000009500,1000009504
1000009500,1000009503
1000009500,1000009502
1000009500,1000009501
1000009600,1000009601
1000009600,1000009602
1000009600,1000009603
1000009900,1000009904
1000009900,1000032200
1000009900,1000009901
1000010000,1000010001
1000010000,1000032100
1000010000,1000010004
1000010100,1000010101
1000010100,1000010102
1000010100,1000010103
1000010200,1000010203
1000010200,1000010202
1000010200,1000010201
1000010300,1000010303
1000010300,1000010302
1000010300,1000010301
1000010400,1000010401
1000010400,1000010402
1000010400,1000010403
1000010600,1000010600
1000010700,1000010703
1000010700,1000010702
1000010700,1000010701
1000010800,1000010801
1000010800,1000010802
1000010800,1000010803
1000011100,1000011102
1000011100,1000011101
1000011200,1000011201
1000011200,1000034900
1000011300,1000011300
1000011400,1000011400
1000011500,1000011501
1000011500,1000011502
1000011500,1000011503
1000011500,1000011504
1000011600,1000011603
1000011600,1000011602
1000011600,1000011601
1000011700,1000011700
1000011800,1000011800
1000011900,1000011900
1000012000,1000012001
1000012000,1000012002
1000012100,1000012102
1000012100,1000012101
1000012200,1000012201
1000012200,1000012202
1000012200,1000012203
1000012300,1000012302
1000012400,1000012400
1000012500,1000012502
1000012500,1000012501
1000012600,1000012602
1000012700,1000012702
1000012800,1000012800
1000012900,1000012902
1000012900,1000012901
1000013000,1000013001
1000013000,1000013002
1000013300,1000013301
1000013400,1000013402
1000013400,1000013401
1000013500,1000013502
1000013500,1000013501
1000013600,1000013601
1000013600,1000013602
1000013900,1000013900
1000014000,1000014000
1000014300,1000014303
1000014300,1000014302
1000014300,1000014301
1000014300,1000035200
1000014400,1000014401
1000014400,1000014402
1000014400,1000014403
1000015100,1000015103
1000015100,1000015102
1000015100,1000015101
1000015200,1000015201
1000015200,1000015202
1000015200,1000015203
1000015301,1000015301
1000015302,1000015302
1000015303,1000015303
1000015401,1000015401
1000015402,1000015402
1000015403,1000015403
1000015500,1000015503
1000015500,1000015502
1000015500,1000015501
1000015600,1000015602
1000015600,1000015603
1000015900,1000039800
1000015900,1000015903
1000015900,1000015902
1000015900,1000015901
1000016000,1000016001
1000016000,1000016002
1000016000,1000016003
1000016000,1000039900
1000016300,1000016302
1000016300,1000016301
1000016400,1000016401
1000016400,1000016402
1000016500,1000016500
1000016600,1000016600
1000016700,1070073300
1000016700,1000016701
1000016800,1000016801
1000016800,1070073200
1000016900,1000016903
1000016900,1000016902
1000016900,1000016901
1000017000,1000017001
1000017000,1000017002
1000017000,1000017003
1000017100,1000017101
1000017100,1000017102
1000017200,1000017202
1000017200,1000017201
1000017300,1000017300
1000017400,1000017400
1000017700,1000019301
1000017700,1000017701
1000017800,1000017801
1000017800,1000019401
1000017900,1000017902
1000017900,1000017901
1000018000,1000018001
1000018000,1000018002
1000018101,1000018101
1000018102,1000018102
1000018201,1000018201
1000018202,1000018202
1000018300,1000018303
1000018300,1000018302
1000018300,1000018301
1000018400,1000018401
1000018400,1000018402
1000018400,1000018403
1000018700,1000018700
1000018800,1000018800
1000018900,1000018903
1000018900,1000018902
1000018900,1000018901
1000019000,1000019001
1000019000,1000019002
1000019000,1000019003
1000019100,1000019100
1000019100,1000040200
1000019200,1000040300
1000019200,1000040400
1000019200,1000019200
1000019300,1070073500
1000019300,1000019302
1000019400,1000019402
1000019400,1070073400
1000019500,1000019504
1000019500,1000019503
1000019500,1000019502
1000019500,1000019501
1000019600,1000019602
1000019600,1000019603
1000019600,1000019604
1000019600,1000019605
1000019701,1000019701
1000019702,1000019702
1000019801,1000019801
1000019802,1000019802
1000019900,1070027800
1000019900,1000019901
1000020000,1000020001
1000020000,1070028100
1000020100,1070074500
1000020100,1070074600
1000020100,1070074300
1000020100,1070073800
1000020100,1000020102
1000020100,1000020101
1000020200,1000020201
1000020200,1000020202
1000020200,1070073700
1000020200,1070074200
1000020200,1070074700
1000020200,1070074400
1000020300,1000020300
1000020400,1000020400
1000020500,1000020500
1000020600,1000020600
1000020700,1000020702
1000020700,1000020701
1000020800,1000020801
1000020800,1000020802
1000020900,1000020902
1000020900,1000020901
1000021000,1000021001
1000021000,1000021002
1000021100,1000021101
1000021100,1000021102
1000021100,1000021103
1000021100,1070075200
1000021200,1070075100
1000021200,1000021203
1000021200,1000021202
1000021200,1000021201
1000021300,1000021304
1000021300,1000021302
1000021300,1000021301
1000021400,1000021401
1000021400,1000021402
1000021400,1000021403
1000021500,1110088901
1000021500,1110089201
1000021500,1110087700
1000021500,1110087500
1000021500,1000021504
1000021500,1000021305
1000021600,1000021606
1000021600,1000021604
1000021600,1110087400
1000021600,1110087600
1000021600,1110089301
1000021600,1110088801
1000021700,1070060800
1000021700,1070061400
1000021700,1000021707
1000021700,1000021706
1000021700,1000021705
1000021700,1000021704
1000021700,1000021708
1000021700,1000021709
1000021700,1000021702
1000021700,1000021701
1000021800,1000021801
1000021800,1000021807
1000021800,1000021808
1000021800,1000021803
1000021800,1000021804
1000021800,1000021805
1000021800,1000021806
1000021800,1070061300
1000021800,1070060700
1000025100,1000025100
1000025200,1000025200
1000028100,1000028100
1000028200,1000028200
1000031200,1000031200
1000031300,1000031300
1000032500,1000032500
1000032600,1000032600
1000034400,1000034400
1000034500,1000034500
1004350700,1030011502
1004350700,1030011501
1004350800,1030009603
1004350800,1030011600
1005001900,1020010204
1005001900,1020010205
1005002000,1020010104
1005002000,1020010103
1005002300,1100053000
1005002400,1100052900
1005002500,1020005103
1005002700,1100036600
1005002800,1100036700
1005002900,1130060500
1005003000,1130061100
1005003000,1130004103
1005003300,1070012001
1005003300,1070012002
1005003300,1070012003
1005003400,1070011905
1005003400,1070011904
1005003400,1070011902
1005003400,1070012403
1005003500,1070045900
1005003500,1070047700
1005003500,1070045600
1005003500,1070044600
1005003600,1070044700
1005003600,1070045700
1005003600,1070047800
1005003600,1070045800
1005003700,1070043400
1005003700,1070041700
1005003700,1070041000
1005003800,1070041600
1005003800,1070042200
1005003800,1070042600
1005003800,1070044400
1005003900,1070042700
1005003900,1070046800
1005003900,1070048800
1005003900,1070049800
1005004000,1070049900
1005004000,1070048900
1005004000,1070046900
1005004000,1070042800
1005004100,1070050800
1005004100,1070052300
1005004100,1070054600
1005004100,1070056200
1005004100,1070057900
1005004200,1070058000
1005004200,1070056300
1005004200,1070054700
1005004200,1070052400
1005004200,1070050900
1005004300,1070017600
1005004400,1070017500
1005009000,1030028100
1005009000,1030027700
1005009000,1030027100
1005009000,1030026800
1005009000,1030026400
1005009100,1030026500
1005009100,1030026900
1005009100,1030027200
1005009100,1030027800
1005009100,1030028200
1005009200,1020013102
1005009200,1020013103
1005009200,1020013104
1005009200,1020013105
1005009300,1020013206
1005009300,1020013205
1005009300,1020013204
1005009300,1020013203
1010000100,1010000104
1010000100,1010000103
1010000100,1010000102
1010000100,1010000101
1010000200,1010000201
1010000200,1010000202
1010000200,1010000203
1010000200,1010000204
1010000300,1010000301
1010000300,1010000302
1010000400,1010000400
1010000500,1020022705
1010000500,1010000501
1010000500,1010000502
1010000600,1010000602
1010000600,1010000603
1010000800,1010000801
1010001100,1010029700
1010001100,1010001104
1010001100,1010001105
1010001100,1010001102
1010001100,1010001101
1010001200,1010001201
1010001200,1010001202
1010001200,1010001204
1010001200,1010001205
1010001200,1010027800
1010001300,1010001303
1010001300,1010001302
1010001300,1010001301
1010001400,1010001400
1010001500,1010001502
1010001500,1010001501
1010001600,1010001602
1010001600,1010001603
1010001600,1010001604
1010001700,1010001702
1010001800,1010001800
1010001900,1010001903
1010001900,1010001902
1010001900,1010001901
1010002000,1010002001
1010002000,1010002002
1010002000,1010002003
1010002000,1010002004
1010002100,1010002103
1010002100,1010002102
1010002200,1010002202
1010002200,1010002203
1010002200,1010002204
1010002300,1010002301
1010002400,1010002401
1010002400,1010002402
1010002500,1010002505
1010002500,1010002504
1010002500,1010002508
1010002500,1010002507
1010002500,1010002506
1010002600,1010002605
1010002600,1010002606
1010002600,1010002607
1010002600,1010002603
1010002700,1010002703
1010002700,1010002702
1010002700,1010002701
1010002800,1010002801
1010002800,1010002802
1010002800,1010002803
1010002900,1010005901
1010002900,1010002903
1010002900,1010002902
1010002900,1010002901
1010003000,1010003001
1010003000,1010003002
1010003100,1010046800
1010003100,1010003105
1010003100,1010003106
1010003100,1010003103
1010003200,1010003205
1010003200,1010003204
1010003200,1010003203
1010003300,1010003302
1010003300,1010003301
1010003400,1010003401
1010003400,1010003402
1010003500,1010003503
1010003500,1010003501
1010003600,1010003602
1010003600,1010003603
1010003700,1010003705
1010003700,1010003704
1010003700,1010003703
1010003700,1010003702
1010003700,1010003701
1010003800,1010003801
1010003800,1010003802
1010003800,1010003803
1010003800,1010003804
1010003800,1010003805
1010003900,1010028100
1010003900,1010003902
1010003900,1010003901
1010004000,1010004001
1010004000,1010004002
1010004000,1010026600
1010004000,1010025700
1010004100,1010004100
1010004200,1010004201
1010004200,1010004202
1010004300,1010004303
1010004300,1010004301
1010004400,1010004401
1010004400,1010004402
1010004400,1010004403
1010004500,1010004505
1010004500,1010004503
1010004500,1010004502
1010004500,1010004501
1010004600,1010004601
1010004600,1010004602
1010004600,1010004603
1010004600,1010004604
1010004600,1010004605
1010004700,1010004701
1010004700,1010004702
1010004700,1010004703
1010004800,1010004802
1010004800,1010004801
1010004900,1010004903
1010004900,1010004902
1010004900,1010004901
1010005000,1010005001
1010005000,1010005002
1010005000,1010005003
1010005100,1010005102
1010005100,1010005101
1010005200,1010005201
1010005200,1010005202
1010005300,1010005304
1010005300,1010005303
1010005300,1010005302
1010005300,1010005301
1010005400,1010005401
1010005400,1010005402
1010005400,1010005403
1010005400,1010005404
1010005500,1010005502
1010005500,1010005501
1010005600,1010005601
1010005600,1010005602
1010005700,1010005703
1010005700,1010005702
1010005700,1010005701
1010005800,1010005801
1010005800,1010005802
1010005800,1010005803
1010005900,1010005904
1010005900,1010005905
1010005900,1010005902
1010006000,1010006001
1010006000,1010006002
1010006000,1010006004
1010006000,1010006005
1010006100,1010006103
1010006100,1010006102
1010006100,1010006101
1010006200,1010006201
1010006200,1010006202
1010006200,1010006203
1010006600,1010006601
1010006600,1010006602
1010006700,1010006702
1010006700,1010006701
1010006800,1010006801
1010006800,1010006802
1010006900,1010006903
1010006900,1010006902
1010006900,1010006901
1010007000,1010007001
1010007000,1010007002
1010007000,1010007003
1010007100,1010007100
1010007200,1010007200
1010007300,1010007305
1010007300,1010007304
1010007300,1010007303
1010007300,1010007302
1010007300,1010007301
1010007400,1010007401
1010007400,1010007407
1010007400,1010007408
1010007400,1010007403
1010007400,1010007404
1010007400,1010007405
1010007500,1010007500
1010007600,1010007600
1010007700,1010007702
1010007700,1010007701
1010007800,1010007801
1010007800,1010007802
1010007900,1010007902
1010007900,1010007901
1010008100,1010008103
1010008100,1010008102
1010008100,1010008101
1010008200,1010008201
1010008200,1010008202
1010008200,1010008203
1010008400,1010008401
1010008400,1010008402
1010008700,1010008702
1010008700,1010008701
1010008800,1010008801
1010008800,1010008802
1010008900,1010008906
1010008900,1010008905
1010008900,1010008904
1010008900,1010008903
1010008900,1010008902
1010008900,1010008901
1010009000,1010009001
1010009000,1010009002
1010009000,1010009003
1010009000,1010009004
1010009000,1010009005
1010009000,1010009006
1010009200,1010009200
1010009300,1010009301
1010009300,1010009302
1010009400,1010009402
1010009400,1010009401
1010009500,1010009502
1010009500,1010009501
1010009600,1010009601
1010009600,1010009602
1010009700,1010009700
1010009800,1010009800
1010009900,1010009902
1010010000,1010010000
1010010100,1010010100
1010010200,1010010200
1010010300,1010010303
1010010300,1010010302
1010010300,1010010301
1010010400,1010010401
1010010400,1010010402
1010010400,1010010403
1010010400,1010010404
1010010500,1010010501
1010010500,1010037500
1010010600,1010038700
1010010600,1010010601
1010010700,1010010700
1010010800,1010010802
1010011000,1010011000
1010011100,1010011100
1010011200,1010011200
1010011300,1010011302
1010011300,1010011301
1010011400,1010011401
1010011400,1010011402
1010011500,1010011501
1010011500,1010011502
1010011600,1010011602
1010011700,1010011704
1010011700,1010011703
1010011700,1010011702
1010011700,1010011701
1010011800,1010011801
1010011800,1010011802
1010011800,1010011803
1010011800,1010011804
1010011900,1010011904
1010011900,1010011903
1010011900,1010011902
1010011900,1010011901
1010012000,1010012001
1010012000,1010012002
1010012000,1010012003
1010012000,1010012004
1010012200,1010012200
1010012300,1010012301
1010012300,1010012302
1010012400,1010012401
1010012400,1010012402
1010012500,1010012500
1010012600,1010012600
1010012700,1010012702
1010012700,1010012701
1010012900,1010012901
1010012900,1010012902
1010013000,1010013001
1010013000,1010013002
1010013100,1010013101
1010013100,1010013104
1010013100,1010013105
1010013100,1010013103
1010013200,1010013203
1010013200,1010013204
1010013200,1010013205
1010013200,1010013201
1010013300,1010013301
1010013300,1010013302
1010013400,1010013401
1010013500,1010013501
1010013600,1010013601
1010013700,1010013700
1010013800,1010013800
1010013900,1010013903
1010013900,1010013902
1010013900,1010013901
1010014000,1010014001
1010014000,1010014002
1010014000,1010014003
1010014100,1010014104
1010014100,1010014103
1010014100,1010014102
1010014100,1010014101
1010014200,1010014201
1010014200,1010014202
1010014200,1010014203
1010014200,1010014204
1010014300,1010014300
1010014400,1010014400
1010014500,1010014503
1010014500,1010014502
1010014600,1010014602
1010014600,1010014603
1010014700,1010014700
1010014800,1010014800
1010014900,1010014902
1010014900,1010014903
1010014900,1010014904
1010014900,1010014905
1010015000,1010015005
1010015000,1010015004
1010015000,1010015003
1010015000,1010015002
1010015100,1010015100
1010015200,1010015200
1010015400,1010015400
1010015500,1010015503
1010015500,1010015502
1010015600,1010015601
1010015600,1010015602
1010015700,1010015703
1010015700,1010015702
1010015700,1010015701
1010015800,1010015801
1010015800,1010015802
1010015800,1010015803
1010015900,1010015903
1010015900,1010015904
1010015900,1010015905
1010015900,1010015906
1010016000,1010016005
1010016000,1010016006
1010016000,1010016003
1010016000,1010016004
1010016100,1010016103
1010016100,1010016102
1010016100,1010016101
1010016200,1010016201
1010016200,1010016202
1010016400,1010016400
1010016500,1010016502
1010016500,1010016501
1010016600,1010016601
1010016600,1010016602
1010016800,1010016800
1010016900,1010016902
1010016900,1010016901
1010017000,1010017001
1010017000,1010017002
1010017100,1010017102
1010017100,1010017101
1010017300,1010017304
1010017300,1010017303
1010017300,1010017302
1010017300,1010017301
1010017400,1010017401
1010017400,1010017402
1010017400,1010017405
1010017600,1010017601
1010017800,1010017801
1010017800,1010017802
1010017900,1010017900
1010018000,1010018000
1010018100,1010018100
1010018200,1010018200
1010018300,1010018303
1010018300,1010018302
1010018400,1010018402
1010018400,1010018403
1010018500,1010018501
1010018500,1010018502
1010018600,1010018602
1010018600,1010018601
1010018700,1010018701
1010018700,1010018702
1010018800,1010018801
1010018800,1010018802
1010018900,1010018901
1010018900,1010018902
1010019000,1010019001
1010019000,1010019002
1010019100,1010019101
1010019200,1010019201
1010019300,1010019302
1010019300,1010019301
1010019400,1010019401
1010019400,1010019402
1010019500,1000005700
1010019600,1010019600
1010019700,1010019703
1010019700,1010019702
1010019700,1010019701
1010019800,1010019801
1010019800,1000047300
1010019800,1010019803
1010019900,1000047200
1010019900,1010019102
1010020000,1010019202
1010020000,1000047100
1010020100,1000047800
1010020100,1000047600
1010020100,1000047500
1010020100,1030050200
1010020200,1030050300
1010020200,1000047400
1010020200,1000047700
1020000100,1020000101
1020000200,1020000202
1020000200,1020000201
1020000300,1020000304
1020000300,1020000303
1020000300,1020000301
1020000400,1020023700
1020000400,1020000401
1020000400,1020000403
1020000500,1020000501
1020000600,1020000602
1020000700,1020000701
1020000700,1020000702
1020000800,1020000601
1020000900,1020000902
1020000900,1020000901
1020001000,1020001001
1020001000,1020001002
1020001000,1020001003
1020001100,1020001100
1020001200,1020001201
1020001200,1020001202
1020001300,1020001302
1020001300,1020001301
1020001400,1020001203
1020001400,1020001401
1020001400,1020001403
1020001400,1020001404
1020001600,1020001004
1020001700,1130000301
1020001700,1020001305
1020001700,1020001304
1020001800,1130000401
1020001800,1130000402
1020001800,1130000403
1020002300,1020002306
1020002300,1020002305
1020002300,1020002303
1020002300,1020002301
1020002400,1020002401
1020002400,1020002403
1020002400,1020002405
1020002400,1020002406
1020002500,1020002501
1020002500,1020002505
1020002500,1020002506
1020002500,1020002503
1020002500,1020002504
1020002600,1020002604
1020002600,1020002603
1020002600,1020002605
1020002600,1020002606
1020002600,1020002601
1020002700,1020002703
1020002700,1020002701
1020002800,1020002800
1020002900,1020028600
1020002900,1020002901
1020003000,1020003001
1020003000,1020003002
1020003000,1020028500
1020003100,1020003101
1020003100,1020003102
1020003100,1020003103
1020003200,1020003203
1020003200,1020003202
1020003200,1020003201
1020003300,1020003302
1020003400,1020003402
1020003500,1020003502
1020003500,1020003501
1020003600,1020003600
1020003700,1020003701
1020003700,1020003702
1020003800,1020003800
1020003900,1020003901
1020003900,1020003902
1020003900,1020003903
1020003900,1020003904
1020004000,1020004004
1020004000,1020004003
1020004000,1020004002
1020004100,1020004102
1020004200,1020004200
1020004300,1020004302
1020004300,1020004303
1020004400,1020004402
1020004700,1020004702
1020004700,1020004701
1020004800,1020004801
1020004800,1020004802
1020004900,1020004905
1020004900,1020004904
1020004900,1020004901
1020005000,1020005001
1020005000,1020005004
1020005000,1020005006
1020005500,1020005502
1020005500,1020005501
1020005600,1020005600
1020005900,1020005901
1020005900,1020005903
1020005900,1020005904
1020006000,1020006003
1020006000,1020006004
1020006000,1020006002
1020006100,1020006102
1020006100,1020006101
1020006200,1020006202
1020006300,1020006300
1020006400,1020029900
1020006400,1020006402
1020006500,1020006501
1020006500,1020006502
1020006500,1020006504
1020006500,1020006505
1020006500,1020006506
1020006500,1020006507
1020006500,1020029700
1020006600,1020005206
1020006600,1020006604
1020006600,1020006603
1020006600,1020006602
1020006600,1020006601
1020006700,1020032200
1020006700,1020006703
1020006700,1020006702
1020006700,1020006701
1020006800,1020006801
1020006800,1020006802
1020006800,1020006803
1020006900,1020006904
1020006900,1020006903
1020006900,1020006902
1020006900,1020006901
1020007000,1020007001
1020007000,1020007002
1020007000,1020007003
1020007100,1020007103
1020007100,1020007102
1020007200,1020005007
1020007200,1020007201
1020007200,1020007202
1020007200,1020007203
1020007300,1020007302
1020007300,1020007303
1020007300,1020007304
1020007400,1020007403
1020007400,1020007404
1020007400,1020007402
1020007500,1020007502
1020007500,1020007501
1020007600,1020007601
1020007600,1020007602
1020007700,1020010106
1020007800,1020010207
1020008300,1020008301
1020008300,1020008304
1020008300,1020008306
1020008400,1020008406
1020008400,1020008404
1020008400,1020008401
1020008500,1020008502
1020008500,1020008501
1020008600,1020008601
1020008600,1020008602
1020008700,1020008700
1020008700,1020034600
1020008800,1020034300
1020008800,1020008800
1020008900,1020008903
1020008900,1020008901
1020009000,1020009001
1020009000,1020009002
1020009000,1020009003
1020009100,1020009101
1020009100,1020009102
1020009100,1020009103
1020009100,1020010201
1020009100,1020010202
1020009100,1020010206
1020009200,1020010105
1020009200,1020010101
1020009200,1020009203
1020009200,1020009202
1020009300,1020009302
1020009300,1020057501
1020009300,1020056901
1020009400,1020057001
1020009400,1020057601
1020009400,1020009402
1020009500,1020009500
1020009600,1020009600
1020009700,1020009706
1020009700,1020009705
1020009700,1020009704
1020009700,1020009703
1020009700,1020009702
1020009700,1020009708
1020009800,1020009803
1020009800,1020009804
1020009800,1020009805
1020009800,1020009806
1020010300,1020043400
1020010300,1020040900
1020010300,1020010302
1020010300,1020010301
1020010400,1020038800
1020010400,1020010401
1020010400,1020010402
1020010400,1020043300
1020010500,1020010500
1020010600,1020010600
1020010700,1020010701
1020010800,1020010800
1020010900,1020040200
1020010900,1020010901
1020011000,1020011002
1020011000,1020041000
1020011000,1020040801
1020011000,1020040802
1020011100,1020011102
1020011100,1020011101
1020011200,1020011201
1020011200,1020011202
1020011300,1020011301
1020011300,1020011302
1020011400,1020011403
1020011400,1020011402
1020011400,1020011401
1020011500,1030065300
1020011500,1030065200
1020011500,1030065100
1020011500,1020011502
1020011500,1020011501
1020011600,1020011601
1020011600,1030065000
1020011700,1020011703
1020011700,1020011702
1020011800,1020011802
1020011800,1020011803
1020011900,1020011903
1020011900,1020011902
1020011900,1020011901
1020012000,1020012001
1020012000,1020012002
1020012000,1020012003
1020012100,1020012100
1020012200,1020012200
1020012300,1030025000
1020012300,1030024200
1020012300,1030022800
1020012300,1020012303
1020012300,1020012304
1020012300,1020012301
1020012400,1020012402
1020012400,1020012404
1020012400,1020012405
1020012400,1030022900
1020012400,1030024300
1020012400,1030025100
1020012500,1020012501
1020012500,1020043101
1020012500,1020012502
1020012600,1020012602
1020012600,1020043201
1020012600,1020012601
1020012700,1020012703
1020012700,1020012702
1020012700,1020012701
1020012800,1020012801
1020012800,1020012802
1020012800,1020012803
1020012900,1020012902
1020012900,1020012901
1020013000,1020013001
1020013000,1020013003
1020013100,1020013101
1020013200,1020013202
1020013300,1020013306
1020013300,1020013305
1020013300,1020013304
1020013300,1020013303
1020013300,1020013302
1020013300,1020013301
1020013400,1020013401
1020013400,1020013402
1020013400,1020013403
1020013500,1020013503
1020013500,1020013502
1020013500,1020013501
1020013600,1020013601
1020013600,1020013602
1020013600,1020013603
1020013600,1020013604
1020013700,1020013702
1020013700,1020013701
1020013800,1020013801
1020013800,1020013802
1020013900,1020013902
1020013900,1020013903
1020014000,1020014001
1020014000,1020014002
1020014100,1020014102
1020014100,1020014101
1020014200,1020014201
1020014200,1020014202
1020014300,1020014302
1020014300,1020014301
1020014400,1020014401
1020014400,1020014402
1020014500,1020014503
1020014500,1020014502
1020014500,1020014501
1020014600,1020014601
1020014600,1020014602
1020014600,1020014603
1020014700,1020014700
1020014800,1020014800
1020015100,1020015102
1020015100,1020015101
1020015200,1020015202
1020015200,1020015203
1020015300,1020015300
1020015400,1020015400
1020015700,1020015702
1020015800,1020015801
1020015900,1130089100
1020015900,1020015902
1020016000,1020016002
1020016000,1130089000
1020016100,1130089200
1020016100,1130088900
1020016200,1130088800
1020016200,1130089300
1020016300,1020016300
1020016400,1020016400
1020016500,1020016500
1020016600,1020016600
1020016700,1020016702
1020016700,1020016701
1020016800,1020016801
1020016800,1020016802
1020017100,1020017102
1020017100,1020017101
1020017200,1020017201
1020017200,1020017202
1020017300,1020017302
1020017300,1020017301
1020017400,1020017401
1020017400,1020017402
1020017700,1020017702
1020017700,1020017701
1020017800,1020017801
1020017800,1020017802
1020018100,1020048700
1020018100,1020048000
1020018100,1020017104
1020018100,1020018100
1020018200,1020018200
1020018200,1020017204
1020018200,1020047900
1020018200,1020048400
1020018500,1020018501
1020018500,1020018502
1020018600,1020018602
1020018600,1020018601
1020018900,1020018900
1020019000,1020019000
1020019100,1020019100
1020019200,1020019200
1020019500,1020019505
1020019500,1130090000
1020019500,1130089800
1020019500,1130089500
1020019600,1130089400
1020019600,1130089700
1020019600,1130089900
1020019600,1020019604
1020020100,1010051700
1020020100,1020020101
1020020100,1020049200
1020020200,1020048902
1020020200,1020049300
1020020200,1020020201
1020020200,1010051600
1020020300,1010054000
1020020300,1010051500
1020020300,1020020301
1020020300,1020046900
1020020400,1020020404
1020020400,1020020405
1020020400,1010051400
1020020400,1010053900
1020020500,1020020500
1020020600,1020020600
1020020700,1020020702
1020020700,1020020701
1020020800,1020020801
1020020800,1020020802
1020020900,1020020904
1020020900,1020020903
1020020900,1020020902
1020020900,1020020901
1020021000,1020021001
1020021000,1020021002
1020021000,1020021003
1020021100,1010021200
1020021100,1020021102
1020021100,1020021101
1020021200,1020021201
1020021200,1020021202
1020021200,1020021203
1020021200,1010021100
1020021300,1010051300
1020021300,1020021301
1020021300,1020049000
1020021300,1020049102
1020021400,1020048800
1020021400,1020021401
1020021400,1010051200
1020021500,1010022500
1020021500,1010022100
1020021500,1010020700
1020021500,1020021503
1020021500,1020021502
1020021500,1020047100
1020021600,1020017601
1020021600,1020021601
1020021600,1020021602
1020021600,1010020600
1020021600,1010022000
1020021600,1010022400
1020021700,1010002101
1020021700,1020021704
1020021700,1020021703
1020021700,1020021702
1020021700,1020021701
1020021800,1020021801
1020021800,1020021802
1020021800,1020021804
1020021800,1020021805
1020021800,1010002201
1020021900,1020021900
1020022000,1020022000
1020022100,1020022101
1020022100,1020022102
1020022100,1020022104
1020022100,1020022105
1020022200,1020022204
1020022200,1020022205
1020022200,1020022202
1020022300,1010023500
1020022300,1010022900
1020022300,1020022302
1020022300,1020022301
1020022400,1020022401
1020022400,1020022402
1020022400,1020051000
1020022400,1010053700
1020022500,1020022501
1020022500,1010053100
1020022700,1020022703
1020022700,1020022701
1020022900,1010054200
1020022900,1020022901
1020023000,1020023001
1020023000,1010053600
1020041100,1020041100
1020041200,1020041200
1030000100,1030000108
1030000100,1030000107
1030000100,1030000103
1030000100,1030000106
1030000100,1030000105
1030000100,1030000101
1030000200,1040041800
1030000200,1040041900
1030000200,1040042000
1030000200,1040042100
1030000200,1040042200
1030000200,1040042300
1030000300,1030000304
1030000300,1030000303
1030000300,1030000302
1030000400,1030000403
1030000400,1030000402
1030000400,1030000401
1030000500,1030000500
1030000600,1030000602
1030000600,1030000601
1030000700,1030000700
1030000800,1030000800
1030000900,1030000902
1030001000,1030001001
1030001100,1030001100
1030001200,1030001200
1030001300,1030001300
1030001400,1030001401
1030001500,1040042700
1030001500,1040042500
1030001600,1040042400
1030001600,1040042600
1030001700,1030002002
1030001800,1030001800
1030001900,1030001902
1030001900,1030001901
1030002000,1030001402
1030002000,1030002001
1030002100,1030002105
1030002100,1040043600
1030002100,1040043400
1030002100,1040043200
1030002100,1040043000
1030002200,1040042900
1030002200,1040043100
1030002200,1040043300
1030002200,1040043500
1030002200,1040043700
1030002200,1040043800
1030002300,1030002301
1030002400,1030002400
1030002500,1030002500
1030002600,1030041300
1030002700,1050059800
1030002700,1030002701
1030002800,1030002801
1030002800,1050059700
1030002900,1030002901
1030002900,1030002902
1030002900,1030002903
1030003000,1030003003
1030003000,1030003002
1030003000,1030003001
1030003100,1030003101
1030003100,1030003102
1030003200,1030003202
1030003200,1030003201
1030003700,1030066901
1030003700,1030066501
1030003800,1030066801
1030003800,1030067001
1030004100,1030004101
1030004100,1030004102
1030004100,1030004104
1030004100,1030004105
1030004200,1030004205
1030004200,1030004204
1030004200,1030004202
1030004200,1030004201
1030004300,1030008004
1030004300,1030029200
1030004300,1030028700
1030004400,1030028800
1030004400,1030029300
1030004400,1030029700
1030004400,1030007904
1030004700,1030004700
1030004800,1030004802
1030004900,1030004901
1030004900,1030004902
1030005000,1030005001
1030005000,1030005002
1030005300,1030005302
1030005300,1030005301
1030005400,1030005401
1030005400,1030005402
1030005700,1030005703
1030005700,1030005701
1030005800,1030005801
1030005800,1030005803
1030006300,1030006303
1030006300,1030006302
1030006300,1030006301
1030006400,1030006401
1030006400,1030006402
1030006400,1030006403
1030006500,1030007901
1030006500,1030006502
1030006500,1030006501
1030006600,1030006600
1030006600,1030008001
1030006700,1030006700
1030006800,1030006800
1030006900,1030006903
1030006900,1030006906
1030006900,1030006907
1030006900,1030006901
1030007000,1030007001
1030007000,1030007005
1030007000,1030007006
1030007000,1030007003
1030007100,1030007102
1030007100,1030007101
1030007200,1030007201
1030007200,1030007202
1030007300,1030007302
1030007300,1030007301
1030007400,1030007401
1030007400,1030007402
1030007500,1030007501
1030007500,1030007502
1030007500,1030007503
1030007600,1030007603
1030007600,1030007602
1030007600,1030007601
1030007700,1030007703
1030007700,1030007702
1030007800,1030007803
1030007800,1030007804
1030007900,1030007903
1030007900,1030007902
1030008000,1030008002
1030008000,1030008003
1030008100,1030008103
1030008100,1030008101
1030008200,1030008201
1030008200,1030008202
1030008300,1030008304
1030008300,1030008303
1030008300,1030008302
1030008300,1030008301
1030008400,1030050600
1030008400,1030008402
1030008400,1030008403
1030008400,1030008404
1030008500,1030008503
1030008500,1030008502
1030008500,1030008501
1030008600,1030008601
1030008600,1030008602
1030008600,1030008603
1030008700,1030008702
1030008700,1030008701
1030008800,1030008801
1030008800,1030008802
1030008900,1030008901
1030008900,1030006905
1030009000,1030007004
1030009000,1030009000
1030009100,1030009102
1030009100,1030009103
1030009100,1030009104
1030009200,1030009204
1030009200,1030009203
1030009200,1030009202
1030009200,1030009201
1030009500,1030009502
1030009500,1030009501
1030009600,1030009601
1030009600,1030009602
1030009700,1030009701
1030009700,1030009702
1030009700,1030009703
1030009800,1030009803
1030009800,1030009802
1030009800,1030009801
1030009900,1030009900
1030009900,1030010202
1030010000,1030010102
1030010000,1030010000
1030010100,1030010101
1030010200,1030010201
1030010303,1030010303
1030010304,1030010304
1030010403,1030010403
1030010404,1030010404
1030010500,1030010500
1030010600,1030010600
1030010700,1030012104
1030010700,1030010700
1030010800,1030010800
1030010800,1030012204
1030010900,1030010902
1030011000,1030011001
1030011000,1030011002
1030011000,1030011003
1030011100,1030011104
1030011100,1030011103
1030011100,1030011102
1030011100,1030011101
1030011200,1030011201
1030011200,1030011202
1030011200,1030011203
1030011200,1030011204
1030011300,1030011303
1030011300,1030011302
1030011300,1030011301
1030011400,1030011401
1030011400,1030011402
1030011400,1030011403
1030011700,1030061000
1030011700,1030061200
1030011700,1030060200
1030011700,1030060400
1030011700,1030011702
1030011800,1030011802
1030011800,1030060600
1030011800,1030060300
1030011800,1030061300
1030011800,1030061100
1030012100,1030012101
1030012100,1030012102
1030012100,1030012103
1030012200,1030012203
1030012200,1030012202
1030012200,1030012201
1030012300,1010053400
1030012300,1010053000
1030012300,1010052800
1030012300,1010052600
1030012300,1010052500
1030012300,1010052100
1030012300,1030012301
1030012300,1030008705
1030012300,1030008704
1030012400,1030008804
1030012400,1030008805
1030012400,1030012401
1030012400,1010052000
1030012400,1010052400
1030012400,1010052700
1030012400,1010052900
1030012400,1010053300
1030012500,1030012500
1030012600,1030012600
1030012700,1030012701
1030012700,1030012702
1030012800,1030012802
1030012800,1030012801
1030012900,1030012902
1030013000,1030013002
1030013100,1030013101
1030013100,1030013102
1030013200,1030013201
1030013200,1030013202
1030013300,1030013300
1030013400,1030013400
1030013500,1030013503
1030013500,1030013502
1030013600,1030013601
1030013700,1030013702
1030013700,1030013701
1030013800,1030013801
1030013800,1030013802
1030013900,1030013900
1030014000,1030014001
1030014000,1030014002
1030014000,1030014003
1030014101,1030014101
1030014102,1030014102
1030014103,1030014103
1030014201,1030014201
1030014202,1030014202
1030014203,1030014203
1030014300,1030014301
1030014300,1030014302
1030014400,1030014403
1030014400,1030014402
1030014400,1030014401
1030014700,1030014703
1030014700,1030014701
1030014800,1030014801
1030014800,1030014803
1030014900,1010055000
1030014900,1010054800
1030014900,1010054600
1030014900,1010054400
1030014900,1030014902
1030014900,1030014903
1030014900,1030014904
1030015000,1030015003
1030015000,1030015004
1030015000,1030015002
1030015000,1010054300
1030015000,1010054500
1030015000,1010054700
1030015000,1010054900
1030015100,1030015104
1030015100,1030015103
1030015100,1030015101
1030015200,1030015201
1030015200,1030015203
1030015200,1030015204
1030015300,1030015302
1030015300,1030015301
1030015400,1030015401
1030015400,1030015402
1030015500,1010055400
1030015500,1010055200
1030015500,1030015503
1030015500,1030015502
1030015500,1030015501
1030015600,1030015601
1030015600,1030015602
1030015600,1030015603
1030015600,1010055100
1030015600,1010055300
1030015900,1050060501
1030015900,1030068101
1030015900,1050057200
1030015900,1050057000
1030015900,1050056800
1030016000,1050056700
1030016000,1050056900
1030016000,1050057100
1030016000,1050060701
1030016000,1050060601
1030016100,1030016100
1030016200,1030016200
1030016300,1030016303
1030016300,1030016302
1030016400,1030016401
1030016400,1030016402
1030016500,1030016506
1030016500,1030016505
1030016500,1030016501
1030016600,1030016604
1030016700,1030016706
1030016700,1030016705
1030016700,1030016704
1030016700,1030016709
1030016700,1030016708
1030016700,1030016702
1030016700,1030016701
1030016800,1030016801
1030016800,1030016802
1030016800,1030016808
1030016800,1030016809
1030016800,1030016804
1030016800,1030016805
1030016800,1030016806
1030017100,1050058600
1030017100,1030017102
1030017200,1050057800
1030017200,1050058200
1030017200,1050058500
1030017301,1050058400
1030017302,1050058800
1030017401,1050058300
1030017402,1050058700
1030017500,1030017502
1030017500,1030017503
1030017600,1030017601
1030017600,1030017602
1030017900,1030017901
1030017900,1030017902
1030018000,1030018001
1030018000,1030018002
1030018100,1030018102
1030018100,1030018104
1030018200,1030018204
1030018200,1030018202
1030018500,1030018500
1030018600,1030018600
1030018700,1030018701
1030018700,1030018702
1030018700,1030018703
1030018800,1030018803
1030018800,1030018802
1030018800,1030018801
1030018900,1030048000
1030019000,1030019001
1030019000,1030019002
1030019100,1030019102
1030019100,1030019103
1030019200,1030019202
1030019200,1030019201
1030019300,1050059600
1030019300,1050059400
1030019300,1050059200
1030019300,1050059000
1030019300,1050058100
1030019300,1050057700
1030019400,1050057600
1030019400,1050058000
1030019400,1050058900
1030019400,1050059100
1030019400,1050059300
1030019400,1050059500
1030019500,1030019504
1030019500,1030019503
1030019500,1030019502
1030019600,1030019602
1030019600,1030019603
1030019600,1030019604
1030019700,1030019700
1030019800,1030019800
1030019900,1030019900
1030020000,1030020000
1030020100,1030020104
1030020100,1030020103
1030020100,1030020102
1030020200,1030020202
1030020200,1030020203
1030020200,1030020204
1030020300,1030020301
1030020300,1030020302
1030020300,1030020303
1030020400,1030020402
1030020400,1030020401
1030020500,1030020501
1030020500,1030020502
1030020500,1030020503
1030020600,1030020602
1030020600,1030020603
1030020600,1030020604
1040000100,1040000101
1040000100,1040000102
1040000200,1040000202
1040000200,1040000201
1040000300,1040000303
1040000300,1040000302
1040000300,1040000301
1040000400,1040000401
1040000400,1040000402
1040000400,1040000403
1040000500,1040000502
1040000500,1040000501
1040000600,1040000103
1040000600,1040000601
1040000700,1040000701
1040000700,1040000702
1040000800,1040000803
1040000800,1040000802
1040000900,1040000903
1040000900,1040000902
1040000900,1040000901
1040001000,1040001001
1040001000,1040001002
1040001100,1040001104
1040001100,1040001103
1040001200,1040001201
1040001300,1040001303
1040001300,1040001305
1040001300,1040001304
1040001300,1040001301
1040001400,1040001401
1040001400,1040001402
1040001400,1040001403
1040001500,1040001502
1040001500,1040001501
1040001600,1040001601
1040001600,1040001602
1040001700,1040001702
1040001700,1040001701
1040001800,1040001801
1040001800,1040001802
1040001900,1040001901
1040001900,1040001902
1040002000,1040002002
1040002100,1040002102
1040002200,1040002201
1040002300,1040002301
1040002300,1040047201
1040002400,1040047101
1040002400,1040002401
1040002500,1040002500
1040002600,1040002602
1040002700,1040047001
1040002800,1040046901
1040003100,1040003100
1040003200,1040003200
1040003300,1040046001
1040003300,1040045601
1040003300,1040045401
1040003300,1040045201
1040003400,1040045101
1040003400,1040045301
1040003400,1040045501
1040003400,1040045901
1040003700,1040003702
1040003700,1040003703
1040003700,1040003704
1040003800,1040003803
1040003800,1040003804
1040003800,1040003802
1040003900,1040003904
1040003900,1040003903
1040003900,1040003901
1040004000,1040004002
1040004000,1040004003
1040004000,1040004004
1040004100,1040004101
1040004200,1040004201
1040004300,1040004302
1040004300,1040004301
1040004400,1040004402
1040004400,1040004403
1040004700,1040004702
1040004700,1040004701
1040004800,1040004801
1040004800,1040004802
1040004900,1040004901
1040004900,1040004903
1040005000,1040005003
1040005000,1040005002
1040005100,1040005103
1040005100,1040005101
1040005200,1040005202
1040005200,1040005203
1040005200,1040005204
1040005300,1040005302
1040005300,1040005301
1040005400,1040005401
1040005400,1040005402
1040005500,1040005502
1040005500,1040005503
1040005500,1060022300
1040005500,1060023600
1040005500,1060024600
1040005600,1040005600
1040005700,1040005700
1040005800,1040005801
1040005800,1040005802
1040005800,1040005803
1040005900,1040005903
1040005900,1040005902
1040005900,1040005901
1040006200,1040006205
1040006200,1040006204
1040006200,1040006203
1040006300,1040006303
1040006300,1040006304
1040006300,1040006305
1040006400,1040006402
1040006400,1040006401
1040006500,1040006501
1040006500,1040006502
1040006600,1040006600
1040006700,1040006700
1040007000,1040007002
1040007000,1040007001
1040007100,1040007101
1040007100,1040007102
1040007200,1040007200
1040007300,1040007300
1040007600,1040007600
1040007700,1040007700
1040008000,1040008000
1040008100,1040008100
1040008200,1040008200
1040008200,1040006802
1040008300,1040008301
1040008300,1040008302
1040008400,1040008402
1040008400,1040008401
1040008500,1040008500
1040008600,1040008601
1040008600,1040008602
1040008700,1040008702
1040008700,1040008701
1040008800,1040008802
1040008900,1040008900
1040009000,1040009005
1040009000,1040009004
1040009000,1040009002
1040009000,1040009001
1040009100,1040009101
1040009100,1040009102
1040009100,1040009104
1040009100,1040009105
1040009200,1040009202
1040009200,1040009201
1040009300,1040009301
1040009300,1040009302
1040009400,1040010200
1040009500,1040010302
1040009800,1040009803
1040009800,1040009802
1040009800,1040009801
1040009800,1040009304
1040009900,1040009203
1040009900,1040009902
1040009900,1040009903
1040009900,1040009904
1040010000,1040010001
1040010000,1040010002
1040010000,1040010003
1040010100,1040010103
1040010100,1040010102
1040010100,1040010101
1040010400,1040010402
1040010500,1040010502
1040010600,1040010600
1040010700,1040010702
1040010800,1040010801
1040010800,1040010802
1040010900,1040010901
1040010900,1040010902
1040011000,1040011000
1040011100,1040011100
1040011400,1040011400
1040011500,1040011501
1040011500,1040011502
1040011600,1040011604
1040011600,1040011605
1040011600,1040011606
1040011600,1040011602
1040011600,1040011601
1040011700,1040011702
1040011700,1040011705
1040011700,1040011706
1040011700,1040011704
1040011800,1040011800
1040011800,1240042000
1040011800,1240041200
1040011900,1240041300
1040011900,1240041900
1040011900,1240224500
1040011900,1240224600
1040011900,1040042800
1040012000,1040012000
1040012100,1040012100
1040012200,1040012200
1040012300,1040012300
1040012600,1040012600
1040012700,1040012700
1040012800,1040043901
1040012800,1040044101
1040012800,1040044501
1040012800,1040044701
1040012900,1040044801
1040012900,1040044601
1040012900,1040044201
1040012900,1040044001
1040013000,1040013003
1040013000,1040013004
1040013000,1040013002
1040013100,1040013102
1040013100,1040013103
1040013100,1040013104
1040013200,1040013202
1040013200,1040013203
1040013200,1040013204
1040013300,1040013304
1040013300,1040013303
1040013300,1040013302
1040013400,1040013400
1040013500,1040013500
1040013600,1040013601
1040013600,1040013602
1040013700,1040013702
1040013700,1040013701
1040014000,1040014001
1040014000,1040014002
1040014100,1040014101
1040014100,1040014102
1040014200,1040014203
1040014200,1040014202
1040014200,1040014201
1040014300,1040014301
1040014300,1040014302
1040014300,1040014303
1040014600,1040014602
1040014600,1040014601
1040014700,1040014701
1040014700,1040014702
1040014800,1040014803
1040014800,1040014802
1040014900,1040014901
1040014900,1040014902
1040015000,1040015000
1040015100,1040015100
1040015200,1040015202
1040015200,1040015201
1040015300,1040015301
1040015300,1040015302
1040015400,1040015400
1040015400,1030002302
1040015500,1040005501
1040015500,1040015500
1040015500,1050003804
1040015600,1040015600
1040015700,1040015700
1040015800,1040015800
1040015900,1040015902
1040016000,1040016000
1040016100,1040016100
1040016200,1040016200
1040016300,1040016300
1040016400,1040016403
1040016400,1040016402
1040016500,1040016500
1040016600,1040016602
1040016600,1040016601
1040016700,1040016701
1040016700,1040016702
1040016700,1040016703
1040016800,1040016802
1040016800,1040016801
1040016900,1040016901
1040016900,1040016902
1040017000,1040017000
1040017100,1040017100
1050000300,1050000305
1050000300,1050000304
1050000300,1050000303
1050000300,1050000302
1050000300,1050000301
1050000400,1050000406
1050000400,1050000405
1050000400,1050000404
1050000400,1050000403
1050000400,1050000401
1050000500,1050000501
1050000500,1050000502
1050000500,1050000503
1050000500,1050000504
1050000500,1050000505
1050000600,1050000603
1050000600,1050000602
1050000600,1050000601
1050000700,1050000701
1050000700,1050000702
1050000700,1050000703
1050000800,1050000805
1050000800,1050000804
1050000800,1050000803
1050000800,1050000802
1050000800,1050000801
1050000900,1050000901
1050000900,1050000903
1050000900,1050000904
1050001000,1050001002
1050001000,1050001001
1050001100,1050001102
1050001100,1050001103
1050001200,1050001201
1050001300,1050001300
1050001400,1050001402
1050001400,1050001401
1050001500,1050001501
1050001500,1050001502
1050001600,1050001600
1050001700,1050001701
1050001800,1070073900
1050001800,1050060000
1050001900,1050059900
1050001900,1070073600
1050002000,1050002000
1050002100,1050002102
1050002100,1050002103
1050002400,1050002404
1050002400,1050002403
1050002400,1050002402
1050002400,1050002401
1050002500,1050045700
1050002500,1050002502
1050002500,1050002503
1050002500,1050002504
1050002600,1050002600
1050002700,1050002700
1050002800,1050002802
1050002800,1050002801
1050002900,1050002901
1050002900,1050002902
1050003000,1050003001
1050003000,1060065600
1050003100,1060065700
1050003100,1050003101
1050003200,1070075300
1050003300,1070074100
1050003600,1070077600
1050003600,1050003601
1050003700,1050003701
1050003700,1050003702
1050003700,1050003703
1050003700,1050003704
1050003800,1050003803
1050003800,1050003802
1050003800,1050003801
1050003900,1050003900
1050004000,1050004000
1050004100,1050004107
1050004100,1050004106
1050004100,1050004104
1050004100,1050004103
1050004100,1050004102
1050004100,1050004101
1050004200,1050004201
1050004200,1050004202
1050004200,1050004203
1050004200,1050004204
1050004200,1050004205
1050004300,1050004311
1050004300,1050004310
1050004300,1050004308
1050004300,1050004307
1050004300,1050004306
1050004300,1050004305
1050004300,1050004304
1050004300,1050004303
1050004300,1050004302
1050004300,1050004301
1050004400,1050004401
1050004400,1050004402
1050004400,1050004403
1050004400,1050004404
1050004400,1050004405
1050004400,1050004406
1050004400,1050004407
1050004400,1050004408
1050004400,1050004410
1050004400,1050004411
1050004500,1050004504
1050004500,1050004503
1050004500,1050004502
1050004500,1050004501
1050004600,1050004601
1050004600,1050004602
1050004600,1050004603
1050004600,1050004604
1050004701,1050004701
1050004702,1050004702
1050004703,1050004703
1050004704,1050004704
1050004801,1050004801
1050004802,1050004802
1050004803,1050004803
1050004804,1050004804
1050004900,1050004901
1050004900,1050004902
1050005000,1050005001
1050005000,1050005002
1050005100,1050005103
1050005100,1050005102
1050005200,1050005202
1050005200,1050005203
1050005300,1050005301
1050005300,1050005302
1050005400,1050005402
1050005400,1050005401
1050005500,1050005504
1050005500,1050005503
1050005500,1050005502
1050005500,1030066100
1050005600,1030065900
1050005600,1030066000
1050005700,1050005700
1050005700,1060065100
1050005800,1060065000
1050005800,1050005800
1050005900,1050005901
1050005900,1030049700
1050006000,1030049600
1050006000,1050006001
1050006100,1050006101
1050006100,1050006102
1050006100,1050006103
1050006100,1050006104
1050006100,1050006105
1050006200,1050006205
1050006200,1050006204
1050006200,1050006203
1050006200,1050006202
1050006200,1050006201
1050006300,1050006303
1050006300,1050006304
1050006300,1050006301
1050006400,1050006401
1050006400,1050006403
1050006400,1050006404
1050006500,1050006500
1050006600,1050006600
1050006700,1050006700
1050006800,1050006800
1050006900,1050006901
1050006900,1050006902
1050006900,1050006903
1050007000,1050007003
1050007000,1050007002
1050007000,1050007001
1050007100,1050007103
1050007100,1050007104
1050007100,1050007102
1050007200,1050007202
1050007200,1050007203
1050007200,1050007204
1050007300,1050007303
1050007300,1050007304
1050007300,1050007305
1050007300,1050007306
1050007400,1050007405
1050007400,1050007406
1050007400,1050007403
1050007400,1050007404
1050007500,1030066400
1050007500,1030066300
1050007600,1030066200
1050007700,1050007700
1050007800,1050007800
1050007900,1050007902
1050007900,1050007901
1050008000,1050008001
1050008000,1050008002
1050008000,1050008003
1050008100,1050008101
1050008100,1050008102
1050008100,1050008104
1050008200,1050008203
1050008200,1050008202
1050008200,1050008201
1050008300,1050008301
1050008300,1050008302
1050008300,1050008303
1050008300,1050008304
1050008400,1050008404
1050008400,1050008403
1050008400,1050008402
1050008400,1050008401
1050008500,1050008505
1050008500,1050008504
1050008500,1050008503
1050008500,1050008502
1050008600,1050008602
1050008600,1050008603
1050008600,1050008604
1050008600,1050008605
1050008700,1050060801
1050008700,1050061001
1050008800,1050061101
1050008800,1050060901
1050008900,1050008900
1050009000,1050009000
1050009100,1050009103
1050009100,1050009102
1050009100,1050009101
1050009200,1050009201
1050009200,1050009202
1050009200,1050009203
1050009301,1050009301
1050009302,1050009302
1050009401,1050009401
1050009402,1050009402
1050009500,1050009504
1050009500,1050009503
1050009500,1050009502
1050009500,1050009506
1050009500,1050009505
1050009600,1050009605
1050009600,1050009606
1050009600,1050009602
1050009600,1050009603
1050009600,1050009604
1050009700,1050009703
1050009700,1050009702
1050009700,1050009701
1050009800,1050009801
1050009800,1050009802
1050009800,1050009803
1050009900,1050009904
1050009900,1050009903
1050009900,1050009902
1050009900,1050009901
1050010000,1050010001
1050010000,1050010002
1050010000,1050010003
1050010000,1050010004
1050010100,1050010103
1050010100,1050010102
1050010200,1050010202
1050010200,1050010203
1050010300,1050010305
1050010300,1050010307
1050010300,1050010306
1050010300,1050010303
1050010300,1050010302
1050010300,1050010301
1050010400,1050010401
1050010400,1050010402
1050010400,1050010403
1050010400,1050010404
1050010400,1050010405
1050010500,1050010501
1050010600,1050010601
1050010600,1050010602
1050010700,1050010701
1050010800,1050010801
1050010900,1050010900
1050011000,1050011000
1050011100,1050011105
1050011100,1050011104
1050011100,1050011103
1050011100,1050011102
1050011100,1050011101
1050011200,1050011201
1050011200,1050011202
1050011200,1050011203
1050011200,1050011204
1050011200,1050011205
1050011300,1050011302
1050011300,1050011301
1050011400,1050011401
1050011400,1050011402
1050011400,1050011403
1050011500,1050011502
1050011500,1050011501
1050011600,1050011601
1050011600,1050011602
1050011600,1050011603
1050011700,1050011703
1050011700,1050011704
1050011700,1050011701
1050011800,1050011801
1050011800,1050011803
1050011800,1050011804
1050011900,1050011904
1050011900,1050011903
1050011900,1050011902
1050011900,1050011901
1050012000,1050012001
1050012000,1050012002
1050012000,1050012003
1050012000,1050012004
1050012100,1050012102
1050012100,1050012101
1050012200,1050012201
1050012200,1050012202
1050012300,1050012300
1050012400,1050012400
1050012500,1050012500
1050012600,1050012600
1050012700,1060065500
1050012700,1060065400
1050012700,1050012702
1050012800,1050012802
1050012800,1060065200
1050012800,1060065300
1050012900,1050012900
1050013000,1050013000
1050013100,1050013102
1050013200,1050013201
1050013200,1050013202
1050013300,1050013303
1050013300,1050013302
1050013300,1050013301
1050013400,1050013401
1050013400,1050013403
1050013500,1050013500
1050013500,1050044500
1050013600,1050044400
1050013600,1050013600
1050013700,1050013702
1050013700,1050013701
1050013800,1050013801
1050013800,1050013802
1050013900,1050013902
1050013900,1050013901
1050014000,1050014001
1050014000,1050014002
1050014100,1050014100
1050014200,1050014200
1050014300,1050014300
1050014400,1050014400
1050014500,1050014501
1050014600,1050014601
1050014700,1050014700
1050014800,1050014800
1050014900,1050014900
1050015000,1050015000
1050015100,1050015100
1050015200,1050015200
1050015300,1050015302
1050015300,1050015301
1050015400,1050015400
1050015500,1050015500
1050015600,1050015600
1050015700,1050015701
1050015800,1050015800
1050015900,1050015902
1050015900,1050015901
1050016000,1050016001
1050016000,1050016002
1050016100,1050016102
1050016100,1050016101
1050016200,1050016201
1050016200,1050016202
1050016500,1050016502
1050016500,1050016503
1050016600,1050016602
1050016600,1050016601
1050016700,1050016702
1050016700,1050016701
1050016800,1050016801
1050016800,1050016802
1050016900,1050016901
1050017000,1050017001
1050017000,1050017002
1050017100,1050046902
1050017200,1050046801
1050017300,1050017300
1050017400,1050017400
1050017500,1050017502
1050017500,1050017501
1050017600,1050017600
1050017700,1050017701
1050017700,1050017702
1050017800,1050017801
1050017800,1050017802
1050017900,1050017901
1050018000,1050018000
1050018100,1050018100
1050018200,1050018200
1050018300,1050061601
1050018300,1070079101
1050018400,1050061401
1050018400,1050061501
1050018500,1050018500
1050018600,1050018601
1050018600,1050018602
1050018700,1050018700
1050018800,1050018801
1050018800,1050018802
1050019300,1050019300
1050019400,1050019400
1050019500,1050019503
1050019500,1050019502
1050019500,1050019504
1050019500,1050019505
1050019600,1050019604
1050019600,1050019605
1050019600,1050019602
1050019600,1050019603
1050019700,1050019700
1050019800,1050019800
1050019900,1050019900
1050020000,1050020000
1050020100,1050020101
1050020100,1050020102
1050020100,1050020103
1050020200,1050020203
1050020200,1050020202
1050020200,1050020201
1050020300,1070037300
1050020300,1070033502
1050020300,1070033501
1050020300,1050020301
1050020400,1050020401
1050020400,1070074800
1050020400,1070074900
1050020400,1070075000
1050020500,1050020503
1050020500,1050020502
1050020500,1050020501
1050020600,1050020601
1050020600,1050020602
1050020600,1050020603
1050020700,1050049300
1050020700,1050020702
1050020700,1050020701
1050020800,1050020802
1050020800,1050049400
1050020900,1060065900
1050020900,1050020904
1050020900,1050020906
1050020900,1050020905
1050020900,1050020902
1050021000,1050021001
1050021000,1050021004
1050021000,1050021005
1050021000,1050021003
1050021000,1060065800
1050021100,1050021100
1050021200,1050021200
1050021500,1070075700
1050021500,1050021501
1050021600,1050021601
1050021600,1070075600
1050021700,1070076200
1050021700,1050021703
1050021800,1050021805
1050021800,1050021806
1050021800,1070075800
1050021800,1070075900
1050021900,1070076100
1050021900,1050021902
1050021900,1050021901
1050022000,1050022002
1050022000,1050022003
1050022000,1050022004
1050048100,1050048100
1050048200,1050048200
1060000100,1060000103
1060000100,1060000102
1060000100,1060000101
1060000200,1060000201
1060000200,1060000202
1060000300,1060000302
1060000300,1060000301
1060000400,1060000401
1060000400,1060000402
1060000400,1060000403
1060000500,1060067501
1060000500,1060067101
1060000500,1060000501
1060000600,1060000601
1060000600,1060067201
1060000600,1060067601
1060000700,1060000700
1060000800,1060000802
1060000900,1060000900
1060001000,1060001000
1060001100,1060001102
1060001100,1060001101
1060001200,1060001201
1060001200,1060001202
1060001300,1060001302
1060001300,1060001301
1060001400,1060001401
1060001400,1060001402
1060001500,1060001502
1060001500,1060001501
1060001600,1060001601
1060001600,1060001602
1060001700,1060001700
1060001800,1060001800
1060001900,1060001900
1060002000,1060002000
1060002100,1060002101
1060002200,1060002201
1060002300,1060002302
1060002300,1060002301
1060002400,1060002401
1060002400,1060002402
1060002400,1060002403
1060002400,1060002404
1060002500,1060002501
1060002500,1060002502
1060002500,1060002103
1060002500,1060002104
1060002600,1060002203
1060002600,1060002204
1060002600,1060002602
1060002600,1060002601
1060002700,1060002701
1060002700,1060002702
1060002800,1060002802
1060002800,1060002801
1060002900,1060002901
1060002900,1060002902
1060003000,1060003002
1060003000,1060003001
1060003100,1060003104
1060003100,1060003103
1060003100,1060003102
1060003100,1060003101
1060003200,1060003203
1060003200,1060003202
1060003300,1060003302
1060003300,1060003301
1060003400,1060003401
1060003400,1060003402
1060003500,1060035000
1060003600,1060035100
1060003700,1060003702
1060003700,1060003701
1060003800,1060003801
1060003800,1060003802
1060003900,1060003904
1060003900,1060003903
1060003900,1060003902
1060003900,1060003901
1060004000,1060004001
1060004000,1060004002
1060004000,1060004003
1060004000,1060004004
1060004100,1060027000
1060004100,1060004101
1060004100,1060004102
1060004200,1060004202
1060004200,1060004201
1060004300,1060004301
1060004300,1060004302
1060004400,1060004403
1060004400,1060004402
1060004400,1060004401
1060004500,1060004501
1060004500,1060004502
1060004500,1060004503
1060004600,1060004603
1060004600,1060004602
1060004600,1060004601
1060004700,1060004702
1060004700,1060004703
1060005000,1060005001
1060005000,1060005002
1060005100,1060005101
1060005100,1060005102
1060005200,1060005202
1060005200,1060005201
1060005300,1060005301
1060005300,1060005302
1060005400,1060005400
1060005500,1060005500
1060005900,1100170400
1060005900,1060005901
1060006000,1060006001
1060006000,1100170300
1060006300,1060006304
1060006300,1060006303
1060006300,1060006302
1060006400,1060006402
1060006400,1060006403
1060006400,1060006404
1060006700,1060066700
1060006800,1060066600
1060006900,1060006900
1060007000,1060007000
1060007100,1060007100
1060007200,1060007200
1060007300,1060007304
1060007300,1060007303
1060007300,1060007307
1060007300,1060007308
1060007300,1060007305
1060007300,1060007306
1060007400,1060007405
1060007400,1060007406
1060007400,1060007407
1060007400,1060007408
1060007400,1060007403
1060007400,1060007404
1060007500,1060007504
1060007500,1060007503
1060007500,1060007502
1060007500,1060007501
1060007600,1060007601
1060007600,1060007602
1060007600,1060007603
1060007600,1060007604
1060007700,1060007705
1060007700,1060007706
1060007700,1060007703
1060007700,1060007702
1060007700,1060007701
1060007800,1060022400
1060007800,1060007802
1060007800,1060007803
1060007800,1060007805
1060007800,1060007806
1060007900,1060007901
1060007900,1060007902
1060008000,1060008002
1060008000,1060008001
1060008100,1060008100
1060008200,1060008200
1060008300,1060008303
1060008300,1060008302
1060008400,1060008401
1060008400,1060008402
1060008500,1060008503
1060008500,1060008502
1060008500,1060008501
1060008600,1060008601
1060008600,1060008602
1060008600,1060008603
1060008700,1060008703
1060008700,1060067901
1060008700,1060067701
1060008700,1060008701
1060008800,1060008801
1060008800,1060067801
1060008800,1060068001
1060008800,1060008803
1060008900,1060008903
1060008900,1060008902
1060008900,1060008901
1060009000,1060009001
1060009000,1060009002
1060009000,1060009003
1060009100,1060009102
1060009100,1060009101
1060009200,1060009201
1060009200,1060009202
1060009300,1060009302
1060009400,1060009400
1060009500,1060009503
1060009500,1060009502
1060009500,1060009501
1060009600,1060009601
1060009600,1060009602
1060009600,1060009603
1060009700,1060009700
1060009800,1060009800
1060009900,1060009903
1060009900,1060009902
1060009900,1060009901
1060010000,1060010001
1060010000,1060010002
1060010000,1060010003
1060010100,1060010101
1060010100,1060010102
1060010200,1060010202
1060010200,1060010201
1060010300,1060010300
1060010400,1060010400
1060010500,1060010500
1060010600,1060010601
1060010600,1060010602
1060010600,1060010603
1060010700,1060010701
1060010700,1060010702
1060010800,1060010802
1060010800,1060010801
1060010900,1060010903
1060010900,1060010902
1060010900,1060010901
1060011000,1060011000
1060011100,1060011100
1060011200,1060011200
1060011300,1060011300
1060011400,1060011400
1060011500,1060011500
1060011600,1060011600
1060011900,1060011900
1060012000,1060012000
1060012100,1060012101
1060012100,1060012102
1060012200,1060012202
1060012200,1060012201
1060012500,1060012502
1060012500,1060012501
1060012600,1060012601
1060012600,1060012602
1060012900,1060012901
1060012900,1060012902
1060013000,1060013002
1060013000,1060013001
1060013100,1060013100
1060013200,1060013200
1060013300,1060013304
1060013300,1060013303
1060013300,1060013302
1060013300,1060013301
1060013400,1060013401
1060013400,1060013402
1060013400,1060013403
1060013400,1060013404
1060013700,1060013704
1060013700,1060013703
1060013700,1060013702
1060013700,1060013701
1060013800,1060013801
1060013800,1060013802
1060013800,1060013803
1060013900,1060013902
1060013900,1060013901
1060014000,1060014001
1060014000,1060014002
1060014300,1060014303
1060014300,1060014302
1060014300,1060031800
1060014400,1060031900
1060014400,1060014402
1060014400,1060014403
1060014500,1060014500
1060014600,1060014600
1060014700,1060035600
1060014700,1060014701
1060014800,1060014801
1060014800,1060035700
1060014900,1060014902
1060014900,1060036800
1060015000,1060036700
1060015000,1060015002
1060015100,1060015100
1060015200,1060015200
1060015300,1060015301
1060015300,1060015302
1060015300,1060015303
1060015400,1060015403
1060015400,1060015402
1060015400,1060015401
1060015700,1060015702
1060015700,1060015701
1060015800,1060015801
1060015800,1060015802
1060015900,1060015905
1060015900,1060015904
1060015900,1060015903
1060016000,1060016003
1060016000,1060016004
1060016000,1060016005
1060016100,1060016103
1060016100,1060016102
1060016100,1060016101
1060016200,1060016201
1060016200,1060016202
1060016200,1060016203
1060016700,1060016702
1060016700,1060016701
1060016800,1060016801
1060016800,1060016802
1060016900,1060016902
1060016900,1060016903
1060016900,1060016904
1060017000,1060017003
1060017000,1060017004
1060017000,1060017002
1060017300,1060042300
1060017400,1060042400
1060017500,1060017504
1060017500,1060017503
1060017500,1060017502
1060017500,1060017501
1060017600,1060017601
1060017600,1060017602
1060017600,1060017603
1060017700,1060017702
1060017700,1060017701
1060017800,1060017801
1060017800,1060017802
1060018300,1060018302
1060018300,1060018301
1060018400,1060018401
1060018400,1060018402
1060018500,1060018502
1060018500,1060018501
1060018600,1060018601
1060018600,1060018602
1060018900,1060018904
1060018900,1060018905
1060018900,1060018906
1060018900,1060018901
1060019000,1060019001
1060019000,1060019005
1060019000,1060019006
1060019000,1060019004
1060019900,1060019900
1060020000,1060020000
1060020100,1060020102
1060020100,1060020101
1060020200,1060020201
1060020200,1060020202
1060020500,1060020500
1060020600,1060020600
1060021100,1100171000
1060021100,1060021102
1060021100,1060021101
1060021200,1060021201
1060021200,1060021202
1060021200,1100170900
1060021300,1060021300
1060021400,1060021400
1060021500,1060021503
1060021500,1060021501
1060021600,1060021601
1060021600,1060021602
1060021700,1060051000
1060021800,1060050900
1070000100,1070000100
1070000200,1070000200
1070000300,1070000300
1070000400,1070000400
1070000500,1070000500
1070000600,1070000600
1070001300,1070055800
1070001400,1070001400
1070001400,1070055900
1070001500,1070078000
1070001600,1070076000
1070001900,1070001902
1070001900,1000048000
1070002000,1000047900
1070002000,1070002002
1070002100,1070002102
1070002200,1080037400
1070002200,1080037600
1070002200,1070002200
1070002300,1070002302
1070002300,1070002301
1070002400,1070002401
1070002400,1070002402
1070002500,1070002503
1070002500,1070002502
1070002500,1070002501
1070002600,1070002602
1070002600,1070002603
1070002600,1070002604
1070002700,1070002702
1070002700,1070002701
1070002800,1070002801
1070002800,1070002802
1070003200,1070003201
1070003200,1070003202
1070003300,1070003303
1070003300,1070003302
1070003300,1070003301
1070003400,1070003401
1070003400,1070003402
1070003500,1070003500
1070003600,1070003600
1070003700,1070003702
1070003700,1070003701
1070003800,1070003801
1070003800,1070003802
1070004100,1070004103
1070004100,1070004104
1070004100,1070004101
1070004200,1070004201
1070004200,1070004203
1070004200,1070004204
1070004300,1070004301
1070004400,1070004401
1070004400,1070004402
1070004500,1070004500
1070004600,1070004600
1070004700,1070004702
1070004800,1070004802
1070004900,1070004900
1070005000,1070005000
1070005100,1070026400
1070005100,1070005102
1070005200,1070005201
1070005200,1070005202
1070005200,1050046100
1070005500,1070005502
1070005500,1070005501
1070005600,1070005601
1070005600,1070005602
1070005700,1070005700
1070005800,1070005800
1070005900,1070005902
1070005900,1070005901
1070006000,1070006001
1070006000,1070006002
1070006300,1070006303
1070006300,1070006302
1070006400,1070006402
1070006400,1070006403
1070006700,1070006702
1070006700,1070006701
1070006800,1070006801
1070006800,1070006802
1070007100,1070007102
1070007100,1070007101
1070007200,1070007201
1070007200,1070007202
1070007300,1070007303
1070007300,1070007302
1070007400,1070007402
1070007400,1070007403
1070007500,1070007502
1070007500,1070007501
1070007600,1070007602
1070007600,1070007603
1070007700,1070007703
1070007700,1070007702
1070007700,1070007701
1070007800,1070007801
1070007800,1070007802
1070007800,1070007803
1070008100,1070008100
1070008200,1070008202
1070008500,1070008500
1070008600,1070008600
1070008700,1070008703
1070008700,1070008702
1070008700,1070008701
1070008800,1070008801
1070008800,1070008802
1070008800,1070008803
1070009100,1070009100
1070009200,1070009201
1070009200,1070009202
1070009300,1070009302
1070009400,1070009402
1070009500,1070009503
1070009500,1070009502
1070009500,1070009501
1070009600,1070009601
1070009600,1070009602
1070009600,1070009603
1070010300,1070010307
1070010300,1070010306
1070010300,1070010305
1070010300,1070010304
1070010300,1070010303
1070010300,1070010302
1070010300,1070010301
1070010400,1070010401
1070010400,1070010402
1070010400,1070010403
1070010400,1070010404
1070010400,1070010405
1070010400,1070010407
1070010400,1070010408
1070010500,1070010503
1070010500,1070010502
1070010500,1070010501
1070010600,1070010601
1070010600,1070010602
1070010600,1070010603
1070010700,1070010702
1070010700,1070010701
1070010800,1070010801
1070010800,1070010802
1070010900,1070010901
1070010900,1070010902
1070010900,1070010903
1070010900,1070010904
1070011000,1070011004
1070011000,1070011003
1070011000,1070011002
1070011000,1070011001
1070011100,1070011102
1070011100,1070011101
1070011200,1070011201
1070011200,1070011202
1070011700,1070039200
1070011800,1070038000
1070011800,1070038900
1070011800,1070040400
1070012100,1070012103
1070012100,1070012102
1070012200,1070012201
1070012200,1070012202
1070012300,1070012301
1070012300,1070012302
1070012300,1070012303
1070012300,1070012304
1070012300,1070012305
1070012400,1070012402
1070012400,1070012401
1070012500,1070012500
1070012600,1070012602
1070012700,1070012703
1070012700,1070012705
1070012700,1070012704
1070012700,1070012701
1070012800,1070012802
1070012800,1070012803
1070012900,1070012902
1070013000,1070013002
1070013100,1070013102
1070013100,1070013101
1070013200,1070013200
1070013300,1070013301
1070013300,1070013302
1070013300,1070013303
1070013400,1070013403
1070013400,1070013402
1070013400,1070013401
1070013700,1070013706
1070013700,1070013705
1070013700,1070013704
1070013700,1070013703
1070013700,1070013702
1070013700,1070013701
1070013800,1070013801
1070013800,1070013802
1070013800,1070013803
1070013800,1070013804
1070013800,1070013805
1070013800,1070013806
1070013900,1070013905
1070013900,1070013904
1070013900,1070013903
1070013900,1070013902
1070013900,1070013901
1070014000,1070014001
1070014000,1070014002
1070014000,1070014003
1070014000,1070014004
1070014000,1070014005
1070014700,1070014700
1070014800,1070014800
1070014900,1070014905
1070014900,1070014904
1070014900,1070014903
1070014900,1070014902
1070014900,1070014901
1070015000,1070015001
1070015000,1070015002
1070015000,1070015003
1070015000,1070015004
1070015000,1070015005
1070015100,1070015100
1070015200,1070015200
1070015300,1070015304
1070015300,1070015303
1070015300,1070015302
1070015300,1070015301
1070015400,1070015401
1070015400,1070015402
1070015400,1070015403
1070015400,1070015404
1070015500,1070015501
1070015600,1070015601
1070015600,1070015602
1070015700,1070015703
1070015700,1070015702
1070015700,1070015701
1070015800,1070015801
1070015800,1070015802
1070015800,1070015803
1070015900,1070015902
1070015900,1070015901
1070016000,1070016001
1070016000,1070016002
1070016100,1070016101
1070016100,1070016102
1070016200,1070016204
1070016200,1070016203
1070016200,1070016202
1070016301,1070016301
1070016302,1070016302
1070016401,1070016401
1070016402,1070016402
1070016500,1070016502
1070016500,1070016501
1070016600,1070016601
1070016600,1070016602
1070016900,1070016905
1070016900,1070016904
1070016900,1070016903
1070016900,1070016902
1070016900,1070016901
1070017000,1070017001
1070017000,1070017002
1070017000,1070017003
1070017000,1070017004
1070017000,1070017005
1070017300,1080037100
1070017300,1080036300
1070017300,1080036100
1070017300,1070017303
1070017300,1070017302
1070017300,1070017301
1070017400,1070017401
1070017400,1070017402
1070017400,1070017403
1070017400,1080036000
1070017400,1080036200
1070017400,1080037000
1070017700,1070017700
1070017800,1070017800
1070017900,1070017902
1070017900,1070017901
1070018000,1070018001
1070018000,1070018002
1070018100,1070018107
1070018100,1070077500
1070018100,1070018103
1070018100,1070018102
1070018200,1070018201
1070018200,1070018202
1070018200,1070077400
1070018200,1070018206
1070018300,1080036700
1070018300,1080036500
1070018300,1080035900
1070018300,1070018302
1070018300,1070018301
1070018400,1070018401
1070018400,1070018402
1070018400,1080035800
1070018400,1080036400
1070018400,1080036600
1070018500,1070018500
1070018600,1070018600
1070018700,1070018703
1070018700,1070018702
1070018800,1070018801
1070018800,1070018802
1070018800,1070018803
1070018800,1070018804
1070018900,1070018901
1070019000,1070019001
1070019100,1070019102
1070019100,1070019101
1070019200,1070019201
1070019200,1070019202
1070019301,1070019301
1070019302,1070019302
1070019401,1070019401
1070019402,1070019402
1070019500,1070019500
1070019600,1070019600
1070019700,1070019700
1070019800,1070019800
1070019900,1100170600
1070019900,1100170200
1070019900,1100170000
1070020000,1100169900
1070020000,1100170100
1070020000,1100170500
1070020100,1070020104
1070020100,1070020103
1070020100,1070020102
1070020100,1070020101
1070020200,1070020201
1070020200,1070020202
1070020200,1070020203
1070020200,1070020204
1070020300,1080037300
1070020300,1080036900
1070020300,1070020302
1070020300,1070020311
1070020300,1070020310
1070020300,1070020309
1070020300,1070020308
1070020300,1070020307
1070020400,1070020406
1070020400,1070020407
1070020400,1070020408
1070020400,1070020402
1070020400,1070020409
1070020400,1070020410
1070020400,1080036800
1070020400,1080037200
1070020500,1070020501
1070020500,1070020502
1070020600,1070020602
1070020600,1070020601
1070020701,1070020701
1070020702,1070020702
1070020703,1070020706
1070020703,1070020707
1070020703,1070020705
1070020801,1070020801
1070020802,1070020802
1070020803,1070020804
1070020803,1070020806
1070020803,1070020807
1070020900,1070020900
1070021000,1070021001
1070021000,1070021002
1070021100,1100171500
1070021100,1100171200
1070021100,1100170800
1070021100,1070021102
1070021100,1070021101
1070021200,1070021201
1070021200,1100170700
1070021200,1100171100
1070021200,1100171400
1070021300,1070021303
1070021300,1070021302
1070021300,1070021304
1070021300,1070072200
1070021400,1070072300
1070021400,1070021404
1070021400,1070021402
1070021500,1070021505
1070021500,1070021504
1070021500,1070021503
1070021500,1070021502
1070021500,1070021501
1070021600,1070021601
1070021600,1070021602
1070021600,1070021603
1070021600,1070021604
1070021600,1070021605
1070021700,1100172300
1070021700,1100172100
1070021700,1100171900
1070021700,1100171700
1070021700,1070021701
1070021800,1070021801
1070021800,1100171600
1070021800,1100171800
1070021800,1100172000
1070021800,1100172200
1070021900,1080037700
1070021900,1080037500
1070021900,1070021901
1080000900,1080000900
1080001000,1070076400
1080001100,1070076700
1080001200,1070076600
1080001300,1080001303
1080001300,1080001302
1080001300,1080001301
1080001400,1080001401
1080001400,1080001402
1080001400,1080001403
1080001500,1080001500
1080001600,1080001600
1080001700,1070077300
1080001700,1070077100
1080001700,1070076900
1080001800,1070076800
1080001800,1070077000
1080001800,1070077200
1080001900,1080001900
1080002000,1080002000
1080002100,1080002100
1080002200,1080002200
1080002300,1080002301
1080002300,1080002302
1080002400,1080002402
1080002400,1080002401
1080002500,1080002502
1080002500,1080002504
1080002500,1080002505
1080002600,1080002605
1080002600,1080002606
1080002600,1080002603
1080002700,1080002703
1080002700,1080002702
1080002700,1080002701
1080002800,1080002801
1080002800,1080002802
1080002800,1080002803
1080002900,1080002901
1080003000,1080003001
1080003100,1080003110
1080003100,1080003109
1080003100,1080003108
1080003100,1080003107
1080003100,1080003106
1080003100,1080003105
1080003100,1080003104
1080003100,1080003103
1080003100,1080003102
1080003100,1080003101
1080003200,1080003201
1080003200,1080003202
1080003200,1080003203
1080003200,1080003204
1080003200,1080003205
1080003200,1080003206
1080003200,1080003207
1080003200,1080003208
1080003200,1080003209
1080003200,1080003210
1080003300,1080003302
1080003300,1080003301
1080003400,1080003401
1080003400,1080003402
1080003700,1080003703
1080003700,1080003702
1080003700,1080003701
1080003800,1080003801
1080003800,1080003802
1080003800,1080003803
1080003900,1080003909
1080003900,1080003908
1080003900,1080003907
1080003900,1080003906
1080003900,1080003905
1080003900,1080003903
1080003900,1080003902
1080004000,1080004002
1080004000,1080004003
1080004000,1080004004
1080004000,1080004005
1080004000,1080004006
1080004000,1080004007
1080004000,1080004008
1080004000,1080004009
1080004300,1080004306
1080004300,1080004305
1080004300,1080004304
1080004300,1080004303
1080004300,1080004302
1080004300,1080004301
1080004400,1080004401
1080004400,1080004402
1080004400,1080004403
1080004400,1080004404
1080004400,1080004405
1080004400,1080004406
1080004500,1080004500
1080004600,1080004600
1080004700,1080004702
1080004700,1080004701
1080004800,1080004801
1080004800,1080004802
1080005100,1080005105
1080005100,1080005104
1080005100,1080005103
1080005100,1080005102
1080005100,1080005101
1080005200,1080005201
1080005200,1080005202
1080005200,1080005203
1080005200,1080005204
1080005200,1080005205
1080005300,1080005302
1080005400,1080005400
1080005700,1080005702
1080005700,1080005701
1080005800,1080005801
1080005800,1080005802
1080005901,1080005901
1080005902,1080005902
1080006001,1080006001
1080006002,1080006002
1080006500,1080006500
1080006600,1080006600
1080006700,1080006702
1080006700,1080006701
1080006800,1080006801
1080006800,1080006802
1080006900,1080006900
1080007000,1080007000
1080007100,1080007102
1080007100,1080007101
1080007200,1080007201
1080007200,1080007202
1080007300,1080007302
1080007300,1080007301
1080007400,1080007401
1080007400,1080007402
1080007500,1080007500
1080007600,1080007600
1080007703,1090043400
1080007704,1090043600
1080007803,1090043500
1080007804,1090043700
1080007900,1080009301
1080007900,1080007900
1080008000,1080008000
1080008000,1080009401
1080008100,1080008101
1080008200,1080008200
1080008300,1080008300
1080008400,1080008400
1080008701,1080008701
1080008801,1080008801
1080008900,1090043900
1080008900,1080008901
1080009000,1080009002
1080009000,1090043800
1080009100,1080009103
1080009100,1080009102
1080009100,1080009101
1080009200,1080009201
1080009200,1080009202
1080009200,1080009203
1080009300,1080009302
1080009400,1080009402
1080009500,1080009502
1080009500,1080009501
1080009600,1080009601
1080009600,1080009602
1080009700,1080009704
1080009700,1080009703
1080009700,1080009702
1080009800,1080009801
1080009800,1080009802
1080009800,1080009803
1080009900,1080009900
1080010000,1080010000
1080010100,1080010102
1080010100,1080010101
1080010200,1080010201
1080010200,1080010202
1080010300,1080010304
1080010300,1080010303
1080010300,1080010302
1080010300,1080010301
1080010400,1080029100
1080010400,1080010402
1080010400,1080010403
1080010400,1080010404
1080010500,1080010500
1080010600,1080010600
1080010700,1080010700
1080010800,1080010800
1080010900,1080010900
1080011000,1080011000
1080011100,1080011104
1080011100,1080011102
1080011100,1080011101
1080011200,1080011201
1080011200,1080011202
1080011200,1080011203
1080011300,1090044500
1080011300,1080011301
1080011400,1080011401
1080011400,1090044400
1080011500,1080011500
1080011600,1080011600
1080011900,1080011902
1080011900,1080011901
1080012000,1080012001
1080012000,1080012002
1080012100,1080012100
1080012200,1080012200
1080012300,1090045300
1080012300,1090045100
1080012300,1080012302
1080012300,1080012301
1080012400,1080012401
1080012400,1080012402
1080012400,1090045000
1080012400,1090045200
1080012500,1080012503
1080012500,1080012502
1080012500,1080012501
1080012600,1080012601
1080012600,1080012602
1080012600,1080012603
1080012700,1080012700
1080012800,1080012800
1080012900,1080012903
1080012900,1080012902
1080012900,1080012901
1080013000,1080013002
1080013000,1080013003
1080013000,1080013004
1080013100,1080013103
1080013100,1080013102
1080013100,1080013101
1080013200,1080013201
1080013200,1080013202
1080013200,1080013203
1080013300,1080038001
1080013300,1090046100
1080013300,1090045800
1080013300,1090045600
1080013400,1090045700
1080013400,1090045900
1080013400,1090046000
1080013400,1080038101
1080028800,1080028800
1080028900,1080028900
1090000100,1090000101
1090000100,1090000102
1090000100,1090000103
1090000200,1090000203
1090000200,1090000202
1090000200,1090000201
1090000300,1090000303
1090000300,1090000302
1090000300,1090000301
1090000400,1090000401
1090000400,1090000402
1090000400,1090000403
1090000500,1090000501
1090000500,1090000502
1090000500,1090000503
1090000500,1090048401
1090000500,2070430301
1090000600,2070430201
1090000600,1090048301
1090000600,1090000603
1090000600,1090000602
1090000600,1090000601
1090000700,1090000703
1090000700,1090000702
1090000700,1090000701
1090000800,1090000801
1090000800,1090000802
1090000800,1090000803
1090000901,1090000901
1090000902,1090000902
1090000903,1090000903
1090000904,1090000904
1090001001,1090001001
1090001002,1090001002
1090001003,1090001003
1090001004,1090001004
1090001100,1090001100
1090001200,1090001200
1090001500,1090001500
1090001600,1090001600
1090001700,1090001702
1090001700,1090001701
1090001800,1090001801
1090001800,1090001802
1090001900,1090001900
1090002000,1090002000
1090002100,1090002100
1090002200,1090002200
1090002300,1090016900
1090002400,1090016800
1090002501,1090002501
1090002600,1090002600
1090002700,1090002700
1090002800,1090002800
1090003300,1090003300
1090003400,1090003400
1090003700,1090003700
1090003800,1090003801
1090003800,1090003802
1090004100,1090004102
1090004100,1090004101
1090004200,1090004201
1090004200,1090004202
1090004500,1090004500
1090004600,1090004600
1090004700,1090004700
1090004800,1090004800
1090004900,1090004900
1090005000,1090005000
1090005100,1090005100
1090005200,1090005200
1090005300,1090005301
1090005300,1090005302
1090005400,1090005403
1090005400,1090005402
1090005500,1090005500
1090005600,1090005601
1090005600,1090005602
1090005700,1090005700
1090005800,1090005800
1090005900,1090020402
1090005900,1090019700
1090006000,1090019600
1090006000,1090020302
1090006500,1090006502
1090006500,1090006501
1090006600,1090006601
1090006600,1090006602
1090006900,1090006900
1090007000,1090007000
1090007100,1090007102
1090007100,1090007101
1090007200,1090007201
1090007200,1090007202
1090007300,1090007303
1090007300,1090007302
1090007300,1090007301
1090007400,1090007401
1090007400,1090007402
1090007400,1090007403
1090007700,1090007703
1090007700,1090007702
1090007700,1090007701
1090007800,1090007801
1090007800,1090007802
1090007800,1090007803
1090008100,1090008101
1090008100,1090008102
1090008100,1090008103
1090008100,1090008104
1090008200,1090008204
1090008200,1090008203
1090008200,1090008202
1090008200,1090008201
1090008300,1090008301
1090008300,1090008302
1090008400,1090008401
1090008400,1090008402
1090008500,1090008503
1090008500,1090008501
1090008600,1090008601
1090008600,1090008602
1090008700,1090008703
1090008700,1090008702
1090008700,1090008701
1090008800,1090008801
1090008800,1090008802
1090008800,1090008803
1090008900,1090008903
1090008900,1090008902
1090008900,1090008901
1090009000,1090009001
1090009000,1090009002
1090009000,1090009003
1090009100,1090009102
1090009100,1090009101
1090009200,1090009201
1090009200,1090009202
1090009300,1090009302
1090009300,1090009301
1090009400,1090009401
1090009400,1090009402
1090009500,1090009503
1090009500,1090009502
1090009500,1090009501
1090009600,1090009601
1090009600,1090009602
1090009600,1090009603
1090009700,1090009702
1090009700,1090009701
1090009800,1090009801
1090009800,1090009802
1090009900,1090009902
1090009900,1090029500
1090009900,1090009906
1090010000,1090010006
1090010000,1090029600
1090010000,1090010003
1090010000,1090010002
1090010100,1090010100
1090010200,1090010200
1090010300,1090010301
1090010300,1090010302
1090010400,1090010402
1090010400,1090010401
1090010700,1090010700
1090010800,1090010800
1090010900,1090010904
1090010900,1090010903
1090010900,1090010902
1090010900,1090010901
1090011000,1090011002
1090011000,1090011003
1090011000,1090011004
1090011000,1090011005
1090011100,1090011102
1090011100,1090011101
1090011200,1090011201
1090011200,1090011202
1090011500,1090011506
1090011500,1090011505
1090011500,1090011504
1090011500,1090011503
1090011500,1090011502
1090011500,1090011501
1090011600,1090011601
1090011600,1090011602
1090011600,1090011603
1090011600,1090011604
1090011600,1090011605
1090011600,1090011606
1090011700,1090011700
1090011800,1090011800
1090011900,1090011900
1090012000,1090012000
1090012100,1090012103
1090012100,1090012102
1090012100,1090012101
1090012200,1090012201
1090012200,1090012202
1090012200,1090012203
1090012500,1090012501
1090012500,1090012502
1090012600,1090012601
1090012600,1090012602
1090012700,1090012704
1090012700,1090012702
1090012700,1090012701
1090012800,1090012801
1090012800,1090012802
1090012800,1090012804
1090012900,1090012904
1090012900,1090012903
1090012900,1090012902
1090012900,1090012901
1090013000,1090013001
1090013000,1090013002
1090013000,1090013003
1090013000,1090013004
1090013300,1090013300
1090013400,1090013400
1090017100,1090017100
1090017200,1090017200
1090017500,1090017500
1090017600,1090017600
1090020900,1090020901
1090020900,1090020902
1090021000,1090021001
1090021000,1090021002
1090047701,1090047701
1090047801,1090047801
1090048001,1090048001
1100000300,1100000305
1100000300,1100000304
1100000300,1100000303
1100000300,1100000302
1100000300,1100000301
1100000400,1100000401
1100000400,1100000402
1100000400,1100000403
1100000400,1100000404
1100000400,1100000405
1100000500,1100000502
1100000500,1100000501
1100000600,1100000601
1100000600,1100000602
1100000700,1100000700
1100000800,1100000800
1100000900,1100052200
1100000900,1100000901
1100001000,1100001001
1100001000,1100052300
1100001100,1100001103
1100001200,1100001203
1100001400,1100000603
1100001400,1100177301
1100001500,1100001502
1100001600,1100001602
1100001700,1100001700
1100001800,1100001800
1100002000,1100177401
1100002000,1100177601
1100002000,1100002002
1100002100,1100002100
1100002200,1100002200
1100002300,1100002300
1100002400,1100002400
1100002600,1100002602
1100002600,1100002603
1100002700,1100002702
1100002700,1100002701
1100002800,1100002801
1100002800,1100002802
1100003000,1100003002
1100003000,1100003401
1100003100,1100003100
1100003200,1100003200
1100003400,1100003402
1100003400,1100003403
1100003500,1100003502
1100003500,1100003501
1100003600,1100003601
1100003600,1100003602
1100003800,1100003803
1100003900,1100003902
1100003900,1100003901
1100004000,1100004001
1100004000,1100004002
1100004200,1100004201
1100004300,1100004303
1100004300,1100004304
1100004300,1100004301
1100004400,1100004401
1100004400,1100004403
1100004400,1100004404
1100004500,1100004502
1100004600,1100004600
1100004800,1100077300
1100005100,1100005100
1100005200,1100005200
1100005300,1100177201
1100005300,1100176901
1100005400,1100005401
1100005400,1100177001
1100005400,1100177101
1100005500,1100005501
1100005600,1100005601
1100005700,1100005707
1100005700,1100005706
1100005700,1100005705
1100005700,1100005704
1100005700,1100005703
1100005700,1100005702
1100005700,1100005701
1100005800,1100005801
1100005800,1100005802
1100005800,1100005803
1100005800,1100005804
1100005800,1100005805
1100005800,1100005806
1100005800,1100005807
1100006100,1100006101
1100006100,1100006102
1100006100,1100006103
1100006100,1100006104
1100006200,1100006204
1100006200,1100006203
1100006200,1100006202
1100006200,1100006201
1100006300,1090048101
1100006300,1100178201
1100006400,1100178301
1100006400,1090048201
1100006500,1100006506
1100006500,1100006505
1100006500,1100006504
1100006500,1100006503
1100006500,1100006502
1100006500,1100006501
1100006600,1100006601
1100006600,1100006602
1100006600,1100006603
1100006600,1100006604
1100006600,1100006605
1100006700,1100006722
1100006700,1100006712
1100006800,1100006812
1100006800,1100006822
1100006800,1100006803
1100006900,1100006902
1100007000,1100007002
1100007100,1100007105
1100007100,1100007104
1100007100,1100007103
1100007200,1100007203
1100007200,1100007204
1100007200,1100007205
1100007300,1100007300
1100007400,1100007400
1100007500,1100007503
1100007500,1100007502
1100007600,1100007601
1100007600,1100007602
1100007700,1100007700
1100007800,1100007800
1100007900,1100007902
1100007900,1100007901
1100008000,1100008001
1100008000,1100008002
1100008100,1100008100
1100008200,1100008200
1100008300,1100008303
1100008300,1100008302
1100008300,1100008301
1100008400,1100008401
1100008400,1100008402
1100008400,1100008403
1100008500,1100008503
1100008500,1100008502
1100008500,1100008501
1100008600,1100008601
1100008600,1100008602
1100008700,1100008702
1100008700,1100008701
1100008800,1100008801
1100008800,1100008802
1100008900,1100008904
1100008900,1100008903
1100008900,1100008902
1100008900,1100008905
1100008900,1100008906
1100009000,1100009005
1100009000,1100009006
1100009000,1100009002
1100009000,1100009003
1100009000,1100009004
1100009100,1100009100
1100009200,1100009202
1100009300,1100009304
1100009300,1100009303
1100009300,1100009302
1100009300,1100009301
1100009400,1100009401
1100009400,1100009402
1100009400,1100009403
1100009400,1100009404
1100009700,1100009703
1100009700,1100009702
1100009700,1100009701
1100009800,1100009801
1100009800,1100009802
1100009800,1100009803
1100010100,1100010100
1100010200,1100010200
1100010500,1100010500
1100010600,1100010601
1100010700,1100010700
1100010800,1100010800
1100010900,1100010902
1100010900,1100010901
1100011000,1100011001
1100011000,1100011002
1100011100,1100011102
1100011100,1100011101
1100011200,1100011201
1100011200,1100011202
1100011700,1100011700
1100011800,1100011800
1100012100,1100012101
1100012200,1100012201
1100012300,1100012304
1100012300,1100050800
1100012300,1100012306
1100012300,1100012305
1100012400,1100012401
1100012400,1100012403
1100012400,1100050700
1100012400,1100012406
1100012700,1100012702
1100012700,1100012701
1100012800,1100012801
1100012800,1100012802
1100012900,1100172500
1100012900,1100012923
1100012900,1100012902
1100012900,1100174101
1100012900,1100174001
1100013000,1100173901
1100013000,1100174201
1100013000,1100013002
1100013000,1100013013
1100013000,1100172400
1100013500,1100013502
1100013500,1100013501
1100013600,1100013601
1100013600,1100013602
1100013700,1100013703
1100013700,1100013702
1100013700,1100013701
1100013800,1100013801
1100013800,1100013802
1100013800,1100013803
1100013900,1100013900
1100014000,1100014000
1100014300,1100014302
1100014400,1100014402
1100014500,1100011104
1100014500,1100011103
1100014600,1100011203
1100014600,1100011204
1100014700,1100014702
1100014700,1100014701
1100014800,1100014801
1100014800,1100014802
1100014900,1100014902
1100014900,1100014901
1100015000,1100015001
1100015000,1100015002
1100015500,1100015501
1100015600,1100015601
1100015700,1100015701
1100015700,1100015702
1100015700,1100015703
1100015800,1100015803
1100015800,1100015802
1100015800,1100015801
1100015900,1100015900
1100016000,1100016000
1100016300,1100016302
1100016400,1100016402
1100016700,1100016702
1100016700,1100016701
1100016800,1100016801
1100016800,1100016802
1100016900,1100016905
1100016900,1100016904
1100016900,1100016903
1100016900,1100016901
1100017000,1100017001
1100017000,1100017003
1100017100,1100017100
1100017200,1100017200
1100017300,1100017300
1100017400,1100017400
1100017900,1100017901
1100018000,1100018001
1100018300,1100018300
1100018400,1100018400
1100018500,1090044300
1100018500,1090044100
1100018500,1100018501
1100018600,1100018601
1100018600,1090044000
1100018600,1090044200
1100019100,1100019103
1100019100,1100019102
1100019100,1100019101
1100019200,1100019201
1100019200,1100019202
1100019200,1100019203
1100019300,1100019302
1100019300,1100019301
1100019400,1100019401
1100019400,1100019402
1100019700,1100019702
1100019700,1100019701
1100019800,1100019801
1100019800,1100019802
1100020100,1100020100
1100020200,1100020200
1100020700,1100017902
1100020800,1100018002
1100020900,1100020900
1100021000,1100021000
1100021500,1100021502
1100021500,1100021501
1100021600,1100021601
1100021600,1100021602
1100021900,1100021900
1100022000,1100022000
1100022500,1100022501
1100022600,1100022602
1100022700,1100022703
1100022700,1100022702
1100022700,1100022701
1100022800,1100022801
1100022800,1100022802
1100022800,1100022803
1100022900,1100022900
1100023000,1100023000
1100023100,1100023100
1100023200,1100023200
1100023500,1090044900
1100023500,1100023502
1100023600,1100023602
1100023600,1090044800
1100023900,1100023900
1100024000,1100024000
1100024100,1100024100
1100024200,1100062500
1100024300,1100024300
1100024400,1100024400
1100024500,1100024502
1100024500,1100024501
1100024600,1100024601
1100024600,1100024602
1100025300,1100025302
1100025300,1100025301
1100025400,1100025401
1100025400,1100025402
1100025700,1100025702
1100025700,1100025701
1100025800,1100025801
1100025800,1100025802
1100025900,1100063600
1100026000,1100063700
1100026100,1100026100
1100026200,1100026200
1100026300,1100026300
1100026400,1100026400
1100026500,1100026500
1100026600,1100026600
1100026700,1100026702
1100026700,1100026701
1100026800,1100026801
1100026800,1100026802
1100026900,1100026902
1100026900,1100026901
1100027000,1100027001
1100027000,1100027002
1100027100,1100027101
1100027100,1100027102
1100027200,1100027202
1100027200,1100027201
1100027300,1100027303
1100027300,1100027302
1100027300,1100027301
1100027400,1100027401
1100027400,1100027402
1100027400,1100027403
1100027700,1100065800
1100027800,1100065900
1100028100,1100028102
1100028100,1100028101
1100028200,1100028201
1100028200,1100028202
1100028300,1100028302
1100028300,1100028301
1100028400,1100028401
1100028400,1100028402
1100028500,1100028502
1100028500,1090045500
1100028600,1090045400
1100028600,1100028602
1100028700,1100028706
1100028700,1100028705
1100028700,1100028704
1100028700,1100028703
1100028700,1100087400
1100028800,1100028801
1100028800,1100028802
1100028800,1100028803
1100028800,1100028804
1100028800,1100028805
1100028900,1100074100
1100028900,1100028906
1100028900,1100028905
1100028900,1100028904
1100028900,1100028903
1100028900,1100028901
1100029000,1100029001
1100029000,1100029003
1100029000,1100029004
1100029000,1100029005
1100029000,1100029006
1100029000,1100029008
1100029100,1100029100
1100029200,1100029200
1100029500,1100029505
1100029500,1100029506
1100029500,1100174801
1100029500,1100174601
1100029500,1100029502
1100029500,1100029501
1100029600,1100029601
1100029600,1100029602
1100029600,1100174501
1100029600,1100174701
1100029600,1100029605
1100029600,1100029606
1100029700,1100029704
1100029700,1100029703
1100029700,1100029702
1100029700,1100029701
1100029800,1100029801
1100029800,1100029802
1100029800,1100029803
1100029800,1100029804
1100029900,1100029903
1100029900,1100029901
1100030000,1100030001
1100030000,1100030003
1100030100,1100030104
1100030100,1100030105
1100030100,1100030106
1100030100,1100030102
1100030100,1100030101
1100030200,1100030201
1100030200,1100030202
1100030200,1100030205
1100030200,1100030206
1100030200,1100030204
1100030300,1100030300
1100030400,1100030400
1100030500,1100030502
1100030500,1100030501
1100030600,1100030601
1100030600,1100030602
1100030700,1100030700
1100030800,1100030802
1100030900,1100030901
1100031000,1100031001
1100031100,1100031101
1100031100,1100031102
1100031100,1100031103
1100031100,1100031105
1100031200,1100031205
1100031200,1100031203
1100031200,1100031202
1100031200,1100031201
1100031300,1100031300
1100031300,1100030902
1100031400,1100031002
1100031400,1100031400
1100031500,1100031500
1100031600,1100031600
1100031700,1100031703
1100031700,1100031704
1100031700,1100031705
1100031800,1100031806
1100031800,1100031807
1100031800,1100031803
1100031800,1100031804
1100031900,1100031902
1100032000,1100032000
1100032100,1100032101
1100032100,1100032102
1100032200,1100032202
1100032200,1100032201
1100032500,1100032505
1100032500,1100032504
1100032500,1100032503
1100032500,1100032502
1100032500,1100032501
1100032600,1100032601
1100032600,1100032602
1100032600,1100032603
1100032700,1090046700
1100032700,1090046500
1100032700,1090046200
1100032700,1100032704
1100032800,1100032804
1100032800,1090046300
1100032800,1090046400
1100032800,1090046600
1100032900,1100032901
1100032900,1100032902
1100032900,1100032903
1100033000,1100033003
1100033000,1100033002
1100033000,1100033001
1100033300,1100033302
1100033300,1100033301
1100033400,1100033401
1100033400,1100033402
1100033500,1100033502
1100033500,1100033501
1100033600,1100033601
1100033600,1100033602
1100033700,1100033700
1100033800,1100033800
1100034100,1100034101
1100034100,1100034102
1100034200,1100034202
1100034200,1100034201
1100034300,1100034306
1100034300,1100034305
1100034300,1100034304
1100034300,1100034303
1100034300,1100034302
1100034400,1100034401
1100034400,1100034402
1100034400,1100034403
1100034400,1100034404
1100034400,1100034405
1100034900,1100034905
1100034900,1100034908
1100034900,1100034907
1100034900,1100034903
1100034900,1100034902
1100034900,1100034901
1100035000,1100031805
1100035000,1100035002
1100035000,1100035003
1100035000,1100035007
1100035000,1100035008
1100035000,1100035005
1100035100,1100035100
1100035200,1100035200
1100035300,1100035300
1100035400,1100035400
1100035500,1100035502
1100035500,1100035503
1100035500,1100035504
1100035600,1100035604
1100035600,1100035603
1100035600,1100035602
1100035700,1100035723
1100035700,1100035713
1100035700,1100035702
1100035800,1100035801
1100035800,1100035812
1100035800,1100035822
1100047300,1100047300
1100047400,1100047400
1100048300,1100048300
1100048400,1100048400
1100050300,1100050300
1100050400,1100050400
1100176501,1100176501
1100176601,1100176601
1100176701,1100176701
1110000100,1110000103
1110000200,1110000202
1110000300,1110000302
1110000300,1110000301
1110000400,1110000401
1110000400,1110000402
1110000500,1110000500
1110000600,1110000600
1110000700,1110000702
1110000700,1110000701
1110000800,1110000801
1110000800,1110000802
1110000900,1110000903
1110000900,1110000902
1110000900,1110000901
1110001000,1110001001
1110001000,1110001002
1110001000,1110001003
1110001100,1110001104
1110001100,1110001103
1110001100,1110001101
1110001200,1110001201
1110001200,1110001203
1110001200,1110001204
1110001300,1110001303
1110001300,1110001302
1110001300,1110001301
1110001400,1110001401
1110001400,1110001402
1110001400,1110001403
1110001500,1110001505
1110001500,1110001504
1110001500,1110001503
1110001500,1110001502
1110001500,1110001501
1110001600,1110001601
1110001600,1110001602
1110001600,1110001603
1110001600,1110001604
1110001700,1110001704
1110001700,1110001705
1110001700,1110001702
1110001700,1110001701
1110001800,1110001802
1110001800,1110001804
1110001800,1110001805
1110001900,1110039600
1110001900,1110001901
1110001900,1110001902
1110002000,1110002001
1110002000,1110002002
1110002000,1110039700
1110002100,1110002301
1110002100,1110041001
1110002100,1110041002
1110002200,1110041101
1110002200,1110041102
1110002200,1110002401
1110002300,1110002303
1110002300,1110002304
1110002400,1110002403
1110002400,1110002404
1110002700,1120064500
1110002800,1120064600
1110002900,1110002902
1110002900,1110002901
1110003000,1110003001
1110003000,1110003003
1110003300,1110003300
1110003400,1110003400
1110003900,1110003900
1110004000,1110004000
1110004700,1110004701
1110004700,1110004702
1110004700,1110004703
1110004700,1110004704
1110004700,1110004705
1110004800,1110004804
1110004800,1110004803
1110004800,1110004802
1110004800,1110004801
1110004900,1110004900
1110005000,1110005000
1110005500,1110005500
1110005600,1110005601
1110005600,1110005602
1110005700,1110005701
1110005700,1110005703
1110005700,1110005704
1110005800,1110005803
1110005800,1110005804
1110005800,1110005802
1110006100,1110006102
1110006100,1110006101
1110006200,1110006201
1110006200,1110006202
1110006500,1110006503
1110006500,1110006502
1110006500,1110006501
1110006600,1110006601
1110006600,1110006602
1110006600,1110006603
1110006600,1110006604
1110006700,1110006702
1110006700,1110006701
1110006800,1110006800
1110007300,1110007301
1110007300,1110007302
1110007300,1110007303
1110007400,1110007403
1110007400,1110007402
1110007400,1110007401
1110007500,1110024802
1110007600,1110024901
1110007700,1110007700
1110007800,1110007801
1110007800,1110007802
1110007900,1110007900
1110008000,1110008001
1110008102,1110008102
1110008104,1110008104
1110008106,1110008106
1110008201,1110008201
1110008203,1110008203
1110008205,1110008205
1110008300,1110008303
1110008300,1110008302
1110008300,1110008301
1110008400,1110008401
1110008400,1110008402
1110008400,1110008403
1110008400,1110008404
1110008500,1110008504
1110008500,1110008503
1110008500,1110008502
1110008500,1110008501
1110008600,1110008601
1110008600,1110008602
1110008600,1110008603
1110008600,1110008604
1110008700,1110008700
1110008800,1110008802
1110008900,1110008901
1110008900,1110008902
1110008900,1110088201
1110008900,1110088401
1110008900,1110088701
1110009000,1110088601
1110009000,1110088501
1110009000,1110088301
1110009000,1110009003
1110009000,1110009002
1110009100,1110009106
1110009100,1110009105
1110009100,1110009104
1110009100,1110009107
1110009100,1110009108
1110009100,1110009102
1110009100,1110009101
1110009200,1110009201
1110009200,1110009202
1110009200,1110009208
1110009200,1110009209
1110009200,1110009204
1110009200,1110009205
1110009200,1110009207
1110009300,1110009303
1110009300,1110009302
1110009300,1110009301
1110009400,1110009401
1110009400,1110009402
1110009400,1110009403
1110009500,1110009500
1110009600,1110009601
1110009700,1110009703
1110009700,1110009702
1110009700,1110009701
1110009800,1110009801
1110009800,1110009802
1110009800,1110031500
1110009900,1110009902
1110009900,1110009901
1110010000,1110010001
1110010000,1110010002
1110010100,1110010101
1110010100,1110010103
1110010100,1110010104
1110010200,1110010203
1110010200,1110010204
1110010200,1110010202
1110010700,1110010702
1110010700,1110010701
1110010800,1110010801
1110010800,1110010802
1110010900,1110010902
1110010900,1110010901
1110011000,1110011001
1110011000,1110011002
1110011100,1110011100
1110011200,1110011200
1110011300,1110011300
1110011400,1110011400
1110011500,1110011500
1110011600,1110011600
1110011700,1110011700
1110011800,1110011800
1110011900,1110011903
1110011900,1110011902
1110011900,1110011901
1110012000,1110012001
1110012000,1110012002
1110012000,1110012003
1110012100,1110012102
1110012100,1110012101
1110012200,1110012201
1110012200,1110012202
1110012500,1110012500
1110012600,1110012600
1110012700,1110012702
1110012700,1110012701
1110012800,1110012801
1110012800,1110012802
1110012900,1110012900
1110013000,1110013000
1110013100,1110013102
1110013100,1110013101
1110013200,1110013201
1110013200,1110013202
1110013300,1110013301
1110013300,1110013302
1110013400,1110013402
1110013400,1110013401
1110013500,1110013504
1110013500,1110013503
1110013500,1110013505
1110013500,1110013506
1110013500,1110013501
1110013600,1110013601
1110013600,1110013605
1110013600,1110013606
1110013600,1110013603
1110013600,1110013604
1110013700,1110013702
1110013700,1110013703
1110013700,1110013705
1110013700,1110013706
1110013800,1110013805
1110013800,1110013806
1110013800,1110013804
1110013800,1110013802
1110013900,1110013901
1110014000,1110014001
1110014100,1110014108
1110014100,1110014107
1110014100,1110014106
1110014100,1110014105
1110014100,1110014104
1110014100,1110014103
1110014100,1110014102
1110014100,1110014101
1110014200,1110014201
1110014200,1110014202
1110014200,1110014203
1110014200,1110014204
1110014200,1110014205
1110014200,1110014206
1110014200,1110014207
1110014200,1110014208
1110014500,1110013902
1110014600,1110014600
1110014700,1110014700
1110014800,1110014800
1110014900,1110039500
1110014900,1110038300
1110015000,1110038200
1110015000,1110039400
1110015300,1110040601
1110015300,1110040602
1110015300,1110040401
1110015300,1110040403
1110015300,1110040405
1110015300,1110040406
1110015300,1110040200
1110015400,1110040300
1110015400,1110040505
1110015400,1110040506
1110015400,1110040504
1110015400,1110040502
1110015400,1110040701
1110015400,1110040702
1110015500,1110041502
1110015600,1110041401
1110015900,1110043501
1110015900,1110043503
1110015900,1110043504
1110016000,1110043403
1110016000,1110043404
1110016000,1110043402
1110016100,1110016103
1110016100,1110016102
1110016100,1110045501
1110016100,1110045502
1110016100,1110045100
1110016100,1110044500
1110016100,1110043700
1110016200,1110043600
1110016200,1110044400
1110016200,1110045000
1110016200,1110045401
1110016200,1110045402
1110016200,1110016201
1110016200,1110016202
1120000100,1120000100
1120000200,1120000201
1120000300,1120000306
1120000300,1120000307
1120000300,1120000304
1120000300,1120000305
1120000400,1120000404
1120000400,1120000405
1120000400,1120000406
1120000400,1120000407
1120000500,1120000500
1120000600,1120000600
1120000700,1120000702
1120000700,1120000701
1120000800,1120000801
1120000800,1120000802
1120000900,1120000905
1120000900,1120000904
1120000900,1120000902
1120000900,1120000901
1120001000,1120001001
1120001000,1120001002
1120001000,1120001003
1120001000,1120001004
1120001000,1120001005
1120001300,1120001300
1120001400,1120001400
1120001700,1120001700
1120001800,1120001800
1120002100,1120002100
1120002200,1120002201
1120002300,1000048200
1120002300,1120002301
1120002400,1120002401
1120002400,1000048100
1120002701,1120002701
1120002801,1120002802
1120002801,1120002801
1120003300,1120003302
1120003300,1120003301
1120003400,1120003401
1120003400,1120003402
1120003501,1120003502
1120003501,1120003501
1120003601,1120014600
1120003601,1120003601
1120003901,1120015200
1120003901,1120003901
1120004001,1120004002
1120004001,1120004001
1120004100,1120004102
1120004100,1120004101
1120004100,1120062600
1120004200,1120062500
1120004200,1120004201
1120004200,1120004202
1120004200,1120004203
1120004300,1120004901
1120004300,1120004301
1120004400,1120004401
1120004400,1120004402
1120004500,1120005104
1120004500,1120004502
1120004500,1120004501
1120004600,1120004601
1120004600,1120004602
1120004600,1120005204
1120004700,1120004704
1120004700,1120004703
1120004700,1120004702
1120004700,1130057500
1120004800,1120004801
1120004800,1120004802
1120004800,1120004803
1120004900,1120004906
1120004900,1120004905
1120005000,1120004403
1120005000,1120005001
1120005000,1120005002
1120005000,1120005003
1120005000,1120005004
1120005100,1120005101
1120005100,1120005102
1120005100,1120005103
1120005200,1120005203
1120005200,1120005202
1120005200,1120005206
1120005200,1120005205
1120005300,1120005303
1120005300,1120005302
1120005300,1120005301
1120005400,1120005401
1120005400,1120005402
1120005400,1120005403
1120005500,1120020702
1120005500,1120020701
1120005600,1120020801
1120005600,1120020802
1120005700,1120005700
1120005800,1120005800
1120005900,1120005904
1120005900,1120005903
1120005900,1120005902
1120005900,1120005901
1120006000,1120006001
1120006000,1120006002
1120006000,1120006003
1120006000,1120006004
1120006100,1120006103
1120006100,1120006102
1120006200,1120006203
1120006300,1120006308
1120006300,1120006307
1120006300,1120006306
1120006300,1120006305
1120006300,1120006304
1120006300,1120006303
1120006300,1120006302
1120006300,1120006301
1120006400,1120006401
1120006400,1120006402
1120006400,1120006403
1120006400,1120006404
1120006400,1120006405
1120006400,1120006406
1120006400,1120006407
1120006400,1120006408
1120006500,1120006501
1120006500,1120006502
1120006500,1120006503
1120006600,1120006603
1120006600,1120006602
1120006600,1120006601
1120006900,1120053100
1120006900,1120053701
1120006900,1120053702
1120007000,1120053801
1120007000,1120053802
1120007000,1120053200
1120007100,1120007104
1120007100,1120007103
1120007100,1120007105
1120007100,1120007106
1120007100,1120007101
1120007200,1120007201
1120007200,1120007205
1120007200,1120007206
1120007200,1120007203
1120007200,1120007204
1120007600,1120007600
1120007700,1120055501
1120007700,1120055502
1120007700,1120007701
1120007800,1120007801
1120007800,1120055601
1120007800,1120055602
1120007900,1120007902
1120007900,1120007901
1120008000,1120008001
1120008000,1120008002
1120008100,1120053500
1120008100,1120055101
1120008100,1120055103
1120008100,1120055104
1120008200,1120055203
1120008200,1120055204
1120008200,1120055202
1120008200,1120053600
1120008300,1120008300
1120008400,1120008400
1120008500,1120064800
1120008500,1120008503
1120008600,1120008603
1120008700,1120008700
1120008800,1120008800
1120009100,1120009102
1120009100,1120055700
1120009200,1120055800
1120009200,1120009202
1120009400,1120009400
1120009500,1120009502
1120009500,1120009501
1120009600,1120009601
1120009600,1120009602
1120009700,1120009701
1120009700,1120009702
1120009700,1120009703
1120009800,1120009803
1120009800,1120009802
1120009800,1120009801
1120009900,1120009901
1120009900,1120009902
1120010000,1120010002
1120010000,1120010001
1120010100,1120010100
1120010200,1120010200
1120010300,1120010302
1120010300,1120010301
1120010400,1120010401
1120010400,1120010402
1120010500,1120010505
1120010500,1120010504
1120010500,1120010506
1120010500,1120010507
1120010500,1120010502
1120010500,1120010501
1120010600,1120010601
1120010600,1120010602
1120010600,1120010606
1120010600,1120010607
1120010600,1120010604
1120010600,1120010605
1120010700,1120065000
1120010700,1120010703
1120010800,1120010803
1120010800,1120064900
1120011100,1120011102
1120011100,1120011103
1120011100,1120011104
1120011200,1120011203
1120011200,1120011204
1120011200,1120011202
1120011300,1120011302
1120011300,1120011303
1120011300,1120011304
1120011400,1120011403
1120011400,1120011404
1120011400,1120011402
1120011500,1120011500
1120011600,1120011600
1120011700,1120011705
1120011700,1120011704
1120011700,1120011703
1120011700,1120011702
1120011700,1120011701
1120011800,1120011801
1120011800,1120011802
1120011800,1120011803
1120011800,1120011804
1120011800,1120011805
1120011800,1120011806
1120011900,1120011902
1120011900,1120011901
1120012000,1120012001
1120012000,1120012002
1120012100,1120012102
1120012100,1120012101
1120012200,1120012200
1120012300,1120065200
1120012300,1120012303
1120012400,1120012403
1120012400,1120065100
1120012500,1120012503
1120012500,1120012502
1120012500,1120012501
1120012600,1120012601
1120012600,1120012602
1120012600,1120012603
1120012700,1120012704
1120012700,1120012705
1120012700,1120012706
1120012700,1120012702
1120012700,1120012701
1120012800,1120012801
1120012800,1120012804
1120012800,1120012805
1120012800,1120012803
1120012900,1110086700
1120012900,1120012901
1120013000,1120013001
1120013000,1110086600
1120013100,1120013105
1120013100,1120013104
1120013100,1120013103
1120013100,1120013102
1120013100,1120013107
1120013100,1120013106
1120013200,1120013201
1120013200,1120013202
1120013200,1120013203
1120013200,1120013204
1120013200,1120013205
1120013200,1120013206
1120013300,1120013305
1120013300,1120013304
1120013300,1120013302
1120013300,1120013301
1120013400,1120013401
1120013400,1120013402
1120013400,1120013404
1120013400,1120013405
1120013500,1120013506
1120013500,1120013505
1120013500,1120013504
1120013500,1120013503
1120013500,1120013502
1120013500,1120013501
1120013600,1120013601
1120013600,1120013602
1120013600,1120013603
1120013600,1120013604
1120013600,1120013605
1120013600,1120013606
1120013600,1120013607
1120013700,1110087100
1120013700,1110086900
1120013700,1120013704
1120013700,1120013703
1120013700,1120013701
1120013800,1120013801
1120013800,1120013803
1120013800,1120013804
1120013800,1110086800
1120013800,1110087000
1120013900,1000048600
1120013900,1000048400
1120013900,1120013902
1120013900,1120013901
1120014000,1120014001
1120014000,1120014002
1120014000,1000048300
1120014000,1000048500
1120019701,1120019701
1120019701,1120019702
1120019701,1120016601
1120019701,1120016602
1120019702,1120016501
1120019702,1120016502
1120019702,1120019801
1120019702,1120019802
1120021200,1120021200
1120021300,1120021300
1120022300,1120022300
1120022400,1120022400
1120036100,1120055400
1120036200,1120055300
1130000100,1130000103
1130000100,1130000102
1130000100,1130000101
1130000200,1130000201
1130000200,1130000202
1130000200,1130000203
1130000300,1130000303
1130000300,1130000302
1130000400,1130000404
1130000400,1130000405
1130000500,1130000503
1130000500,1130000502
1130000500,1130000501
1130000600,1130000601
1130000600,1130000602
1130000600,1130000603
1130000700,1130000304
1130000800,1130034300
1130000900,1130000902
1130000900,1130000901
1130001000,1130001001
1130001000,1130001002
1130001000,1130001013
1130001000,1130001023
1130001000,1130001033
1130001000,1130001005
1130001100,1130001102
1130001100,1130001101
1130001200,1130001201
1130001200,1130001202
1130001300,1130036400
1130001400,1130036500
1130001400,1130001400
1130001500,1130001505
1130001500,1130001504
1130001500,1130001503
1130001500,1130001502
1130001500,1130001501
1130001600,1130001601
1130001600,1130001602
1130001600,1130001603
1130001600,1130001605
1130001600,1130001606
1130001700,1130001708
1130001700,1130001713
1130001700,1130001714
1130001700,1130001711
1130001700,1130001712
1130001700,1130001705
1130001700,1130001704
1130001700,1130001715
1130001700,1130001717
1130001700,1130001718
1130001700,1130001702
1130001700,1130001710
1130001700,1130001709
1130001800,1130001803
1130001800,1130001816
1130001800,1130001817
1130001800,1130001815
1130001800,1130001805
1130001800,1130001806
1130001800,1130001810
1130001800,1130001811
1130001800,1130001812
1130001800,1130001813
1130001800,1130001809
1130001900,1130002302
1130001900,1130001902
1130001900,1130001901
1130002000,1130002001
1130002000,1130002002
1130002000,1130002003
1130002000,1130002401
1130002100,1130002103
1130002100,1130002102
1130002100,1130002101
1130002200,1130002201
1130002200,1130002202
1130002200,1130002203
1130002300,1130002303
1130002400,1130002402
1130002500,1130002502
1130002500,1130002501
1130002600,1130002601
1130002600,1130002602
1130002700,1130002702
1130002700,1130002701
1130002800,1130002800
1130002900,1130002901
1130002900,1130002902
1130002900,1130002903
1130003000,1130003003
1130003000,1130003002
1130003000,1130003001
1130003100,1120061900
1130003100,1130003101
1130003200,1130003201
1130003200,1120061600
1130003300,1130004301
1130003400,1130003401
1130003400,1130003402
1130003400,1130004401
1130003500,1130003502
1130003500,1130003503
1130003600,1130003600
1130003700,1130003704
1130003700,1130003703
1130003700,1130003702
1130003700,1130003701
1130003800,1130003801
1130003800,1130003802
1130003800,1130003803
1130004100,1130004102
1130004100,1130004101
1130004100,1130052802
1130004200,1130055600
1130004200,1130004201
1130004200,1130004202
1130004200,1130004203
1130004300,1130004304
1130004300,1130094401
1130004300,1130094501
1130004300,1130094301
1130004300,1130094201
1130004400,1130004402
1130004400,1130004404
1130004400,1130005801
1130004900,1130004900
1130005002,1130005002
1130005003,1130005003
1130005102,1130005102
1130005103,1130005103
1130005200,1130093701
1130005300,1130093801
1130005400,1130004800
1130005700,1130006902
1130005800,1130005802
1130005800,1130005803
1130006100,1130006101
1130006100,1130006102
1130006200,1130006202
1130006200,1130006201
1130006300,1130006303
1130006300,1130006302
1130006300,1130094801
1130006300,1130094601
1130006400,1130094701
1130006400,1130094901
1130006400,1130006402
1130006400,1130006403
1130006500,1120064200
1130006500,1130006501
1130006600,1130005501
1130006600,1120064100
1130006700,1130006705
1130006700,1130006704
1130006700,1130006703
1130006700,1130006702
1130006700,1130006701
1130006800,1130006801
1130006800,1130006802
1130006800,1130006803
1130006800,1130006804
1130006800,1130006805
1130006900,1130006903
1130007000,1130007001
1130007000,1130007002
1130007100,1130007102
1130007100,1130007101
1130007200,1130007201
1130007200,1130007202
1130007500,1110000105
1130007500,1110000104
1130007500,1110086500
1130007500,1130007501
1130007600,1130007601
1130007600,1110086400
1130007600,1110000201
1130007700,1130007703
1130007700,1130007702
1130007700,1130007701
1130007800,1130007801
1130007800,1130007802
1130007800,1130007803
1130007900,1130007900
1130008000,1130008000
1130008100,1130008101
1130008100,1130008102
1130008200,1130008203
1130008200,1130008202
1130008200,1130008201
1130008500,1130008502
1130008500,1130008501
1130008600,1130008601
1130008600,1130008603
1130008900,1130008904
1130008900,1130008903
1130008900,1130008902
1130008900,1130008901
1130009000,1130009001
1130009000,1130009002
1130009000,1130009003
1130009000,1130009004
1130009100,1130009101
1130009100,1130009102
1130009200,1130009201
1130009200,1130009202
1130009300,1130089600
1130009300,1130009302
1130009400,1130009401
1130009400,1130009403
1130009601,1120062700
1130009700,1130009702
1130009800,1130009802
1130009900,1130009902
1130009900,1130009901
1130010000,1130010001
1130010000,1130010002
1130010000,1130010003
1130010100,1130010100
1130010200,1130010200
1130010300,1130044600
1130010300,1130043500
1130010300,1130042500
1130010300,1130040200
1130010300,1130038400
1130010400,1130038300
1130010400,1130040600
1130010400,1130042400
1130010400,1130044500
1130010500,1130010504
1130010500,1130010503
1130010500,1130010505
1130010500,1130010506
1130010600,1130010605
1130010600,1130010606
1130010600,1130010603
1130010600,1130010604
1130010700,1130010700
1130010800,1130010800
1130010900,1130010904
1130010900,1130010903
1130010900,1130010902
1130010900,1130010901
1130011000,1130011001
1130011000,1130011003
1130011000,1130011004
1130011000,1130011005
1130011000,1130011006
1130011300,1130011300
1130011400,1130011400
1130011500,1130011501
1130011500,1130011502
1130011600,1130011601
1130011600,1130011602
1130011700,1130011700
1130011800,1130011800
1130011900,1130011900
1130012000,1130012000
1130012100,1130012100
1130012200,1130012200
1130012300,1130012304
1130012300,1130012305
1130012300,1130012302
1130012300,1130012303
1130012400,1130012403
1130012400,1130012402
1130012400,1130012404
1130012400,1130012405
1130012500,1130012504
1130012500,1130012505
1130012500,1130012502
1130012500,1130012503
1130012600,1130012604
1130012600,1130012603
1130012600,1130012602
1130012600,1130012601
1130012700,1130012702
1130012700,1130012701
1130012800,1130012801
1130012800,1130012802
1130012900,1130012900
1130013000,1130013001
1130013100,1130013100
1130013200,1130013200
1130013500,1130013504
1130013500,1130013503
1130013500,1130013502
1130013500,1130013501
1130013600,1130013601
1130013600,1130013602
1130013600,1130013603
1130013600,1130013604
1130013600,1130013605
1130013700,1130013702
1130013700,1130013701
1130013800,1130013801
1130013800,1130013802
1130013900,1130051200
1130013900,1130013901
1130014000,1130014012
1130014000,1130014022
1130014100,1130014103
1130014100,1130014102
1130014100,1130014101
1130014200,1130014201
1130014200,1130014202
1130014200,1130014203
1130014300,1130014301
1130014300,1130014302
1130014400,1130014401
1130014400,1130014402
1130014500,1130014501
1130014600,1130014601
1130014700,1130091501
1130014700,1130090801
1130014700,1130014701
1130014800,1130014801
1130014800,1130090901
1130014800,1130091401
1130014900,1130014902
1130014900,1130014901
1130015000,1130015001
1130015000,1130015002
1130015100,1130015102
1130015100,1130015101
1130015200,1130015201
1130015200,1130015202
1130015300,1130015300
1130015400,1130015400
1130015700,1130015702
1130015700,1130015701
1130015800,1130015801
1130015800,1130015802
1130015900,1130015901
1130015900,1130015902
1130016000,1130016001
1130016000,1130016002
1130016100,1130016102
1130016100,1130016101
1130016200,1130016201
1130016200,1130016202
1130016300,1130016301
1130016300,1130016302
1130016400,1130016401
1130016400,1130016402
1130016500,1130016502
1130016500,1130016501
1130016600,1130016601
1130016600,1130016602
1130016700,1130016702
1130016700,1130016701
1130016800,1130016801
1130016800,1130016802
1130016900,1130016900
1130017000,1130017000
1130017300,1130017300
1130017400,1130017400
1130017500,1130017500
1130017600,1130017600
1130017700,1120062000
1130017700,1120061800
1130017800,1120061500
1130017800,1120061700
1130017900,1130017902
1130017900,1130017901
1130018000,1130018001
1130018000,1130018002
1130018100,1130018103
1130018100,1130018102
1130018100,1130018101
1130018200,1130018201
1130018200,1130018202
1130018200,1130018203
1130018300,1130018303
1130018300,1130018302
1130018300,1130018301
1130018400,1130018401
1130018400,1130018402
1130018400,1130018403
1130018500,1130018502
1130018500,1130018501
1130018600,1130018601
1130018600,1130018602
1130018700,1130018700
1130018800,1130018800
1130018900,1130018900
1130019000,1130019000
1130019100,1130019102
1130019100,1130019101
1130019200,1130019201
1130019200,1130019202
1130019300,1130019302
1130019300,1130019301
1130019400,1130019401
1130019400,1130019402
1130019501,1120062400
1130019501,1120062200
1130019502,1120062800
1130019600,1120062100
1130019600,1120062300
1130019700,1130019700
1130019800,1130019800
1130019900,1130019900
1130020000,1130020000
1130020100,1130020100
1130020200,1130020200
1130020500,1130020503
1130020500,1130020504
1130020500,1130020505
1130020600,1130020603
1130020600,1130020604
1130020600,1130020602
1130020900,1130020900
1130021000,1130021000
1130021100,1130021102
1130021100,1130021101
1130021200,1130021201
1130021200,1130021202
1130021300,1120063800
1130021300,1120063600
1130021300,1120063400
1130021300,1120063200
1130021300,1120063000
1130021300,1130021303
1130021300,1130021302
1130021300,1130021301
1130021400,1130021401
1130021400,1130021402
1130021400,1130021403
1130021400,1120062900
1130021400,1120063100
1130021400,1120063300
1130021400,1120063500
1130021400,1120063700
1130021500,1130063200
1130021500,1130021503
1130021500,1130021502
1130021600,1130021601
1130021600,1130021602
1130021600,1130021603
1130021600,1130063300
1130021700,1130061900
1130021800,1130062000
1130021900,1130021902
1130021900,1130021901
1130022000,1130022001
1130022000,1130022002
1130022100,1130021504
1130022100,1130022104
1130022100,1130022101
1130022200,1130022201
1130022200,1130022202
1130022200,1130022204
1130022200,1130021604
1130022200,1130021605
1130022300,1130022302
1130022300,1130022301
1130022400,1130022401
1130022400,1130022402
1130022700,1130022703
1130022700,1130022702
1130022700,1130022701
1130022800,1130022801
1130022800,1130022802
1130022800,1130022803
1130022900,1130022901
1130022900,1120063900
1130023000,1120064000
1130023000,1130023001
1130023100,1130023100
1130023200,1130023200
1130023300,1130023301
1130023300,1130023302
1130023400,1130023402
1130023400,1130023401
1130023500,1130023504
1130023500,1130023503
1130023500,1130023502
1130023500,1130023501
1130023600,1130023601
1130023600,1130023602
1130023600,1130023603
1130023600,1130023604
1130023700,1130023704
1130023700,1130090200
1130023700,1130023701
1130023800,1130023801
1130023800,1130090100
1130023800,1130023804
1130023900,1130023901
1130023900,1130023902
1130023900,1130023903
1130023900,1130023904
1130023900,1130023905
1130023900,1130023906
1130024000,1130024006
1130024000,1130024005
1130024000,1130024004
1130024000,1130024003
1130024000,1130024002
1130024000,1130024001
1130024300,1130024302
1130024300,1130024301
1130024400,1130024400
1130024500,1130024500
1130024600,1130024600
1130024700,1130024700
1130024800,1130024800
1130024900,1130024900
1130025000,1130025000
1130025100,1130026101
1130025200,1130025201
1130025300,1120064400
1130025300,1130025302
1130025400,1130025401
1130025400,1120064300
1130025500,1130025504
1130025500,1130025505
1130025500,1130025506
1130025500,1130025502
1130025500,1130025501
1130025600,1130025601
1130025600,1130025602
1130025600,1130025605
1130025600,1130025606
1130025600,1130025604
1130025900,1130025902
1130025900,1130025901
1130026000,1130026001
1130026000,1130026002
1130026301,1130026301
1130026302,1130026302
1130026401,1130026401
1130026402,1130026402
1130026500,1130026500
1130026600,1130026600
1130026700,1130026705
1130026700,1130026704
1130026700,1130026703
1130026700,1130026702
1130026700,1130026701
1130026800,1130026801
1130026800,1130026802
1130026800,1130026803
1130026800,1130026804
1130026800,1130026805
1130026900,2180147300
1130026900,1130026902
1130026900,1130026901
1130027000,1130027001
1130027000,1130027002
1130027000,2180147200
1130027100,1130027102
1130027100,1130027101
1130027200,1130027201
1130027200,1130027202
1130027300,2180147000
1130027300,1130027301
1130027400,1130027401
1130027400,2180147100
1130027700,1130027704
1130027700,1130027703
1130027700,1130027702
1130027700,1130027701
1130027800,1130027801
1130027800,1130027802
1130027800,1130027803
1130027800,1130027804
1130027900,1130027903
1130027900,1130027902
1130027900,1130027901
1130027900,2180147500
1130028000,2180147400
1130028000,1130028002
1130028000,1130028003
1130028000,1130028004
1130028100,1130028103
1130028100,1130028102
1130028100,1130028101
1130028200,1130028201
1130028200,1130028202
1130028200,1130028203
1130028300,1130028302
1130028300,1130028301
1130028400,1130028401
1130028400,1130028402
1130029100,1130029102
1130029200,1130029202
1130029300,1130029301
1130029300,1130029302
1130029400,1130029403
1130029400,1130029404
1130029700,1130029701
1130029700,1130029702
1130029800,1130029803
1130029800,1130029804
1130030800,1130030800
1130030900,1130030900
1130032100,1130032100
1130032200,1130032200
1130072000,1130072000
1130072100,1130072100
1130093001,1180136501
1130093001,1180137101
1130093001,1130092701
1130093001,1130093001
1130093101,1130093101
1130093101,1130092601
1130093101,1180137001
1130093101,1180136801
1140000300,1140000306
1140000300,1140000305
1140000300,1140000304
1140000300,1140000303
1140000300,1140000302
1140000300,1140000301
1140000400,1140000401
1140000400,1140000402
1140000400,1140000403
1140000400,1140000404
1140000400,1140000405
1140000400,1140000406
1140000500,1150063000
1140000500,1150058400
1140000500,1150055500
1140000500,1150049000
1140000500,1150045700
1140000500,1150045200
1140000500,1150044100
1140000600,1150044200
1140000600,1150045300
1140000600,1150045800
1140000600,1150049100
1140000600,1150055600
1140000600,1150058500
1140000600,1150063700
1140000700,1160074700
1140000700,1160075700
1140000700,1160076700
1140000700,1160076900
1140000700,1140000701
1140000700,1140000702
1140000700,1140000703
1140000700,1140000704
1140000700,1140000705
1140000800,1140000805
1140000800,1140000804
1140000800,1140000803
1140000800,1140000802
1140000800,1140000801
1140000800,1160077000
1140000800,1160076800
1140000800,1160075800
1140000800,1160074800
1140000900,1140000900
1140001000,1140001000
1140001300,1140001305
1140001300,1140001306
1140001300,1140001303
1140001300,1140001302
1140001300,1140001301
1140001400,1140001401
1140001400,1140001402
1140001400,1140001403
1140001400,1140001405
1140001400,1140001406
1140001500,1140001502
1140001500,1140001501
1140001600,1140001601
1140001600,1140001602
1140001900,1140001905
1140001900,1140001904
1140001900,1140001903
1140001900,1140001902
1140002000,1140002002
1140002000,1140002003
1140002000,1140002004
1140002000,1140002005
1140002300,1140002302
1140002300,1140002301
1140002400,1140002401
1140002400,1140002402
1140002500,1140002502
1140002500,1140002501
1140002600,1140002601
1140002600,1140002602
1140002900,1140002902
1140003000,1140003000
1140003300,1140280501
1140003300,1140280401
1140003300,1140003302
1140003300,1140003301
1140003400,1140003402
1140003400,1140003403
1140003400,1140280301
1140003400,1140280601
1140003900,1140003900
1140004000,1140004000
1140004300,1140004300
1140004500,1140004500
1140004600,1140004600
1140005200,1140005200
1140005300,1140005300
1140005400,1140005401
1140005400,1140005402
1140005600,1140005600
1140006100,1140006100
1140006400,1140006400
1140006500,1140006503
1140006500,1140006502
1140006500,1140006501
1140006600,1140006601
1140006600,1140006602
1140006600,1140006603
1140007000,1140007000
1140007100,1140007100
1140007300,1140007302
1140007300,1140007301
1140007400,1140007401
1140007400,1140007402
1140007600,1140007600
1140007900,1140007900
1140008600,1140008600
1140008700,1140008700
1140009200,1140009200
1140009300,1140009300
1140009500,1140009504
1140009500,1140009503
1140009500,1140009502
1140009500,1140009501
1140009600,1140009601
1140009600,1140009602
1140009600,1140009603
1140009600,1140009604
1140009900,1140009900
1140010100,1140013502
1140010100,1140010100
1140010100,1140005901
1140010200,1140006001
1140010200,1140010200
1140010200,1140013602
1140010300,1140010303
1140010300,1140010301
1140010400,1140010401
1140010400,1140010402
1140010400,1140010403
1140010500,1140010500
1140011100,1140011100
1140011300,1140011300
1140011400,1140011400
1140011800,1140011800
1140012300,1140012300
1140012400,1140012400
1140012500,1140012500
1140012600,1140012601
1140012600,1140012602
1140012700,1140012700
1140012900,1140012900
1140013400,1140013400
1140013700,1140013702
1140013700,1140013701
1140013800,1140013801
1140013800,1140013802
1140014300,1140014300
1140014400,1140014400
1140014500,1140014502
1140014500,1140014501
1140014600,1140014601
1140014600,1140014602
1140014900,1140014905
1140014900,1140014906
1140014900,1140014907
1140014900,1140014903
1140014900,1140014902
1140014900,1140014901
1140015000,1140015001
1140015000,1140015002
1140015000,1140015003
1140015000,1140015006
1140015000,1140015007
1140015000,1140015005
1140015200,1140015200
1140015500,1140015500
1140015600,1140015600
1140015700,1140015700
1140015900,1140015903
1140015900,1140015902
1140016000,1140016001
1140016000,1140016002
1140016100,1140016106
1140016100,1140016105
1140016100,1140016104
1140016100,1140016103
1140016100,1140016102
1140016100,1140016101
1140016200,1140016201
1140016200,1140016202
1140016200,1140016203
1140016200,1140016204
1140016200,1140016205
1140016200,1140016206
1140016500,1140016500
1140016600,1140016600
1140016900,1140016900
1140017000,1140017000
1140017100,1140017103
1140017100,1140017102
1140017100,1140017101
1140017200,1140017201
1140017200,1140017202
1140017200,1140017203
1140017300,1140017300
1140017400,1140017400
1140017800,1140017800
1140017900,1140017901
1140017900,1140017902
1140018000,1140018001
1140018000,1140018002
1140018100,1140018100
1140018200,1140018201
1140018300,1140018300
1140018500,1140018501
1140018500,1140018502
1140018600,1140018602
1140018600,1140018601
1140018900,1140018900
1140019000,1140019000
1140019100,1140019100
1140019200,1140019200
1140019300,1140019306
1140019300,1140019305
1140019300,1140019304
1140019300,1140019303
1140019300,1140019302
1140019300,1140019301
1140019400,1140019401
1140019400,1140019402
1140019400,1140019403
1140019400,1140019404
1140019400,1140019405
1140019400,1140019406
1140019500,1140019500
1140019600,1140019600
1140019700,1140019700
1140019800,1140019800
1140019900,1140019901
1140019900,1140019902
1140020000,1140020003
1140020000,1140020002
1140020200,1140020200
1140020300,1140020304
1140020300,1140020303
1140020400,1140020401
1140020500,1140020502
1140020700,1140063000
1140020700,1140020701
1140020700,1150435800
1140020700,1140026301
1140020800,1140020801
1140020800,1140063100
1140020800,1140026401
1140020800,1150435700
1140020900,1140020900
1140021300,1140021300
1140021700,1140021700
1140022000,1140022002
1140022100,1140041103
1140022100,1150437801
1140022100,1150437501
1140022100,1140281601
1140022100,1140280801
1140022200,1140022201
1140022200,1140280901
1140022200,1140281801
1140022200,1140282401
1140022400,1140022400
1140022500,1140022507
1140022500,1140022506
1140022500,1140022505
1140022500,1140022504
1140022500,1140022503
1140022500,1140022502
1140022600,1140022601
1140022600,1140022602
1140022600,1140022603
1140022600,1140022604
1140022600,1140022605
1140022600,1140022606
1140022700,1140022700
1140022800,1140022800
1140023100,1140023100
1140023300,1140023302
1140023300,1140023301
1140023300,1140060500
1140023400,1140060600
1140023400,1140023401
1140023400,1140023402
1140023500,1140023500
1140024000,1140024000
1140024100,1140024103
1140024100,1140024102
1140024100,1140024101
1140024200,1140024202
1140024200,1140024203
1140024200,1140024204
1140024500,1140024500
1140024900,1140024902
1140024900,1140024901
1140025200,1140025200
1140025400,1140025400
1140025900,1140025900
1140026100,1140041304
1140026100,1140041303
1140026100,1140041302
1140026100,1140041301
1140026200,1140026201
1140026300,1150436000
1140026400,1150435900
1140026600,1140026600
1140026700,1140068900
1140026700,1140067000
1140026700,1140026702
1140026700,1140026701
1140026800,1140026801
1140026800,1140066700
1140027000,1140027000
1140027300,1140027303
1140027300,1140027302
1140027300,1140027301
1140027400,1140027401
1140027400,1140027402
1140027400,1140027403
1140027500,1140027500
1140027800,1140065400
1140027800,1140064700
1140028100,1140065700
1140028100,1140065100
1140028400,1140065000
1140028400,1140065500
1140028400,1140066800
1140028600,1140028600
1140028700,1140028700
1140028900,1140066900
1140029100,1140068100
1140029100,1140029100
1140029100,1140040700
1140029200,1140026202
1140029200,1140029200
1140029200,1140068000
1140029300,1140067100
1140029400,1140067200
1140029500,1140068200
1140029500,1140067600
1140029600,1140067700
1140029600,1140068300
1140029600,1140068600
1140029600,1140068400
1140030100,1140030100
1140030200,1140030200
1140030300,1140030300
1140030300,1140067500
1140030600,1140030601
1140030600,1140030602
1140030700,1140030703
1140030700,1140030702
1140030700,1140030701
1140030800,1140030801
1140030800,1140030802
1140030800,1140030803
1140031500,1140031500
1140032300,1140032300
1140032500,1140032502
1140032500,1140032501
1140032600,1140032601
1140032600,1140032602
1140032700,1140032700
1140033000,1140033000
1140033100,1140033102
1140033100,1140033101
1140033200,1140033201
1140033200,1140033202
1140033300,1140033300
1140033400,1140033400
1140033800,1140033800
1140034100,1140034100
1140034400,1140034400
1140034600,1140034600
1140034700,1140034704
1140034700,1140034703
1140034700,1140034702
1140034700,1140034701
1140034800,1140034802
1140034800,1140034803
1140034800,1140034804
1140034800,1140034805
1140035100,1140035103
1140035100,1140035102
1140035100,1140035101
1140035600,1140035600
1140035700,1140035700
1140035800,1140035800
1140035900,1140035900
1140036200,1140036200
1140036300,1140036301
1140036400,1140036401
1140036500,1140036500
1140036900,1140036900
1140037000,1140037000
1140037300,1140037300
1140037400,1140037400
1140037500,1140073402
1140037500,1140073100
1140037500,1140279601
1140037900,1140037900
1140038000,1140038000
1140038100,1150436800
1140038100,1150436600
1140038100,1150436400
1140038100,1150436200
1140038100,1140038103
1140038100,1140038102
1140038100,1140038101
1140038200,1140038202
1140038200,1140038203
1140038200,1140038204
1140038200,1150436100
1140038200,1150436300
1140038200,1150436500
1140038200,1150436700
1140038700,1140038700
1140038800,1140038800
1140038901,1140038901
1140038902,1140038902
1140038903,1140038903
1140038904,1140038904
1140039001,1140039001
1140039002,1140039002
1140039003,1140039003
1140039004,1140039004
1140039100,1140039100
1140039200,1140039200
1140039400,1140039400
1140039500,1140074800
1140039500,1140039300
1140039600,1140039600
1140039700,1150048000
1140039700,1150045600
1140039700,1150041000
1140039700,1150038700
1140039700,1150037500
1140039700,1140039700
1140039800,1140039800
1140039800,1150037600
1140039800,1150038800
1140039800,1150039200
1140039800,1150039400
1140039800,1150040700
1140039800,1150046500
1140039800,1150048100
1140039800,1150050400
1140039900,1140284801
1140039900,1140039901
1140040000,1140284701
1140040000,1140284901
1140040000,1140040002
1140040000,1150041700
1140040100,1150046802
1140040100,1150046801
1140040100,1150042000
1140040200,1150043100
1140040200,1150044700
1140040200,1150047100
1140040500,1150437701
1140040500,1140281701
1140040500,1140280701
1140040500,1140040501
1140040700,1140040503
1140041000,1140281001
1140041000,1140281301
1140041000,1140281901
1140041000,1140282201
1140041000,1140282501
1140041000,1140041003
1140041200,1140041202
1140041200,1140041203
1140041200,1140041204
1140041200,1140041205
1140041400,1140041401
1140041400,1140041402
1140282091,1140282091
1140282092,1140282092
1140282093,1140282093
1140282191,1140282191
1140282192,1140282192
1140282193,1140282193
1140284491,1140284491
1140284492,1140284492
1140284493,1140284493
1140284494,1140284494
1140284495,1140284495
1140284591,1140284591
1140284592,1140284592
1140284593,1140284593
1140284594,1140284594
1140284595,1140284595
1150000300,1150000303
1150000300,1150000306
1150000300,1150000307
1150000300,1150000305
1150000300,1150000301
1150000400,1150000401
1150000400,1150000404
1150000400,1150000406
1150000400,1150000407
1150000400,1150000403
1150000500,1150000501
1150000500,1150000502
1150000600,1150000602
1150000600,1150000601
1150000900,1150000904
1150000900,1150000903
1150000900,1150000902
1150000900,1150000901
1150001000,1150001001
1150001000,1150001002
1150001000,1150001003
1150001000,1150001004
1150001100,1150340900
1150001100,1150001104
1150001100,1150001103
1150001100,1150001101
1150001200,1150001201
1150001200,1150001203
1150001200,1150001204
1150001200,1150341000
1150001300,1150001301
1150001300,1150001302
1150001300,1150001303
1150001300,1150001304
1150001400,1150001405
1150001400,1150001404
1150001400,1150001402
1150001400,1150001401
1150001500,1150001500
1150001600,1150001600
1150001700,1150001702
1150001800,1150001802
1150001900,1150411300
1150001900,1150414700
1150001900,1150418100
1150001900,1150422001
1150001900,1150422002
1150002000,1150422101
1150002000,1150422102
1150002000,1150418200
1150002000,1150414800
1150002000,1150411400
1150002100,1150002100
1150002200,1150002200
1150002300,1150002302
1150002300,1150002303
1150002400,1150002402
1150002500,1150002500
1150002600,1150002600
1150002700,1150002700
1150002800,1150002800
1150002900,1150002901
1150002900,1150002902
1150003000,1150003002
1150003000,1150003001
1150003100,1150003100
1150003100,1150002301
1150003200,1150002404
1150003200,1150003202
1150003300,1150342500
1150003300,1150344700
1150003300,1150346500
1150003300,1150350700
1150003300,1150416301
1150003300,1150416302
1150003300,1150425900
1150003300,1150428900
1150003400,1150429000
1150003400,1150426200
1150003400,1150416501
1150003400,1150416502
1150003400,1150350800
1150003400,1150346600
1150003400,1150344800
1150003400,1150342600
1150003500,1150003505
1150003500,1150003503
1150003500,1150003502
1150003500,1150003501
1150003600,1150003601
1150003600,1150003602
1150003600,1150003603
1150003600,1150003604
1150003600,1150003605
1150003700,1150003701
1150003700,1150003702
1150003700,1150003703
1150003800,1150003804
1150003800,1150003803
1150003800,1150003802
1150003900,1150003901
1150003900,1150003902
1150003900,1150003903
1150004000,1150004003
1150004000,1150004002
1150004000,1150004001
1150004100,1150004104
1150004100,1150004103
1150004100,1150004102
1150004100,1150004101
1150004200,1150004201
1150004200,1150004202
1150004200,1150004203
1150004200,1150004204
1150004500,1150004502
1150004500,1150004501
1150004600,1150004600
1150004600,1150006101
1150004700,1150004702
1150004700,1150004701
1150004800,1150004800
1150004900,2320127500
1150004900,1150006202
1150004900,1150006201
1150005000,1150006301
1150005000,1150006302
1150005000,1150006303
1150005000,2320127400
1150005000,1150103600
1150005100,1150102800
1150005200,1150102900
1150006000,1150006000
1150006100,1150006102
1150006100,1150006103
1150006500,1150006501
1150006600,1150006600
1150006700,1150105100
1150006700,1150104600
1150006800,1150104500
1150006800,1150105000
1150007000,1150111400
1150007000,1150007000
1150007100,1150111200
1150007100,1150007100
1150007100,1150006502
1150007200,1150007201
1150007300,1150007302
1150007300,1150007301
1150007400,1150007403
1150007400,1150007402
1150007400,1150007401
1150007500,1150007501
1150007500,1150007502
1150007500,1150007503
1150007600,1150007602
1150007600,1150007601
1150007700,1150007701
1150007700,1150007702
1150007800,1150007805
1150007800,1150007804
1150007800,1150007803
1150007800,1150007802
1150007800,1150007801
1150007900,1150007901
1150007900,1150007902
1150007900,1150007903
1150007900,1150007904
1150007900,1150007905
1150008000,1150008002
1150008000,1150008001
1150008100,1150008101
1150008100,1150008102
1150008200,1150008202
1150008200,1150008201
1150008300,1150008301
1150008300,1150008302
1150008400,1150008403
1150008400,1150008402
1150008400,1150008401
1150008500,1150008501
1150008500,1150008502
1150008500,1150008503
1150008600,1150008603
1150008600,1150008602
1150008600,1150008601
1150008700,1150008701
1150008700,1150008702
1150008700,1150008703
1150008800,1150008800
1150008900,1150008900
1150009000,1150009003
1150009000,1150009002
1150009000,1150009001
1150009100,1150009101
1150009100,1150009102
1150009100,1150009103
1150009200,1150009203
1150009200,1150009202
1150009200,1150009201
1150009300,1150009301
1150009300,1150009302
1150009300,1150009303
1150009400,1150009400
1150009500,1150009500
1150009600,1150009600
1150009700,1150009701
1150009800,1150009804
1150009800,1150009803
1150009800,1150009802
1150009800,1150009801
1150009900,1150009901
1150009900,1150009902
1150009900,1150009903
1150009900,1150009904
1150010000,1150010003
1150010000,1150010002
1150010100,1150010102
1150010100,1150010103
1150010200,1150010203
1150010200,1150010204
1150010200,1150010205
1150010300,1150010304
1150010300,1150010305
1150010300,1150010303
1150010400,1150010406
1150010400,1150010405
1150010400,1150010404
1150010400,1150010403
1150010400,1150010402
1150010400,1150010401
1150010500,1150010501
1150010500,1150010502
1150010500,1150010503
1150010500,1150010504
1150010500,1150010505
1150010500,1150010506
1150011000,1150011002
1150011000,1150011001
1150011100,1150011101
1150011100,1150011102
1150011200,1150011202
1150011200,1150011201
1150011300,1150011301
1150011300,1150011302
1150011400,1150057000
1150011400,1150053100
1150011400,1150050800
1150011500,1150050900
1150011500,1150053200
1150011500,1150060200
1150011600,1150011601
1150011600,1150011602
1150011600,1150011603
1150011600,1150011604
1150011600,1150011605
1150011700,1150011705
1150011700,1150011704
1150011700,1150011703
1150011700,1150011702
1150011700,1150011701
1150011800,1150057600
1150011800,1150055900
1150011800,1150052900
1150011900,1150054500
1150011900,1150056000
1150011900,1150057700
1150012000,1150012002
1150012000,1150012001
1150012100,1150012101
1150012100,1150012102
1150012200,1150012204
1150012200,1150012203
1150012200,1150012202
1150012200,1150012201
1150012300,1150012301
1150012300,1150012302
1150012300,1150012303
1150012300,1150012304
1150012400,1150012402
1150012400,1150012401
1150012500,1150012501
1150012500,1150012502
1150012600,1150012602
1150012600,1150012601
1150012700,1150012701
1150012700,1150012702
1150012800,1150012800
1150012900,1150012900
1150013200,1150013205
1150013200,1150013204
1150013200,1150013203
1150013200,1150013202
1150013200,1150013207
1150013200,1150013206
1150013300,1150013301
1150013300,1150013302
1150013300,1150013303
1150013300,1150013304
1150013300,1150013305
1150013300,1150013306
1150013400,1150013402
1150013400,1150013401
1150013500,1150013501
1150013500,1150013502
1150013600,1150339500
1150013600,1150342900
1150013600,1150347500
1150013700,1150347700
1150013700,1150343000
1150013700,1150339600
1150013800,1150013802
1150013800,1150013801
1150013900,1150013901
1150013900,1150013902
1150014000,1150014000
1150014100,1150014100
1150014200,1150014205
1150014200,1150014204
1150014200,1150014203
1150014200,1150014202
1150014300,1150014302
1150014300,1150014303
1150014300,1150014304
1150014300,1150014305
1150014400,1150014401
1150014500,1150014501
1150014600,1150014601
1150014600,1150014602
1150014700,1150014704
1150014700,1150014701
1150014800,1150107700
1150014800,1150107300
1150014900,1150107400
1150014900,1150107800
1150015000,1150015001
1150015100,1150015101
1150015400,1150015400
1150015500,1150015500
1150015600,1150015602
1150015600,1150015601
1150015700,1150015701
1150015700,1150015702
1150015800,1150015803
1150015800,1150015802
1150015900,1150015902
1150015900,1150015903
1150016000,1150016000
1150016100,1150016100
1150016200,1150016200
1150016300,1150016300
1150016400,1150081200
1150016500,1150081100
1150016600,1150016604
1150016600,1150016603
1150016600,1150016602
1150016700,1150016701
1150016700,1150016702
1150016700,1150016703
1150016800,1150338100
1150016800,1150407201
1150016800,1150407202
1150016800,1150407100
1150016800,1150337900
1150016900,1150338200
1150016900,1150407300
1150016900,1150407401
1150016900,1150407402
1150016900,1150338600
1150017000,1150017004
1150017000,1150017003
1150017000,1150017002
1150017000,1150429100
1150017000,1150428700
1150017100,1150428800
1150017100,1150429400
1150017100,1150017102
1150017100,1150017103
1150017100,1150017104
1150017200,1150017200
1150017300,1150017300
1150017400,1150017400
1150017500,1150017500
1150017600,1150017602
1150017700,1150017700
1150017800,1150017800
1150017900,1150017902
1150018000,1150018000
1150018100,1150018100
1150018200,1150087200
1150018200,1150087400
1150018300,1150087500
1150018300,1150087300
1150018400,1150018401
1150018400,1150018402
1150018500,1150018502
1150018500,1150018501
1150018600,1150018600
1150018700,1150018700
1150018800,1150018800
1150018900,1150018900
1150019000,1150019002
1150019000,1150019001
1150019100,1150019101
1150019100,1150019102
1150019200,1150019203
1150019200,1150019202
1150019200,1150019201
1150019300,1150019301
1150019300,1150019303
1150019300,1150019304
1150019400,1150338500
1150019400,1150338300
1150019400,1150016805
1150019500,1150016905
1150019500,1150338700
1150019500,1150338800
1150019600,1150019602
1150019700,1150019701
1150019800,1150019804
1150019800,1150019803
1150019800,1150019801
1150019900,1150019901
1150019900,1150019902
1150019900,1150096800
1150020000,1150020000
1150020100,1150020100
1150020200,1150020202
1150020200,1150020201
1150020300,1150020302
1150020300,1150020303
1150020400,1150020403
1150020400,1150020402
1150020400,1150020401
1150020500,1150020501
1150020500,1150020502
1150020500,1150020503
1150020600,1150020601
1150020600,1150020602
1150020700,1150020702
1150020700,1150020701
1150020800,1150020801
1150020800,1150020802
1150020900,1150020902
1150020900,1150020901
1150021200,1150021200
1150021300,1150021300
1150021800,1150022001
1150021900,1150022101
1150022204,1150022204
1150022303,1150022303
1150044500,1150044500
1150044500,1150045000
1150044500,1150051001
1150044500,1150051002
1150044600,1150051101
1150044600,1150051102
1150044600,1150045100
1150044600,1150044600
1150058800,1150058800
1150058800,1150349600
1150058800,1150350000
1150058800,1150350200
1150058900,1150349900
1150058900,1150349700
1150058900,1150349400
1150058900,1150058900
1150086600,1150086600
1150086600,1150161900
1150086600,1150345700
1150086600,1150348000
1150086600,1150350300
1150086700,1150350400
1150086700,1150348100
1150086700,1150345800
1150086700,1150162000
1150086700,1150086700
1150138800,1150138900
1150138800,1150138800
1150139100,1150139100
1150139100,1150139200
1150162300,1150410500
1150162300,1150410300
1150162300,1150410100
1150162300,1150409900
1150162400,1150410000
1150162400,1150410200
1150162400,1150410400
1150162400,1150410600
1150162500,1150162500
1150162600,1150162600
1150162701,1150351900
1150162701,1150351700
1150162701,1150351500
1150162701,1150351301
1150162701,1150351302
1150162801,1150351401
1150162801,1150351402
1150162801,1150351600
1150162801,1150351800
1150162801,1150352000
1150342300,1150345000
1150342300,1150344900
1150342300,1150343900
1150342300,1150001106
1150342300,1150342300
1150342400,1150342400
1150342400,1150001206
1150342400,1150344100
1150342400,1150345100
1150342400,1150345400
1160000100,1160000100
1160000200,1160000200
1160000300,1160000304
1160000300,1160000305
1160000300,1160000302
1160000300,1160000301
1160000400,1160000401
1160000400,1160000402
1160000400,1160000404
1160000400,1160000405
1160000500,1160000502
1160000500,1160000501
1160000600,1160000601
1160000600,1160000602
1160000700,1160000700
1160000800,1160000800
1160000900,1160000900
1160001000,1160001000
1160001100,1160001103
1160001100,1160001102
1160001100,1160001101
1160001200,1160001201
1160001200,1160001202
1160001200,1160001203
1160001300,1160001302
1160001300,1160001301
1160001400,1160001401
1160001400,1160001402
1160001500,1160001507
1160001500,1160001508
1160001500,1160001503
1160001500,1160001505
1160001500,1160001506
1160001500,1160001501
1160001600,1160001601
1160001600,1160001605
1160001600,1160001606
1160001600,1160001603
1160001600,1160001607
1160001600,1160001608
1160001700,1160001701
1160001700,1160001702
1160001700,1160001703
1160001700,1160001704
1160001700,1160001705
1160001700,1160001706
1160001800,1160001806
1160001800,1160001805
1160001800,1160001804
1160001800,1160001803
1160001800,1160001802
1160001800,1160001801
1160001900,1160001901
1160002000,1160002001
1160002100,1160002103
1160002100,1160002102
1160002200,1160002201
1160002200,1160002202
1160002300,1160002305
1160002300,1160002304
1160002300,1160002303
1160002300,1160002302
1160002400,1160002401
1160002400,1160002402
1160002400,1160002404
1160002500,1160002504
1160002500,1160002503
1160002500,1160002502
1160002600,1160002601
1160002600,1160002602
1160002600,1160002603
1160002600,1160002604
1160002700,1160002710
1160002700,1160002709
1160002700,1160002708
1160002700,1160002707
1160002700,1160002705
1160002700,1160002711
1160002700,1160002712
1160002700,1160002703
1160002700,1160002702
1160002800,1160002802
1160002800,1160002803
1160002800,1160002811
1160002800,1160002812
1160002800,1160002805
1160002800,1160002806
1160002800,1160002807
1160002800,1160002808
1160002800,1160002809
1160002800,1160002810
1160002900,1180058700
1160002900,1160002900
1160003000,1160003000
1160003000,1180058600
1160003100,1180068100
1160003100,1160003103
1160003100,1160003102
1160003100,1160003101
1160003200,1160003201
1160003200,1160003202
1160003200,1160003203
1160003200,1180068000
1160003700,1170044201
1160003700,1170044401
1160003700,1160003502
1160003700,1160003501
1160003700,1160003301
1160003700,1160003302
1160003700,1160003304
1160003700,1160003305
1160003800,1160003404
1160003800,1160003403
1160003800,1160003402
1160003800,1160003401
1160003800,1160003601
1160003800,1160276701
1160003800,1160276801
1160003800,1160276601
1160003900,1160003900
1160004000,1160004000
1160004300,1160004303
1160004300,1160004302
1160004300,1160004301
1160004400,1160004401
1160004400,1160004402
1160004400,1160004403
1160004700,1160004700
1160004800,1160004800
1160004900,1160004904
1160004900,1160004903
1160005000,1160005002
1160005000,1160005003
1160005300,1160004502
1160005300,1160005300
1160005400,1160005400
1160005400,1160004602
1160005500,1160005502
1160005500,1160005501
1160005600,1160005601
1160005600,1160005602
1160005700,1160275900
1160005700,1160005702
1160005700,1160005701
1160005800,1160005801
1160005800,1160005802
1160005800,1160275800
1160006700,1160025700
1160006700,1160006702
1160006700,1160006701
1160006800,1160006801
1160006800,1160006802
1160006800,1160025600
1160006900,1160006903
1160006900,1160006902
1160007000,1160007001
1160007100,1160007100
1160007200,1160007200
1160007300,1160007303
1160007300,1160007302
1160007300,1160007301
1160007400,1160007402
1160007400,1160007403
1160007400,1160007404
1160007500,1160007506
1160007500,1160007505
1160007500,1160007504
1160007500,1160007503
1160007500,1160007502
1160007500,1160007501
1160007600,1160007601
1160007600,1160007602
1160007600,1160007603
1160007600,1160007604
1160007600,1160007605
1160007600,1160007606
1160007700,1160007702
1160007700,1160007701
1160007800,1180129900
1160007800,1180130000
1160007900,1160040800
1160007900,1160007906
1160007900,1160007905
1160007900,1160007904
1160007900,1160007910
1160007900,1160007911
1160007900,1160007902
1160007900,1160007901
1160008000,1160008001
1160008000,1160008002
1160008000,1160008010
1160008000,1160008011
1160008000,1160008004
1160008000,1160008005
1160008000,1160008006
1160008000,1160040900
1160008100,1160009504
1160008100,1160008103
1160008100,1160008102
1160008100,1160008101
1160008200,1160008201
1160008200,1160008202
1160008200,1160008203
1160008200,1160008204
1160008300,1160038000
1160008300,1160008303
1160008300,1160008308
1160008300,1160006904
1160008400,1160007002
1160008400,1160008407
1160008400,1160008402
1160008400,1160037900
1160008500,1160008502
1160008600,1160008600
1160008700,1160008702
1160008700,1160008701
1160008800,1160008801
1160008800,1160008802
1160008900,1160008902
1160008900,1160008901
1160009000,1160009001
1160009000,1160009002
1160009100,1160036300
1160009200,1160036400
1160009300,1160009304
1160009300,1160009303
1160009300,1160009302
1160009400,1160009402
1160009400,1160009403
1160009400,1160009404
1160009500,1160009501
1160009500,1160009502
1160009500,1160009503
1160009500,2130042800
1160009500,2130042600
1160009500,2130042400
1160009600,2130042500
1160009600,2130042700
1160009600,2130042900
1160009600,1160009602
1160009600,1160009601
1160009700,1160009902
1160009700,1160009701
1160009800,1160009801
1160009800,1160009802
1160009900,1160009900
1160010000,1160010000
1160010100,1160010104
1160010100,1160010103
1160010100,1160010102
1160010100,1160010101
1160010200,1160010201
1160010200,1160010202
1160010200,1160010203
1160010200,1160010204
1160010300,1180130200
1160010300,1160034100
1160010400,1160034000
1160010400,1180130100
1160010500,1160010501
1160010600,1160010601
1160010700,1160010704
1160010700,1160010702
1160010800,1160010801
1160010800,1160010802
1160010900,1160010903
1160010900,1160010902
1160011000,1160011003
1160011000,1160011004
1160011000,1160013401
1160011100,1160011103
1160011100,1160011102
1160011100,1160011101
1160011200,1180042300
1160011200,1180043000
1160011300,1160011303
1160011300,1160011302
1160011300,1160011301
1160011400,1160011401
1160011400,1160011402
1160011400,1160011403
1160011500,1160011503
1160011500,1160011502
1160011600,1160011602
1160011600,1160011603
1160011700,1160011705
1160011700,1160011704
1160011700,1160011703
1160011700,1160011702
1160011800,1160011802
1160011800,1160011803
1160011800,1160011804
1160011800,1160011805
1160011900,1160011905
1160011900,1160011904
1160011900,1160011903
1160011900,1160011902
1160012000,1160012002
1160012000,1160012003
1160012000,1160012004
1160012000,1160012005
1160012300,1160012304
1160012300,1160012303
1160012300,1160012301
1160012400,1160012401
1160012400,1160012404
1160012400,1160012405
1160012500,1180044300
1160012500,1180043700
1160012500,1160012500
1160012600,1160012600
1160012600,1180043600
1160012600,1180044000
1160012700,1160012703
1160012700,1160012702
1160012700,1160012701
1160012800,1160012801
1160012800,1160012802
1160012800,1160012803
1160012901,1160012901
1160012902,1160012902
1160012903,1160012903
1160012904,1160012904
1160012905,1160012905
1160013001,1160013001
1160013002,1160013002
1160013003,1160013003
1160013004,1160013004
1160013005,1160013005
1160013100,1160013101
1160013200,1160013201
1160013300,1160013303
1160013300,1160013302
1160013300,1160013301
1160013400,1160013402
1160013400,1160013403
1160013700,1160013702
1160013700,1160013705
1160013700,1160013704
1160013800,1160013801
1160013800,1160013802
1160013900,1160065500
1160013900,1160013902
1160013900,1160013901
1160014000,1180130300
1160014000,1180131000
1160014100,1160014104
1160014100,1160014103
1160014100,1160014102
1160014100,1160014101
1160014200,1160014202
1160014200,1160014203
1160014200,1160014204
1160014200,1160014205
1160014700,1160014701
1160014800,1160014801
1160014901,1160014901
1160014902,1160014902
1160014903,1160014903
1160015001,1160015001
1160015002,1160015002
1160015003,1160015003
1160015100,1180131400
1160015100,1180131300
1160015200,1180131100
1160015200,1180131200
1160015300,1160015308
1160015300,1160015309
1160015300,1160015306
1160015300,1160015305
1160015300,1160015304
1160015300,1160015303
1160015300,1160015302
1160015400,1160015402
1160015400,1160015403
1160015400,1160015404
1160015400,1160015405
1160015400,1160015406
1160015400,1160015408
1160015400,1160015409
1160015500,1160015503
1160015500,1160015502
1160015600,1160015602
1160015600,1160015603
1160015700,1140043600
1160015700,1140042200
1160015700,1140041600
1160015700,1160015703
1160015700,1160015702
1160015700,1160015701
1160015800,1160015801
1160015800,1160015802
1160015800,1160015803
1160015800,1140041500
1160015800,1140042100
1160015800,1140043500
1160015900,1160076300
1160015900,1160015904
1160015900,1160015903
1160015900,1160015902
1160016000,1160016002
1160016000,1160016003
1160016000,1160016005
1160016000,1160076400
1160016100,1140042700
1160016100,1160016101
1160016200,1160016201
1160016200,1140042800
1160016300,1180047400
1160016400,1180046800
1160016400,1180047600
1160016400,1180051200
1160016500,1160016503
1160016500,1160016504
1160016500,1160016505
1160016500,1160016501
1160016600,1160016601
1160016600,1160016604
1160016600,1160016605
1160016600,1160016603
1160017100,1160017102
1160017100,1160017101
1160017200,1160017201
1160017200,1160017202
1160017300,1140044100
1160017300,1160017300
1160017400,1160017400
1160017400,1140044200
1160049000,1160049000
1160049100,1160049100
1160054400,1160054400
1160054500,1160054500
1160074200,1160074200
1160074300,1160074300
1170000100,1170000102
1170000100,1170000103
1170000100,1170000104
1170000200,1170000203
1170000200,1170000204
1170000200,1170000202
1170000500,1170000504
1170000500,1170000502
1170000500,1170000505
1170000500,1170000506
1170000600,1170000605
1170000600,1170000606
1170000600,1170000602
1170000600,1170000604
1170000700,2130002700
1170000700,1170000701
1170000700,1170000702
1170000700,1170000703
1170000700,1170000704
1170000800,1170000804
1170000800,1170000803
1170000800,1170000802
1170000800,1170000801
1170000800,2130002800
1170000900,1170044801
1170001000,1170044901
1170001100,1170032400
1170001100,1170030200
1170001100,1170043400
1170001100,1170046701
1170001100,1170046601
1170001100,1170045001
1170001200,1170045201
1170001200,1170045901
1170001200,1170046301
1170001200,1170043000
1170001200,1170043300
1170001200,1170030300
1170001200,1170032500
1170001300,2130048800
1170001300,2130048600
1170001300,1170032900
1170001400,1170032800
1170001400,2130048500
1170001400,2130048700
1170001700,1170001705
1170001700,1170001704
1170001700,1170001703
1170001700,1170001702
1170001700,1170001701
1170001800,1170001801
1170001800,1170001802
1170001800,1170001803
1170001800,1170001804
1170001900,1170001902
1170001900,1170001901
1170002000,1170002001
1170002000,1170002002
1170002100,1170002101
1170002100,1170002102
1170002100,1170002103
1170002100,1170002109
1170002100,1170002110
1170002100,1170002105
1170002100,1170002106
1170002100,1170002108
1170002200,1170002207
1170002200,1170002206
1170002200,1170002205
1170002200,1170002208
1170002200,1170002209
1170002200,1170002203
1170002200,1170002202
1170002200,1170002201
1170002300,1170002300
1170002400,1170002400
1170002500,1200022300
1170002500,1200016101
1170002500,1200016102
1170002500,1200013800
1170002500,1200015200
1170002500,1200014100
1170002500,1200013600
1170002500,1170002503
1170002500,1170002502
1170002500,1170002501
1170002600,1170002601
1170002600,1170002602
1170002600,1170002603
1170002600,1200013500
1170002600,1200014200
1170002600,1200015100
1170002600,1200013700
1170002600,1200016001
1170002600,1200016002
1170002600,1200022200
1170002700,1170002703
1170002700,1170002702
1170002700,1170002701
1170002800,1170002801
1170002800,1170002802
1170002800,1170002803
1170002900,1170002903
1170002900,1170002905
1170002900,1170002906
1170002900,1170002901
1170003000,1170003001
1170003000,1170003005
1170003000,1170003006
1170003000,1170003004
1170003100,1170003103
1170003100,1170003102
1170003200,1170003203
1170003300,1170003302
1170003400,1170003402
1170003500,1170003500
1170003600,1170003600
1170003700,1170003702
1170003700,1170003703
1170003700,1170003704
1170003800,1170003804
1170003800,1170003803
1170003800,1170003802
1170004100,1170004100
1170004200,1170004200
1170004300,1170004302
1170004300,1170004301
1170004400,1170004401
1170004400,1170004402
1170004500,1170004502
1170004500,1170004501
1170004600,1170004601
1170004600,1170004602
1170004700,1170004702
1170004700,1170004701
1170004800,1170004801
1170004800,1170004802
1170005100,1170005101
1170005100,1170005102
1170005100,1170005103
1170005100,1170005104
1170005100,1170005105
1170005100,1170005106
1170005200,1170005206
1170005200,1170005205
1170005200,1170005204
1170005200,1170005203
1170005200,1170005202
1170005200,1170005201
1170005300,1170005302
1170005400,1170005400
1170005500,1170005500
1170005600,1170005600
1170005700,1170005700
1170005800,1170005800
1170005900,1170005900
1170006000,1170006000
1170006100,1170006102
1170006100,1170006101
1170006200,1170006201
1170006200,1170006202
1170006500,1170006500
1170006600,1170006600
1170006700,1170006700
1170006800,1170006800
1170006900,1170006900
1170007000,1170007000
1170007100,1170007105
1170007100,1170007104
1170007100,1170007103
1170007100,1170007102
1170007100,1170007101
1170007200,1170007201
1170007200,1170007202
1170007200,1170007203
1170007200,1170007204
1170007200,1170007205
1170007300,1170007303
1170007300,1170007302
1170007300,1170007301
1170007400,1170007401
1170007400,1170007402
1170007400,1170007403
1170007500,1170007500
1170007600,1170007600
1170007700,1170007702
1170007700,1170007701
1170007800,1170007801
1170007800,1170007802
1170008300,1200032500
1170008300,1200031800
1170008300,1170008302
1170008300,1170008301
1170008400,1170008401
1170008400,1170008402
1170008400,1200031700
1170008400,1200032400
1170008700,1170008700
1170008800,1170008800
1170008900,1170008900
1170009000,1170009000
1170009100,1170009100
1170009200,1170009200
1170009500,1170009502
1170009500,1170009501
1170009600,1170009601
1170009600,1170009602
1170009900,1170009903
1170009900,1170009902
1170009900,1170009901
1170010000,1170010001
1170010000,1170010002
1170010000,1170010003
1170010100,1170010100
1170010200,1170010200
1170010300,1170010300
1170010400,1170010400
1170010700,1170010700
1170010800,1170010800
1170010900,1170010901
1170010900,1170010902
1170011000,1170011000
1170011000,1170033000
1170014600,1170014600
1170015500,1170015500
1170017000,1170017000
1170018300,1170018300
1170018900,1170018900
1170019000,1170019000
1170020300,1170020300
1170020600,1170020600
1170021100,1170021100
1170021200,1170021200
1179910010,1170035200
1179910010,1170035400
1179910020,1170035700
1179910030,1170042800
1179910030,2080161900
1179910030,1200052000
1179920090,1200052100
1179920090,2080162000
1179920090,1170042900
1179920100,1170035600
1179920110,1170035500
1179920110,1170035300
1180000100,1180000100
1180000200,1180000200
1180000300,1180000302
1180000400,1180000400
1180000700,1180067701
1180000700,1180067702
1180000700,1180066000
1180000700,1180063900
1180000800,1180063700
1180000800,1180065900
1180000800,1180067601
1180000800,1180067602
1180000900,1180000903
1180000900,1180000902
1180000900,1180000901
1180001000,1180001001
1180001000,1180001002
1180001000,1180001003
1180001100,1180075600
1180001200,1180075500
1180001300,1180001304
1180001300,1180001303
1180001300,1180001302
1180001400,1180001401
1180001400,1180001402
1180001400,1180001403
1180001500,1180001501
1180001600,1180001601
1180001700,1180087100
1180001800,1180085600
1180001900,1180001900
1180002000,1180002000
1180002100,1180002901
1180002100,1180002102
1180002100,1180002101
1180002200,1180002201
1180002200,1180002202
1180002200,1180002203
1180002200,1180003001
1180002300,1180002300
1180002400,1180094800
1180002400,1180096400
1180002500,1130030500
1180002500,1130030300
1180002500,1180002502
1180002500,1180002501
1180002600,1180002601
1180002600,1180002602
1180002600,1130030200
1180002600,1130030400
1180002700,1180119800
1180002900,1180134301
1180002900,1180002902
1180003000,1180003002
1180003000,1180003003
1180003000,1180003005
1180003200,1180107400
1180003300,1180111600
1180003400,1180109800
1180003500,1180114500
1180003500,1180113900
1180003500,1180113000
1180003600,1180112400
1180003600,1180114300
1180003700,1130042900
1180003700,1130040800
1180003700,1180003700
1180003700,1180108800
1180003800,1180108700
1180003800,1180003800
1180003800,1130040700
1180003800,1130042800
1180003900,1180114600
1180003900,1180134401
1180004000,1180134501
1180004000,1180134701
1180004100,1180004101
1180004100,1180004102
1180004200,1180004202
1180004200,1180004201
1180004300,1180116600
1180004300,1180116200
1180004300,1180115600
1180004300,1180114900
1180004400,1180115000
1180004400,1180115900
1180004400,1180116700
1180004500,1180117600
1180004500,1180116100
1180004600,1180004000
1180004600,1180117500
1180004700,1140075800
1180004700,1180118100
1180004700,1180134801
1180004700,1180136701
1180004800,1180116900
1180004800,1180136301
1180004800,1180136101
1180004800,1180118202
1180004800,1180118201
1180004800,1140075900
1180005000,1180005000
1180005100,1180137301
1180005100,1180137201
1180005400,1130052801
1180005400,1180118400
1180005500,1180118300
1180005500,1130052300
1180005600,1150437000
1180005600,1180005601
1180005700,1180005701
1180005700,1180005702
1180005700,1150002401
1180005800,1180005803
1180005800,1180005802
1180005800,1180005805
1180005900,1180005904
1180005900,1180005902
1180006000,1180006000
1180006000,1180042000
1180006100,1180041900
1180006100,1180006100
1180006200,1180006200
1180006300,1180006300
1180006400,1180006400
1180006500,1180006500
1180006600,1180006601
1180006700,1180006700
1180006800,1180006801
1180006800,1180006802
1180006900,1180006902
1180006900,1180006903
1180007000,1180007003
1180007000,1180007001
1180007100,1180007102
1180007100,1180007103
1180007200,1180007202
1180007300,1180007300
1180007400,1180007403
1180007400,1180007404
1180007400,1180007405
1180007500,1180007503
1180007500,1180007504
1180007500,1180007502
1180007600,1180007602
1180007600,1180007601
1180007700,1180007702
1180007700,1180007703
1180007800,1180007803
1180007800,1180007802
1180007900,1180007901
1180007900,1180007902
1180008200,1180008200
1180008300,1180008300
1180008400,1180008403
1180008400,1180008401
1180008500,1180008501
1180008500,1180008502
1180008600,1180008602
1180008700,1180008702
1180008800,1180008800
1180008900,1180008900
1180009000,1180009000
1180009100,1180009102
1180009200,1180009201
1180009200,1180009203
1180009200,1180009204
1180009300,1180009304
1180009300,1180009305
1180009300,1180009302
1180009400,1180009400
1180009500,1180009500
1180009600,1180009600
1180009700,1180009700
1180009800,1180009804
1180009800,1180009803
1180009800,1180009802
1180009900,1180009901
1180009900,1180009902
1180009900,1180009903
1180010000,1180010002
1180010000,1180010001
1180010100,1180010102
1180010100,1180010103
1180010200,1180010202
1180010200,1180010201
1180010300,1180010301
1180010300,1180010302
1180010400,1180010401
1180010400,1180010402
1180010500,1180010501
1180010500,1180010502
1180010600,1180010602
1180010600,1180010603
1180010600,1180010604
1180010700,1180010704
1180010700,1180010705
1180010700,1180010703
1180010800,1180010800
1180010900,1180010900
1180011000,1180011000
1180011100,1180011100
1180011200,1180011201
1180011200,1180011202
1180011200,1180011206
1180011200,1180011207
1180011200,1180011204
1180011200,1180011205
1180011300,1180011306
1180011300,1180011305
1180011300,1180011307
1180011300,1180011308
1180011300,1180011302
1180011300,1180011301
1180011400,1180011400
1180011500,1180011502
1180011600,1180011600
1180011700,1180011700
1180011800,1180011802
1180011800,1180011804
1180011800,1180011803
1180011900,1180011903
1180011900,1180011904
1180011900,1180011902
1180012000,1180012002
1180012000,1180012001
1180012100,1180012101
1180012100,1180012102
1180012200,1180012202
1180012200,1180012201
1180012300,1180012301
1180012300,1180012302
1180012600,1180012602
1180012600,1180012601
1180012700,1180012701
1180012700,1180012702
1180012800,1180012808
1180012800,1180012806
1180012800,1180012804
1180012800,1180012803
1180012800,1180012802
1180012900,1180012901
1180012900,1180012902
1180012900,1180012903
1180012900,1180012906
1180012900,1180012907
1180013000,1180013001
1180013100,1180013101
1180013200,1180013202
1180013200,1180013201
1180013300,1180013301
1180013300,1180013302
1180013401,1180013401
1180013402,1180013402
1180013501,1180013501
1180013502,1180013502
1180013600,1180053500
1180013700,1180059400
1180013800,1180013800
1180013900,1180013900
1180014000,1180014006
1180014000,1180014004
1180014000,1180014003
1180014000,1180014002
1180014000,1180014001
1180014100,1180014101
1180014100,1180014102
1180014100,1180014103
1180014100,1180014105
1180014400,1180058000
1180014500,1180058100
1180014800,1180014200
1180014900,1180014800
1180015000,1180015004
1180015000,1180015003
1180015000,1180015002
1180015100,1180015101
1180015100,1180015102
1180015100,1180015103
1180015200,1180015202
1180015300,1180015302
1180015800,1180015800
1180015900,1180015900
1180016000,1180016005
1180016000,1180016006
1180016000,1180016003
1180016000,1180016002
1180016000,1180016001
1180016100,1180016101
1180016100,1180016102
1180016100,1180016103
1180016100,1180016105
1180016100,1180016106
1180016200,1180016204
1180016200,1180016203
1180016200,1180016205
1180016200,1180016206
1180016200,1180016201
1180016300,1180016301
1180016300,1180016305
1180016300,1180016306
1180016300,1180016303
1180016300,1180016304
1180016400,1180016401
1180016400,1180016402
1180016500,1180016500
1180016600,1180016604
1180016600,1180016605
1180016600,1180016602
1180016600,1180016601
1180016700,1180016701
1180016700,1180016702
1180016700,1180016704
1180016700,1180016705
1180016800,1180016800
1180016900,1180016900
1180017000,1140053800
1180017000,1140053000
1180017000,1180017001
1180017100,1180017101
1180017100,1140053100
1180017100,1140053900
1180017200,1180017200
1180017200,1180067000
1180017300,1180067102
1180017300,1180017300
1180017400,1180017403
1180017400,1180017402
1180017400,1180017401
1180017500,1180017501
1180017500,1180017502
1180017500,1180017503
1180017600,1180017603
1180017600,1180017604
1180017700,1180017701
1180017700,1180017702
1180017800,1180017802
1180017800,1180017801
1180017900,1180017901
1180017900,1180017902
1180018000,1180018001
1180018000,1180018002
1180018100,1180018101
1180018100,1180018102
1180018400,1180073600
1180018400,1180074300
1180018400,1180074000
1180018400,1180018405
1180018400,1180018404
1180018400,1180018402
1180018500,1180018501
1180018500,1180018502
1180018500,1180018503
1180018500,1180075100
1180018500,1180078700
1180018500,1180077700
1180018500,1180076300
1180018500,1180074400
1180018600,1180018603
1180018600,1180018602
1180018600,1180018605
1180018600,1180018604
1180018700,1180018701
1180018700,1180018702
1180018700,1180018704
1180018700,1180018705
1180018700,1180018706
1180018800,1180018801
1180018800,1180018802
1180018900,1180018901
1180018900,1180018902
1180019000,1180019002
1180019000,1180019001
1180019100,1180019102
1180019100,1180019103
1180019200,1180019204
1180019200,1180019203
1180019200,1180019202
1180019300,1180019302
1180019300,1180019303
1180019300,1180019304
1180019400,1180019400
1180019500,1180019500
1180019600,1180019601
1180019600,1180019602
1180019600,1180019603
1180019600,1180019604
1180019700,1180019704
1180019700,1180019703
1180019700,1180019702
1180019700,1180019701
1180019800,1180019801
1180019900,1180019902
1180020000,1180020000
1180020100,1180020100
1180020400,1180020400
1180020500,1180020500
1180020600,1180020602
1180020600,1180020601
1180020700,1180020702
1180020700,1180020703
1180020800,1180020800
1180020900,1180020900
1180021200,1180021201
1180021200,1180021202
1180021300,1180021301
1180021300,1180021302
1180021400,1180021402
1180021400,1180021401
1180021500,1180021501
1180021600,1180021600
1180021700,1180021700
1180021800,1180021802
1180021800,1180021801
1180021900,1180021901
1180021900,1180021902
1180022000,1180022004
1180022000,1180022003
1180022000,1180022002
1180022000,1180022001
1180022100,1180022101
1180022100,1180022103
1180022100,1180022104
1180022200,1180022201
1180022300,1180022301
1180022400,1180022402
1180022400,1180022401
1180022500,1180022501
1180022500,1180022502
1180023000,1180023002
1180023100,1180023102
1180023200,1180023203
1180023200,1180023202
1180023300,1180023302
1180023300,1180023303
1180023400,1180023402
1180023400,1180023403
1180023400,1180023404
1180023500,1180023503
1180023500,1180023504
1180023500,1180023502
1180023600,1180023601
1180023600,1180023602
1180023700,1180023701
1180023700,1180023702
1180023800,1180086100
1180023800,1180023803
1180023800,1180023802
1180023900,1180023902
1180023900,1180023903
1180023900,1180086000
1180024000,1180024003
1180024000,1180024002
1180024000,1180024001
1180024100,1180024101
1180024100,1180024102
1180024100,1180024103
1180024200,1180024202
1180024200,1180024203
1180024200,1180024204
1180024300,1180024303
1180024300,1180024304
1180024300,1180024302
1180024400,1180024402
1180024500,1180024502
1180024600,1180024601
1180024700,1180024701
1180024700,1180024702
1180024800,1180024800
1180024800,1180079200
1180024900,1180081200
1180024900,1180024900
1180025000,1180025002
1180025100,1180025102
1180025200,1180025201
1180025200,1180025202
1180025300,1180025302
1180025300,1180025301
1180025600,1180025600
1180025700,1180025700
1180025800,1180025803
1180025800,1180025802
1180025800,1180025801
1180025900,1180025901
1180025900,1180025902
1180025900,1180025903
1180026000,1180088600
1180026000,1180087300
1180026000,1180085000
1180026100,1180085300
1180026100,1180087400
1180026100,1180088700
1180026200,1180026200
1180026300,1180026300
1180026600,1180026602
1180026600,1180026601
1180026700,1180026701
1180026700,1180026702
1180026800,1180026804
1180026800,1180026802
1180026800,1180026801
1180026900,1180026901
1180026900,1180026902
1180026900,1180026903
1180027200,1180027200
1180027300,1180027300
1180027400,1180027402
1180027500,1180027502
1180027600,1180027601
1180027700,1180027701
1180027700,1180027702
1180027800,1140059100
1180027800,1180027800
1180027900,1180027902
1180027900,1180027901
1180027900,1140059200
1180028000,1180028000
1180028100,1180028100
1180028400,1180028400
1180028500,1180028500
1180028600,1180028602
1180028600,1180028601
1180028700,1180028701
1180028700,1180028702
1180028801,1180028801
1180028802,1180028802
1180028902,1180028902
1180028903,1180028903
1180029000,1180029000
1180029100,1180029100
1180029200,1180029202
1180029200,1180029201
1180029300,1180029301
1180029300,1180029302
1180029400,1180029401
1180029400,1180029402
1180029500,1180029501
1180029500,1180029502
1180029600,1180029603
1180029600,1180029604
1180029600,1180029602
1180029700,1180029701
1180029700,1180029703
1180029700,1180029704
1180030000,1180030000
1180030100,1180030100
1180030200,1180093600
1180030200,1180030203
1180030200,1180030202
1180030300,1180030302
1180030300,1180030303
1180030300,1180119300
1180030600,1180030600
1180030700,1180030700
1180030800,1180030800
1180030900,1180030900
1180031000,1180031002
1180031000,1180031001
1180031100,1180031101
1180031100,1180031102
1180031200,1180031200
1180031300,1180031300
1180031400,1180031402
1180031500,1180031502
1180031600,1020034100
1180031600,1020032700
1180031600,1180031600
1180031700,1180031700
1180031700,1020032600
1180031700,1020034000
1180031800,1180031800
1180031900,1180031902
1180032000,1180032003
1180032000,1180032002
1180032000,1180032001
1180032100,1180032101
1180032100,1180032102
1180032100,1180032103
1180032200,1180032200
1180032300,1180032300
1180032400,1180032404
1180032400,1180032405
1180032400,1180032406
1180032400,1180032407
1180032400,1180032408
1180032500,1180032506
1180032500,1180032507
1180032500,1180032504
1180032500,1180032505
1180032500,1180032503
1180032600,1180032602
1180032600,1180032607
1180032600,1180032608
1180032600,1180032606
1180032600,1180032604
1180032700,1180032703
1180032700,1180032705
1180032700,1180032707
1180032700,1180032708
1180032700,1180032702
1180033000,1180033000
1180033100,1180033100
1180033200,1180033202
1180033200,1180033201
1180033300,1180033301
1180033300,1180033302
1180033400,1180097100
1180033400,1180033402
1180033400,1180033401
1180033500,1180033501
1180033500,1180033502
1180033500,1180033503
1180033600,1180033600
1180033700,1180033700
1180034000,1180034003
1180034000,1180034002
1180034000,1180034001
1180034100,1180034104
1180034100,1180034105
1180034100,1180034102
1180034200,1180034205
1180034200,1180034204
1180034200,1180034203
1180034200,1180034202
1180034200,1180034201
1180034300,1180034301
1180034300,1180034302
1180034300,1180034303
1180034300,1180034304
1180034300,1180034305
1180034600,1180092200
1180034700,1180092600
1180034801,1180034801
1180034802,1180034802
1180034901,1180034901
1180034902,1180034902
1180035000,1180035002
1180035000,1180035003
1180035000,1180035004
1180035100,1180035103
1180035100,1180035104
1180035100,1180035102
1180035200,1180035200
1180035300,1180035301
1180035300,1180035302
1180035600,1180035602
1180035600,1180099000
1180035700,1180035701
1180036001,1180036001
1180036002,1180036002
1180036101,1180036101
1180036102,1180036102
1180036200,1180036200
1180036300,1180036300
1180036400,1180036401
1180036500,1180036501
1180036500,1180036502
1180036600,1180102700
1180036600,1180036603
1180036600,1180036602
1180036600,1180036601
1180036700,1180036701
1180036700,1180036702
1180036700,1180036703
1180036700,1180102600
1180037000,1140066400
1180037000,1180037000
1180037000,1180035603
1180037100,1180035702
1180037100,1180037100
1180037100,1140066500
1180037200,1180037203
1180037200,1180037202
1180037200,1180037201
1180037300,1180037301
1180037300,1180037302
1180037300,1180037303
1180037400,1180037402
1180037400,1180037401
1180037500,1180037501
1180037500,1180037502
1180037600,1180037602
1180037600,1180037601
1180037700,1180037702
1180037700,1180037703
1180038000,1180038004
1180038000,1180038003
1180038000,1180038001
1180038100,1180038101
1180038100,1180038102
1180038200,1180038203
1180038200,1180038202
1180038200,1180038201
1180038300,1180038301
1180038300,1180038302
1180038300,1180038303
1180038400,1180038403
1180038400,1180038402
1180038500,1180038502
1180038500,1180038503
1180038600,1180038602
1180038700,1180038702
1180039000,1180106700
1180039000,1180105602
1180039000,1180119600
1180039100,1180095600
1180039100,1180119700
1180039100,1180106600
1180039600,1180039600
1180039700,1180039700
1180040000,1180040003
1180040000,1180040002
1180040000,1180040001
1180040100,1180040101
1180040100,1180040102
1180040100,1180040103
1180040200,1180040202
1180040200,1180040201
1180040300,1180040301
1180040300,1180040302
1180040300,1180040303
1180040400,1180040402
1180040400,1180040401
1180040500,1180040501
1180040500,1180040502
1180040600,1180108500
1180040600,1180107000
1180040700,1180107100
1180040700,1180107700
1180040700,1180108600
1180040800,1180040802
1180040800,1180040801
1180040900,1180040901
1180040900,1180040902
1180041000,1130035500
1180041000,1180041002
1180041100,1180041102
1180041100,1130035400
1180041200,1180109300
1180041200,1180041200
1180041300,1180041300
1180041300,1180109400
1180041600,1180111200
1180041600,1180110900
1180041600,1140280001
1180041600,1140279801
1180041700,1140279201
1180041700,1140279701
1180041700,1140279901
1180041700,1180111300
1180050800,1180050800
1180050900,1180050900
1180051500,1180051500
1180051600,1180051600
1180060100,1180060100
1180060200,1180060200
1180061600,1180061600
1180061700,1180061700
1180063500,1180063500
1180063600,1180063600
1180132401,1180132401
1180132501,1180132501
1190000100,1190000101
1190000200,1190000200
1190000200,1190043200
1190000500,1180133101
1190000500,1180133201
1190000500,1190041001
1190000500,1180131500
1190000600,1190041200
1190000600,1180133401
1190000600,1180133001
1190000600,1180133301
1190000600,1180101900
1190000700,1190000704
1190000700,1190052401
1190000700,1190051801
1190000700,1190000705
1190000700,1190000706
1190000800,1190000805
1190000800,1190000806
1190000800,1190051901
1190000800,1190052501
1190000800,1190000804
1190001300,1180130500
1190001400,1180130400
1190001500,1190001503
1190001500,1190001502
1190001500,1190001501
1190001600,1190001601
1190001600,1190001602
1190001600,1190001603
1190001700,1190001701
1190001700,1190001702
1190001800,1190001802
1190001800,1190001801
1190001900,1190001904
1190001900,1190001903
1190001900,1190001902
1190001900,1190001901
1190002000,1190002001
1190002000,1190002002
1190002000,1190002003
1190002000,1190002004
1190002100,1190002104
1190002100,1190002103
1190002100,1190002102
1190002100,1190002101
1190002200,1190002201
1190002200,1190002202
1190002200,1190002203
1190002200,1190002204
1190002300,1190002306
1190002300,1190002305
1190002300,1190002304
1190002300,1190002303
1190002300,1190002302
1190002300,1190002301
1190002400,1190002401
1190002400,1190002402
1190002400,1190002403
1190002400,1190002404
1190002400,1190002405
1190002400,1190002406
1190002500,1190002503
1190002500,1190002502
1190002500,1190002501
1190002600,1190002601
1190002600,1190002602
1190002600,1190002603
1190002900,1190002903
1190002900,1190002902
1190002900,1190002901
1190003000,1190003001
1190003000,1190003002
1190003000,1190003003
1190003100,1190003102
1190003200,1190003201
1190003200,1190003202
1190003300,1190003301
1190003300,1190003302
1190003300,1190003304
1190003300,1190003305
1190003400,1190003405
1190003400,1190003406
1190003400,1190003403
1190003400,1190003402
1190003500,1190003502
1190003500,1190003503
1190003500,1190003504
1190003600,1190003601
1190003600,1190003604
1190003600,1190003605
1190003600,1190003603
1190003701,1190003701
1190003702,1190003702
1190003703,1190003703
1190003704,1190003704
1190003705,1190003705
1190003706,1190003706
1190003707,1190003707
1190003801,1190003801
1190003802,1190003802
1190003803,1190003803
1190003804,1190003804
1190003805,1190003805
1190003806,1190003806
1190003807,1190003807
1190003808,1190003808
1190004300,1190004302
1190004300,1190004301
1190004300,1190002904
1190004400,1190003004
1190004400,1190004401
1190004400,1190004402
1190004500,1190004503
1190004500,1190004504
1190004500,1190004501
1190004600,1190004601
1190004600,1190004604
1190004600,1190004605
1190004700,1190004702
1190004700,1190004703
1190004700,1190004704
1190004800,1190004803
1190004800,1190004804
1190004800,1190004802
1190005100,1190005101
1190005100,1190005102
1190005100,1190038200
1190005200,1190038300
1190005200,1190005202
1190005200,1190005201
1190005300,1190005403
1190005300,1190005302
1190005400,1190005402
1190005400,1190040900
1190005500,1190039000
1190005600,1190038900
1190005700,1190005703
1190005700,1190005702
1190005700,1190005701
1190005800,1190005802
1190005800,1190005803
1190005800,1190005804
1190005900,1190005902
1190005900,1190005901
1190006000,1190006001
1190006000,1190006002
1190006100,1180062700
1190006200,1180062600
1190006300,1190006300
1190006400,1190006402
1190006500,1190006501
1190006500,1190006502
1190006500,1190006503
1190006600,1190006603
1190006600,1190006601
1190006700,1190042000
1190006700,1190045000
1190006700,1190006704
1190006700,1190006703
1190006700,1190006702
1190006700,1190006701
1190006800,1190006801
1190006800,1190006802
1190006800,1190006803
1190006900,1190006903
1190006900,1190006902
1190007000,1190007002
1190007000,1190007003
1190007100,1180073700
1190007100,1180070700
1190007100,1180067800
1190007100,1180065700
1190007200,1180065800
1190007200,1180067900
1190007200,1180070800
1190007200,1180073800
1190007300,1190007302
1190007400,1190007404
1190007400,1190045400
1190007400,1190045500
1190007400,1190045200
1190007400,1190042300
1190007500,1020004502
1190007500,1020004501
1190007500,1190007500
1190007500,1190039900
1190007600,1190039800
1190007600,1190007600
1190007600,1020025800
1190007600,1020004602
1190008000,1190008000
1190008100,1190008100
1190009700,1190009700
1190009800,1190009800
1200000500,1200000508
1200000500,1200000507
1200000500,1200000506
1200000500,1200000505
1200000500,1200000504
1200000500,1200000503
1200000500,1200000502
1200000500,1200000521
1200000500,1200000511
1200000600,1200000611
1200000600,1200000621
1200000600,1200000602
1200000600,1200000603
1200000600,1200000604
1200000600,1200000605
1200000600,1200000606
1200000600,1200000607
1200000600,1200000608
1200000600,1200000609
1200000700,1200000702
1200000700,1200008111
1200000700,1200008121
1200000700,1200020900
1200000800,1200020600
1200000800,1200000801
1200000800,1200000802
1200000900,1200000904
1200000900,1200000903
1200000900,1200000902
1200000900,1200000901
1200001000,1200001001
1200001000,1200001002
1200001000,1200001003
1200001000,1200001004
1200001300,1200001305
1200001300,1200001304
1200001300,1200001303
1200001300,1200001302
1200001300,1200001301
1200001400,1200001401
1200001400,1200001402
1200001400,1200001403
1200001400,1200001404
1200001400,1200001405
1200001400,1200001406
1200001500,1200001501
1200001500,1200001502
1200001500,1200001503
1200001500,1200001504
1200001500,1200001505
1200001500,1200001506
1200001600,1200001606
1200001600,1200001605
1200001600,1200001604
1200001600,1200001603
1200001600,1200001602
1200001600,1200001601
1200001700,1200001701
1200001700,1200001702
1200001700,1200001703
1200001800,1200001803
1200001800,1200001802
1200001800,1200001801
1200001900,1200001900
1200002000,1200002000
1200002100,1200002105
1200002100,1200002104
1200002100,1200002103
1200002100,1200002102
1200002100,1200002101
1200002200,1200002201
1200002200,1200002202
1200002200,1200002203
1200002200,1200002204
1200002200,1200002205
1200002300,1200002301
1200002300,1200002302
1200002400,1200002402
1200002400,1200002401
1200002500,1200002501
1200002500,1200002502
1200002600,1200002602
1200002600,1200002601
1200002700,1200002703
1200002700,1200002702
1200002800,1200002802
1200002800,1200002803
1200002900,1200002905
1200002900,1200002904
1200002900,1200002906
1200002900,1200002907
1200003000,1200003005
1200003000,1200003006
1200003000,1200003003
1200003000,1200003004
1200003100,1200003100
1200003200,1200003200
1200003300,1200003301
1200003400,1200003401
1200003500,1200003502
1200003500,1200003501
1200003500,1200034300
1200003500,1200033800
1200003600,1200033900
1200003600,1200003601
1200003600,1200003602
1200003700,1200003702
1200003800,1200003802
1200003900,1200003903
1200003900,1200003902
1200004000,1200004001
1200004000,1200004002
1200004300,1200004300
1200004400,1200004400
1200004500,1200004500
1200004600,1200004600
1200004700,1200004701
1200004800,1200004801
1200004900,1200004902
1200005000,1200005002
1200005100,1200005100
1200005200,1200005202
1200005300,1200005300
1200005400,1200005400
1200005500,1200052201
1200005500,1200052501
1200005600,1200052601
1200005600,1200052301
1200005700,1200005700
1200005800,1200005800
1200005900,1200005900
1200006000,1200006000
1200006100,1200006102
1200006100,1200006101
1200006200,1200006201
1200006200,1200006202
1200006300,1200006301
1200006400,1200006401
1200006700,1200006703
1200006700,1200006702
1200006700,1200006701
1200006800,1200006801
1200006800,1200006802
1200006800,1200006803
1200006900,1200006901
1200006900,1200006902
1200006900,1200006903
1200007000,1200007004
1200007000,1200007002
1200007000,1200007001
1200007100,1200007103
1200007100,1200007102
1200007100,1200007101
1200007200,1200007201
1200007200,1200007202
1200007200,1200007203
1200007500,1200007500
1200007600,1200007601
1200007700,1200007700
1200007800,1200007800
1200007900,1200007903
1200007900,1200007902
1200008000,1200008002
1200008000,1200008003
1200008100,1200008100
1200008200,1200008200
1200008900,1160276500
1200008900,1160276000
1200009000,1180041801
1200009000,1180041802
1200009100,1200009102
1200009100,1200009101
1200009200,1200009202
1200009200,1200009203
1200009300,1200009300
1200009400,1200009400
1200009500,1200009503
1200009500,1200009502
1200009500,1200009501
1200009600,1200009602
1200009600,1200009603
1200009600,1200009604
1200009700,1200009701
1200009700,1200009702
1200009700,1200009703
1200009700,1200009704
1200009700,1200009705
1200009800,1200009805
1200009800,1200009804
1200009800,1200009803
1200009800,1200009802
1200009800,1200009801
1200009900,1200009904
1200009900,1200009903
1200009900,1200009902
1200010000,1200010002
1200010000,1200010003
1200010000,1200010004
1200010100,1190011600
1200010100,1190010800
1200010100,1200010100
1200010200,1200010200
1200010200,1190010900
1200010200,1190011700
1200010300,1200010301
1200010400,1200010401
1200010500,1200010501
1200010500,1200010502
1200010600,1200010602
1200010600,1200010601
1200010700,1200010700
1200010800,1200010800
1200011100,1200011101
1200011200,1200011202
1200011200,1200011203
1200011300,1200011301
1200011300,1200011302
1200011400,1200011402
1200011400,1200011401
1200011500,1190051401
1200011500,1190051201
1200011500,1200011505
1200011500,1200011504
1200011500,1200011503
1200011500,1200011502
1200011500,1200011501
1200011600,1200011601
1200011600,1200011602
1200011600,1200011603
1200011600,1200011604
1200011600,1200011605
1200011600,1190051301
1200011600,1190051501
1200011700,1200011702
1200011700,1200011701
1200011800,1200011801
1200011800,1200011802
1200012300,1190018600
1200012300,1190016800
1200012300,1190015400
1200012300,1190014400
1200012300,1200044600
1200012300,1200012303
1200012300,1200012302
1200012300,1200012301
1200012400,1200012401
1200012400,1200012402
1200012400,1200012404
1200012400,1200044700
1200012400,1190014500
1200012400,1190015500
1200012400,1190016700
1200012400,1190018500
1200012500,1190019800
1200012500,1190018800
1200012500,1190016601
1200012500,1190016602
1200012500,1200012502
1200012600,1200012601
1200012600,1190016501
1200012600,1190016502
1200012600,1190018700
1200012600,1190019700
1209910050,1200049800
1209910060,1200050100
1209910080,1200050400
1209910080,1210071900
1209920040,1210071800
1209920040,1200050300
1209920050,1200050000
1209920070,1200049700
1210000300,1210000301
1210000400,1210000401
1210000500,1210035400
1210000500,1210035001
1210000500,1210035002
1210000500,1210034700
1210000500,1210034300
1210000600,1210034400
1210000600,1210034800
1210000600,1210035101
1210000600,1210035102
1210000600,1210035600
1210000701,1210000711
1210000701,1210000721
1210000701,1210000702
1210000800,1210000800
1210000900,1210000902
1210000900,1210000901
1210000900,2200007300
1210001000,2200007400
1210001000,1210001001
1210001000,1210001002
1210001100,1210001100
1210001200,1210001200
1210001700,1210030803
1210001700,1210030802
1210001700,1210179001
1210001700,1210178901
1210001800,1210030901
1210001800,1210179201
1210001800,1210179301
1210001800,1210030903
1210001900,1210001903
1210001900,1210001902
1210001900,1210001901
1210002000,1210002001
1210002000,1210002002
1210002000,1210002003
1210002500,1210002501
1210002600,1210002601
1210002700,1210161700
1210002700,1210160900
1210002800,1210161000
1210002800,1210161800
1210002900,1210002900
1210003000,1210003000
1210003500,1210043800
1210003500,1210044400
1210003500,1210044600
1210003500,1210045000
1210003800,1210044700
1210003800,1210044500
1210003800,1210043900
1210003900,1210003903
1210003900,1210003902
1210003900,1210003901
1210004000,1210004001
1210004000,1210004002
1210004000,1210004003
1210004100,1210004701
1210004100,1210004100
1210004200,1210004200
1210004200,1210004801
1210004300,1190028800
1210004400,1190028900
1210004500,1210004500
1210004600,1210004600
1210004700,1210004702
1210004900,1210004902
1210004900,1210004901
1210005000,1210005001
1210005000,1210005401
1210005100,1210005102
1210005100,1210005101
1210005100,1210004703
1210005200,1210004802
1210005200,1210005200
1210005300,1210005305
1210005300,1210005304
1210005300,1210005301
1210005400,1210005402
1210005400,1210005403
1210006200,1210030601
1210006200,1210006202
1210006300,1210006302
1210006300,1210030701
1210006400,1220342800
1210006400,1220342500
1210006500,1220342200
1210006500,1220342300
1210006500,1220342600
1210006500,1220342900
1210006600,1210006603
1210006600,1210006602
1210006600,1210006601
1210006700,1210006701
1210006700,1210006702
1210006700,1210006703
1210006700,1210006705
1210006800,1210006802
1210006800,1210006803
1210006800,1210006815
1210006800,1210006825
1210006800,1210006838
1210006800,1210006839
1210006800,1210006837
1210006800,1210032900
1210006900,1210006935
1210006900,1210006937
1210006900,1210006938
1210006900,1210006914
1210006900,1210006934
1210006900,1210006903
1210006900,1210006902
1210007000,1220037900
1210007000,1220038101
1210007000,1220038102
1210007000,1220038501
1210007000,1220038502
1210007000,1220038503
1210007000,1220038504
1210007000,1210178100
1210007000,1210036600
1210007000,1210036000
1210007000,1210034100
1210007000,1210033000
1210007100,1210034000
1210007100,1210035500
1210007100,1210035900
1210007100,1210036100
1210007100,1210036500
1210007100,1210178000
1210007100,1220038404
1210007100,1220038403
1210007100,1220038402
1210007100,1220038401
1210007100,1220038002
1210007100,1220038001
1210007100,1220037800
1210007400,1210007405
1210007400,1210007404
1210007400,1210007410
1210007400,1210007411
1210007400,1210007407
1210007400,1210007409
1210007400,1210007401
1210007500,1210007501
1210007500,1210007508
1210007500,1210007506
1210007500,1210007510
1210007500,1210007511
1210007500,1210007504
1210007500,1210007505
1210007600,1210007603
1210007600,1210007602
1210007700,1210007702
1210007700,1210007703
1210007800,1220042200
1210007800,1220041800
1210007800,1220041100
1210007800,1210007803
1210007800,1210007802
1210007900,1210007901
1210007900,1210007902
1210007900,1210007903
1210007900,1220041200
1210007900,1220041900
1210007900,1220042300
1210008000,1210008004
1210008000,1210008011
1210008000,1210008021
1210008000,1210008031
1210008100,1210008131
1210008100,1210008121
1210008100,1210008111
1210008100,1210008103
1210008400,1210008400
1210008500,1210008500
1210008800,1210008803
1210008800,1210008802
1210008800,1210008801
1210008900,1210008901
1210008900,1210008902
1210008900,1210008903
1210009201,1210009201
1210009202,1210009202
1210009203,1210009203
1210009204,1210009204
1210009301,1210009301
1210009302,1210009302
1210009303,1210009303
1210009304,1210009304
1210009400,1210009400
1210009500,1210009500
1210009800,1210009801
1210009800,1210009802
1210009900,1210009903
1210009900,1210009902
1210010000,1210010002
1210010000,1210010001
1210010100,1210010101
1210010100,1210010102
1210010200,1210010200
1210010300,1210010300
1210010600,1210010603
1210010600,1210010602
1210010600,1210010601
1210010700,1210010701
1210010700,1210010702
1210010700,1210010703
1210010800,1210010802
1210010800,1210010803
1210010900,1210010903
1210010900,1210010902
1210011000,1210011001
1210011000,1210011002
1210011100,1210011101
1210011100,1210011102
1210011200,1210011201
1210011300,1210011300
1210011400,1210011402
1210011400,1210011401
1210011500,1210011501
1210011500,1210011502
1210011800,1210011800
1210011900,1210011900
1210012200,1210180601
1210012200,1210180201
1210012200,1210179801
1210012200,1210179501
1210012200,1210012204
1210012200,1210012203
1210012200,1210012202
1210012300,1210012302
1210012300,1210012303
1210012300,1210012304
1210012300,1210179601
1210012300,1210179701
1210012300,1210180101
1210012300,1210180501
1210012400,1210012401
1210012500,1210012500
1210012800,1210012800
1210012900,1210012900
1210013000,1210013000
1210013100,1210013100
1210013200,1210013204
1210013200,1210013203
1210013200,1210013202
1210013200,1210013201
1210013300,1210013301
1210013300,1210013302
1210013300,1210013303
1210013300,1210013304
1210013400,1210013404
1210013400,1210013405
1210013400,1210013402
1210013500,1210013501
1210013500,1210013503
1210013500,1210013504
1210013600,1210013603
1210013600,1210013602
1210013600,1210013601
1210013700,1210013701
1210013700,1210013702
1210013700,1210013703
1210013800,1210013803
1210013800,1210013804
1210013800,1210013802
1210013900,1210013901
1210013900,1210013903
1210013900,1210013904
1210014000,1210014004
1210014000,1210014003
1210014000,1210014002
1210014100,1210014102
1210014100,1210014103
1210014100,1210014104
1210014200,1210014202
1210014200,1210014201
1210014300,1210014301
1210014300,1210014302
1210014300,1210043500
1210014400,1190009200
1210014400,1190008400
1210014400,1190008200
1210014400,1190008600
1210014400,1190009000
1210014500,1190009100
1210014500,1190008700
1210014500,1190008300
1210014500,1190008500
1210014500,1190009300
1210014800,1210014800
1210014900,1210014900
1210015000,1210015002
1210015000,1210015001
1210015100,1210015101
1210015100,1210015102
1210015200,1210015200
1210015300,1210015300
1210015400,1210015402
1210015400,1210015403
1210015400,1210015404
1210015500,1210015503
1210015500,1210015504
1210015500,1210015502
1210015600,1210015602
1210015600,1210015601
1210015700,1210015701
1210015700,1210015702
1210015800,1210015802
1210015800,1210015801
1210015900,1210015901
1210015900,1210015902
1210016000,1210016003
1210016000,1210016002
1210016000,1210016001
1210016100,1210016101
1210016100,1210016102
1210016100,1210016103
1210016200,1210016204
1210016200,1210016203
1210016200,1210016202
1210016300,1210016302
1210016300,1210016303
1210016300,1210016304
1210016400,1210016402
1210016400,1210016403
1210016400,1210016404
1210016500,1210016503
1210016500,1210016504
1210016500,1210016502
1210016600,1210016602
1210016600,1210016601
1210016700,1210016701
1210016700,1210016702
1210016800,1210016802
1210016800,1210016801
1210016900,1210016901
1210016900,1210016902
1210017000,1210017005
1210017000,1210017004
1210017000,1210017003
1210017000,1210017002
1210017000,1210017001
1210017100,1210017101
1210017100,1210017102
1210017100,1210017103
1210017100,1210017104
1210017100,1210017105
1210017200,1210017200
1210017300,1210017300
1210017400,1210017402
1210017400,1210017401
1210017500,1210017501
1210017500,1210017502
1210017600,1210017604
1210017600,1210017605
1210017600,1210017606
1210017600,1210017602
1210017700,1210017702
1210017700,1210017705
1210017700,1210017706
1210017700,1210017704
1210017800,1210157500
1210017800,1210157300
1210017800,1210157100
1210017900,1210157200
1210017900,1210157400
1210017900,1210157600
1210018200,1210018200
1210018300,1210018300
1210018400,1210018402
1210018400,1210018403
1210018500,1210018502
1210018500,1210018503
1210018600,1210018600
1210018700,1210018700
1210018800,1210018802
1210018800,1210018801
1210018900,1210018901
1210018900,1210018902
1210019000,1210019003
1210019000,1210019002
1210019000,1210019001
1210019100,1210019101
1210019100,1210019102
1210019100,1210019103
1210019400,1210019402
1210019400,1210019401
1210019500,1210019501
1210019500,1210019502
1210019600,1210019603
1210019600,1210019604
1210019600,1210019601
1210019700,1210019701
1210019700,1210019704
1210019700,1210019705
1210020000,1210020001
1210020100,1210020101
1210020200,1210020203
1210020200,1210020202
1210020300,1210020302
1210020300,1210020303
1210020800,1210020802
1210020800,1210020801
1210020900,1210020901
1210020900,1210020902
1210021000,1210021005
1210021000,1210021004
1210021000,1210021003
1210021000,1210021002
1210021100,1210021102
1210021100,1210021103
1210021100,1210021104
1210021100,1210021105
1210021200,1210021200
1210021300,1210021301
1210021600,1210021602
1210021600,1210021604
1210021600,1210021605
1210021600,1210021606
1210021700,1210021706
1210021700,1210021707
1210021700,1210021705
1210021700,1210021702
1210021700,1210021703
1210021800,1210021804
1210021800,1210021805
1210021800,1210021802
1210021900,1210021902
1210021900,1210021904
1210021900,1210021905
1210022200,1210022203
1210022200,1210022202
1210022200,1210022201
1210022300,1210022301
1210022300,1210022302
1210022300,1210022303
1210022400,1210022409
1210022400,1210022410
1210022400,1210022407
1210022400,1210022408
1210022400,1210022403
1210022400,1210022402
1210022500,1210022502
1210022500,1210022503
1210022500,1210022507
1210022500,1210022508
1210022500,1210022509
1210022500,1210022510
1210022600,1210022603
1210022600,1210022604
1210022600,1210022601
1210022700,1210022702
1210022700,1210022704
1210022700,1210022705
1210022800,1210022802
1210022800,1210022801
1210022900,1210022901
1210022900,1210022902
1210023000,1210023003
1210023000,1210023002
1210023000,1210023001
1210023100,1210023101
1210023100,1210023102
1210023100,1210023103
1210023200,1210023202
1210023300,1210023301
1210023300,1210023302
1210023400,1190021900
1210023400,1190020400
1210023500,1190022000
1210023500,1190023300
1210023600,1210023602
1210023600,1210023601
1210023700,1210023701
1210023700,1210023702
1210024000,1210024000
1210024000,1190024600
1210024000,1190023800
1210024100,1190024100
1210024100,1210024100
1210024200,1210024202
1210024200,1210024203
1210024200,1210024204
1210024300,1210024303
1210024300,1210024304
1210024300,1210024302
1210024400,1210024402
1210024500,1210024502
1210024800,1210024805
1210024800,1210024803
1210024800,1210024802
1210024900,1210024902
1210024900,1210024903
1210024900,1210024904
1210025000,1210025003
1210025000,1210025002
1210025100,1210025102
1210025100,1210025103
1210025200,1210025201
1210025300,1210025301
1210025400,1210025402
1210025400,1210025401
1210025500,1210025501
1210025500,1210025502
1210025800,1210025802
1210025800,1210025803
1210025800,1210025804
1210025800,1210024501
1210025900,1210024401
1210025900,1210025904
1210025900,1210025903
1210025900,1210025902
1210026000,1210026002
1210026100,1210026102
1210026200,1210026203
1210026200,1210026202
1210026300,1210026302
1210026300,1210026303
1210026400,1210026401
1210026500,1210026501
1210026600,1210026605
1210026600,1210026603
1210026600,1210026602
1210026700,1210026702
1210026700,1210026703
1210026700,1210026705
1210026800,1210026802
1210026900,1210026902
1210027000,1210027001
1210027100,1210027101
1210027200,1210027204
1210027200,1210027203
1210027200,1210027202
1210027200,1210027201
1210027300,1210027301
1210027300,1210027302
1210027300,1210027303
1210027300,1210027304
1210027600,1210027602
1210027600,1210027601
1210027600,1210027002
1210027700,1210027102
1210027700,1210027701
1210027700,1210027702
1210027800,1020023600
1210027800,1020023200
1210027800,1210027800
1210027900,1210027900
1210027900,1020023100
1210027900,1020023500
1210028200,1210028201
1210028300,1210028300
1210028800,1020056700
1210028800,1020056500
1210028800,1210028801
1210028900,1210178600
1210028900,1020056300
1210028900,1020056600
1210029000,1210029003
1210029000,1210029002
1210029000,1210029001
1210029100,1210029101
1210029100,1210029102
1210029100,1210029103
1210029400,1210029403
1210029400,1210029402
1210029400,1210029401
1210029500,1210029501
1210029500,1210029502
1210029500,1210029503
1210029600,1210029601
1210029600,1210029602
1210029700,1210029702
1210029700,1210029701
1210030000,1210030002
1210030000,1210030001
1210030100,1210030102
1210030100,1210030103
1210030200,1210030203
1210030200,1210030204
1210030200,1210030205
1210030200,1210030201
1210030300,1210030301
1210030300,1210030305
1210030300,1210030306
1210030300,1210030304
1210030400,1220093500
1210030400,1220093102
1210030400,1210178800
1210030500,1210030501
1210030500,1210178700
1210030500,1220093002
1210030500,1220093400
1210030600,1020032300
1210030600,1020031400
1210030600,1220342700
1210030700,1220342400
1210030700,1020031500
1210030700,1020032400
1219910090,1210072100
1219910100,1210072300
1219910110,1210072500
1219920010,1210072600
1219920020,1210072400
1219920030,1210072200
1220000100,1220320500
1220000100,1220319500
1220000200,1220319600
1220000200,1220320600
1220000300,1220000300
1220000400,1220000402
1220000500,1220000502
1220000600,1220000600
1220000700,1220000703
1220000700,1220000705
1220000700,1220000704
1220000800,1220000803
1220000800,1220000804
1220000800,1220000802
1220000900,1220000902
1220000900,1220000901
1220001000,1220001001
1220001000,1220001002
1220001100,1220001100
1220001200,1220001200
1220001500,1220001502
1220001500,1220001501
1220001600,1220001602
1220001600,1220001603
1220001700,1220001703
1220001700,1220001702
1220001700,1220001701
1220001800,1220001801
1220001800,1220001802
1220001800,1220001803
1220001800,1220001804
1220001900,1220001900
1220002000,1220002001
1220002200,1220002202
1220002300,1220002302
1220002500,1220001704
1220002700,1220002700
1220002800,1220002800
1220003000,1220003000
1220003100,1220003104
1220003100,1220003103
1220003100,1220003102
1220003100,1220003101
1220003200,1220003201
1220003200,1220003202
1220003200,1220003203
1220003200,1220003204
1220003300,1220003303
1220003300,1220003302
1220003400,1220003402
1220003400,1220003403
1220003800,1220002902
1220003800,1220002901
1220003900,1220003900
1220004000,1220004002
1220004000,1220004001
1220004100,1220004101
1220004100,1220004102
1220004200,1220004203
1220004200,1220004202
1220004200,1220004201
1220004300,1220004304
1220004300,1220004305
1220004300,1220004302
1220004400,1220005402
1220004400,1220345901
1220004400,1220345801
1220004500,1220004501
1220004500,1220004502
1220004800,1220004802
1220004800,1220004801
1220004900,1220004902
1220005000,1040020201
1220005000,1040040100
1220005000,1040017600
1220005000,1220005000
1220005100,1220005100
1220005100,1040017500
1220005100,1040019400
1220005100,1040020500
1220005200,1040023100
1220005200,1040020100
1220005200,1220005200
1220005300,1220005300
1220005300,1040020000
1220005300,1040023000
1220005400,1220005401
1220005500,1220005503
1220005500,1220005502
1220005600,1220005603
1220005600,1220005601
1220005600,1220343000
1220005700,1220005701
1220005700,1220005703
1220005800,1220005802
1220005800,1220005801
1220005900,1220005901
1220005900,1220005902
1220006000,1230040000
1220006000,1230039300
1220006000,1220006005
1220006000,1220006004
1220006000,1220006003
1220006000,1220006012
1220006000,1220006022
1220006000,1220006001
1220006100,1220006101
1220006100,1220006112
1220006100,1220006122
1220006100,1220006104
1220006100,1220006105
1220006100,1220006106
1220006100,1230039200
1220006100,1230039900
1220006200,1220006200
1220006300,1220006302
1220006400,1220006402
1220006400,1220006401
1220006500,1220006501
1220006500,1220006502
1220006600,1220346501
1220006600,1220346001
1220006600,1220006613
1220006600,1220006624
1220006600,1220006625
1220006600,1220006602
1220006600,1220006601
1220006700,1220006701
1220006700,1220006702
1220006700,1220006724
1220006700,1220006725
1220006700,1220006723
1220006700,1220346101
1220006700,1220346401
1220006700,1220006705
1220006700,1220006706
1220006800,1220006803
1220006800,1220006802
1220006800,1220006801
1220006900,1220006901
1220006900,1220006902
1220006900,1220006903
1220007000,1220007002
1220007000,1220007001
1220007100,1220007101
1220007100,1220007102
1220007200,1220007200
1220007300,1220007300
1220007400,1220007400
1220007500,1220007500
1220007600,1220007601
1220007700,1220007701
1220007700,1220007702
1220007800,1220007802
1220007900,1220007900
1220008000,1220008005
1220008000,1220008004
1220008000,1220008003
1220008000,1220008002
1220008000,1220008001
1220008100,1220008101
1220008100,1220008102
1220008100,1220008103
1220008100,1220008104
1220008100,1220008105
1220008200,1220008200
1220008300,1220008300
1220008400,1220008401
1220008500,1220008501
1220008600,1220008600
1220008600,1120064700
1220008700,1220008700
1220009000,1210178500
1220009100,1210178400
1220009400,1220009402
1220009500,1220009502
1220009800,1220011601
1220009800,1220009802
1220009800,1220009801
1220009900,1220011701
1220010000,1220010005
1220010000,1220010004
1220010000,1220010008
1220010000,1220010009
1220010000,1220010002
1220010000,1220010006
1220010000,1220010007
1220010100,1220010106
1220010100,1220010107
1220010100,1220010102
1220010100,1220010108
1220010100,1220010109
1220010100,1220010104
1220010100,1220010105
1220010200,1220010207
1220010200,1220010208
1220010200,1220010205
1220010200,1220010206
1220010200,1220010202
1220010300,1220010302
1220010300,1220010305
1220010300,1220010306
1220010300,1220010307
1220010300,1220010308
1220010600,1220010600
1220010700,1220010700
1220010800,1220010803
1220010800,1220010802
1220010800,1220010804
1220010800,1220010805
1220010900,1220010904
1220010900,1220010905
1220010900,1220010902
1220010900,1220010903
1220011000,1220011001
1220011100,1220011101
1220011400,1220011403
1220011400,1220011402
1220011400,1220011401
1220011400,1220008402
1220011500,1220008502
1220011500,1220011501
1220011500,1220011502
1220011500,1220011503
1220011600,1220015201
1220011600,1220011604
1220011600,1220011603
1220011600,1220011602
1220011700,1220011702
1220011700,1220011703
1220011800,1220011803
1220011800,1220011802
1220011900,1220011902
1220011900,1220011903
1220012000,1220012000
1220012100,1220012100
1220012400,1220012402
1220012400,1220012401
1220012500,1220012501
1220012500,1220012502
1220012600,1220012600
1220012700,1220012700
1220012800,1220012803
1220012800,1220012802
1220012800,1220012801
1220012900,1220012901
1220012900,1220012902
1220012900,1220012903
1220013200,1230051700
1220013200,1220052300
1220013200,1220013202
1220013200,1220013201
1220013300,1220013302
1220013300,1220013303
1220013300,1220052200
1220013300,1230051600
1220013400,1220013403
1220013400,1220013404
1220013400,1220013401
1220013500,1220013501
1220013500,1220013503
1220013500,1220013504
1220013600,1220013600
1220013700,1220013700
1220013800,1220056800
1220013800,1220056000
1220013800,1220054300
1220013800,1220050800
1220013900,1220050700
1220013900,1220052900
1220013900,1220055100
1220013900,1220056700
1220014000,1220014000
1220014000,1220011002
1220014100,1220011102
1220014100,1220014100
1220014200,1220014202
1220014200,1220014201
1220014300,1220014301
1220014300,1220014302
1220014400,1220014402
1220014500,1220014500
1220014800,1220014803
1220014800,1220014804
1220014900,1220014903
1220014900,1220014904
1220015000,1220015000
1220015100,1220015100
1220015200,1220015202
1220015400,1220015403
1220015400,1220015402
1220015400,1220015401
1220015500,1220015501
1220015500,1220015502
1220015500,1220015503
1220015600,1220015601
1220015600,1220015602
1220015700,1220015701
1220015700,1220015702
1220016000,1220016002
1220016000,1220016001
1220016100,1220016101
1220016100,1220016102
1220016200,1220016203
1220016200,1220016204
1220016200,1220016201
1220016300,1220016301
1220016300,1220016303
1220016300,1220016304
1220016600,1220016602
1220016600,1220016601
1220016700,1220016701
1220016700,1220016702
1220016800,1220016800
1220016800,1220015203
1220016900,1220015300
1220017000,1220017002
1220017000,1220017001
1220017100,1220017101
1220017100,1220017102
1220017200,1220017202
1220017300,1220017300
1220017400,1220017400
1220017500,1220017500
1220017800,1220017800
1220017900,1220017900
1220018200,1220018200
1220018300,1220018300
1220018400,1220018407
1220018400,1220018408
1220018400,1220018405
1220018400,1220018406
1220018400,1220018404
1220018500,1220018503
1220018500,1220018505
1220018500,1220018506
1220018500,1220018507
1220018500,1220018508
1220018600,1220018602
1220018600,1220018601
1220018700,1220018701
1220018700,1220018702
1220018800,1230055000
1220018800,1220018803
1220018800,1220018802
1220018900,1220018902
1220018900,1220018903
1220018900,1230054900
1220019000,1220019002
1220019000,1220019003
1220019000,1220019004
1220019100,1220019103
1220019100,1220019104
1220019100,1220019102
1220019200,1220019200
1220019300,1220019300
1220019400,1220019402
1220019400,1220019401
1220019500,1220019501
1220019500,1220019502
1220019800,1220019802
1220019800,1220019801
1220019900,1220019901
1220019900,1220019902
1220020200,1220060201
1220020200,1220057900
1220020300,1220058000
1220020300,1220059500
1220020400,1220020402
1220020400,1220020405
1220020400,1220020404
1220020400,1220020403
1220020500,1220020503
1220020500,1220020504
1220020500,1220020505
1220020500,1220020502
1220020600,1220020600
1220020700,1220020700
1220020800,1220020803
1220020800,1220020802
1220020800,1220020801
1220020900,1220020901
1220020900,1220020902
1220020900,1220020903
1220021000,1220021003
1220021000,1220021002
1220021000,1220021001
1220021100,1220021101
1220021100,1220021102
1220021100,1220021103
1220021200,1220021203
1220021200,1220021202
1220021300,1220021301
1220021300,1220021302
1220021400,1220021404
1220021400,1220021403
1220021400,1220021402
1220021400,1220021401
1220021500,1220021501
1220021500,1220021502
1220021500,1220021503
1220021500,1220021504
1220021800,1220021802
1220021800,1220021801
1220021900,1220021902
1220021900,1220021903
1220022000,1220060202
1220022100,1220060301
1220022100,1220060302
1220022200,1220022200
1220022300,1220022300
1220022500,1220022503
1220022500,1220022504
1220022500,1220022505
1220022500,1220022501
1220022600,1220022601
1220022600,1220022604
1220022600,1220022605
1220022600,1220022603
1220022700,1220022700
1220022700,1220062300
1220022700,1220061600
1220022700,1220061200
1220022800,1220061100
1220022800,1220061500
1220022800,1220062400
1220022900,1220022902
1220022900,1220022901
1220023000,1220023001
1220023000,1220023002
1220023100,1220023104
1220023100,1220023103
1220023100,1220023102
1220023100,1220023101
1220023200,1220023201
1220023200,1220023202
1220023200,1220023203
1220023200,1220023204
1220023300,1220023302
1220023400,1220023402
1220023500,1220062702
1220023500,1220062701
1220023600,1220062800
1220023800,1220023802
1220023800,1220023801
1220023900,1220023901
1220023900,1220023902
1220024000,1220024003
1220024000,1220024002
1220024000,1220024001
1220024100,1220024101
1220024100,1220024102
1220024100,1220024103
1220024200,1220024204
1220024200,1220024205
1220024200,1220024203
1220024300,1220024302
1220024300,1220024304
1220024300,1220024305
1220024400,1230064400
1220024400,1230063700
1220024400,1220024400
1220024500,1220024500
1220024500,1230063600
1220024500,1230064300
1220024600,1220024602
1220024600,1220024601
1220024700,1220024701
1220024700,1220024702
1220024800,1220024803
1220024800,1220024802
1220024800,1220024801
1220024900,1220024901
1220024900,1220024902
1220024900,1220024903
1220025000,1220025003
1220025000,1220025002
1220025100,1220025102
1220025100,1220025103
1220025200,1220025203
1220025200,1220025202
1220025200,1220025201
1220025300,1220025301
1220025300,1220025302
1220025300,1220025303
1220025400,1220025403
1220025400,1220025402
1220025400,1220025401
1220025500,1220025501
1220025500,1220025502
1220025500,1220025503
1220025600,1230067000
1220025600,1220025602
1220025600,1220025601
1220025700,1220025701
1220025700,1220025702
1220025700,1230066900
1220025800,1220025804
1220025800,1220025803
1220025800,1220025802
1220025800,1220025801
1220025900,1220025901
1220025900,1220025902
1220025900,1220025903
1220025900,1220025904
1220026000,1220026003
1220026000,1220026002
1220026000,1220026004
1220026000,1220026005
1220026100,1220026104
1220026100,1220026105
1220026100,1220026102
1220026100,1220026103
1220026200,1220026203
1220026200,1220026202
1220026200,1220026201
1220026300,1220026301
1220026300,1220026302
1220026300,1220026303
1220026400,1220026400
1220026500,1220026500
1220026600,1220026603
1220026600,1220026602
1220026600,1220026601
1220026700,1220026701
1220026700,1220026702
1220026700,1220026703
1220026800,1220026804
1220026800,1220026803
1220026800,1220026802
1220026800,1220026801
1220026900,1220026901
1220026900,1220026902
1220026900,1220026903
1220026900,1220026904
1220027000,1220027002
1220027000,1220027001
1220027100,1220027101
1220027100,1220027102
1220027200,1220027203
1220027200,1220027202
1220027200,1220027201
1220027300,1220027301
1220027300,1220027302
1220027300,1220027303
1220027400,1220027404
1220027400,1220027403
1220027400,1220027402
1220027400,1220027401
1220027500,1220027501
1220027500,1220027502
1220027500,1220027503
1220027500,1220027504
1220027600,1220027603
1220027600,1220027602
1220027600,1220027601
1220027700,1220027701
1220027700,1220027702
1220027700,1220027703
1220027800,1220027803
1220027800,1220027802
1220027800,1220027801
1220027900,1220027901
1220027900,1220027902
1220027900,1220027903
1220028000,1220028003
1220028000,1220028002
1220028000,1220028004
1220028000,1220028005
1220028100,1220028104
1220028100,1220028105
1220028100,1220028102
1220028100,1220028103
1220028200,1220028202
1220028200,1220028201
1220028300,1220028301
1220028300,1220028302
1220028400,1220028402
1220028400,1220028401
1220028500,1220028501
1220028500,1220028502
1220028700,1220076900
1220028800,1220028803
1220028800,1220028802
1220028900,1220028902
1220028900,1220028903
1220029000,1220029003
1220029000,1220029002
1220029000,1220029001
1220029100,1220029102
1220029100,1220029103
1220029100,1220029104
1220029200,1220029202
1220029200,1220029201
1220029300,1220029301
1220029300,1220029302
1220029400,1230076500
1220029400,1220029400
1220029400,1220078500
1220029500,1220078400
1220029500,1220029500
1220029500,1230076400
1220029600,1220029602
1220029600,1220029601
1220029700,1220029701
1220029700,1220029702
1220029800,1220029805
1220029800,1220029804
1220029800,1220029803
1220029800,1220029802
1220029900,1220029901
1220029900,1220029902
1220029900,1220029903
1220029900,1220029904
1220030000,1220030003
1220030000,1220030002
1220030000,1220030001
1220030100,1220030101
1220030100,1220030102
1220030100,1220030103
1220030300,1220079700
1220030400,1220030405
1220030400,1220030404
1220030400,1220030403
1220030400,1220030402
1220030400,1220030406
1220030400,1220030407
1220030500,1220030506
1220030500,1220030507
1220030500,1220030502
1220030500,1220030503
1220030500,1220030504
1220030500,1220030505
1220030600,1220030603
1220030600,1220030602
1220030600,1220030601
1220030700,1220030701
1220030700,1220030702
1220030700,1220030703
1220030800,1220030802
1220030800,1220030801
1220030900,1220030901
1220030900,1220030902
1220031000,1220031005
1220031000,1220031004
1220031000,1220031003
1220031000,1220031002
1220031000,1220031001
1220031100,1220031101
1220031100,1220031102
1220031100,1220031103
1220031100,1220031104
1220031100,1220031105
1220031200,1220031202
1220031200,1220031201
1220031300,1220031301
1220031300,1220031302
1220031400,1220031402
1220031400,1220031403
1220031400,1220031404
1220031500,1220031503
1220031500,1220031504
1220031500,1220031502
1220031600,1230081700
1220031600,1220031600
1220031700,1220031700
1220031700,1230081600
1220031800,1220031804
1220031800,1220031803
1220031800,1220031802
1220031800,1220031801
1220031900,1220031901
1220031900,1220031902
1220031900,1220031903
1220031900,1220031904
1220032000,1220032003
1220032000,1220032002
1220032000,1220032001
1220032100,1220032101
1220032100,1220032102
1220032100,1220032103
1220032200,1220032204
1220032200,1220032203
1220032200,1220032202
1220032200,1220032201
1220032300,1220032301
1220032300,1220032302
1220032300,1220032303
1220032300,1220032304
1220032400,1220087902
1220032400,1220110400
1220032500,1220085800
1220032500,1220088000
1220032600,1220032605
1220032600,1220032604
1220032600,1220032603
1220032600,1220032606
1220032600,1220032607
1220032700,1220032706
1220032700,1220032707
1220032700,1220032703
1220032700,1220032704
1220032700,1220032705
1220032800,1220032805
1220032800,1220032804
1220032800,1220032803
1220032800,1220032802
1220032800,1220032801
1220032900,1220032901
1220032900,1220032902
1220032900,1220032903
1220032900,1220032904
1220032900,1220032905
1220033000,1220033004
1220033000,1220033003
1220033000,1220033002
1220033000,1220033001
1220033100,1220033101
1220033100,1220033102
1220033100,1220033103
1220033100,1220033104
1220033200,1220033202
1220033200,1220033201
1220033300,1220033301
1220033300,1220033302
1220033400,1220033403
1220033400,1220033402
1220033400,1220033401
1220033500,1220033501
1220033500,1220033502
1220033500,1220033503
1220033600,1220033603
1220033600,1220033602
1220033700,1220033701
1220033700,1220033702
1220033800,1220033800
1220033900,1220033900
1220034000,1220034002
1220034000,1220034001
1220034100,1220034101
1220034100,1220034102
1220034200,1220034204
1220034200,1220034203
1220034200,1220034202
1220034300,1220034302
1220034300,1220034303
1220034300,1220034304
1220034400,1220034405
1220034400,1220034404
1220034400,1220034406
1220034400,1220034407
1220034400,1220034402
1220034500,1220034502
1220034500,1220034506
1220034500,1220034507
1220034500,1220034504
1220034500,1220034505
1220034600,1220034603
1220034600,1220034602
1220034600,1220034601
1220034700,1220034701
1220034700,1220034702
1220034700,1220034703
1220034800,1220034804
1220034800,1220034803
1220034800,1220034802
1220034800,1220034801
1220034900,1220034901
1220034900,1220034902
1220034900,1220034903
1220034900,1220034904
1220035000,1220035004
1220035000,1220035003
1220035000,1220035002
1220035000,1220035001
1220035100,1220035101
1220035100,1220035102
1220035100,1220035103
1220035100,1220035104
1220035200,1220035205
1220035200,1220035204
1220035200,1220035203
1220035200,1220035202
1220035300,1220035302
1220035300,1220035303
1220035300,1220035304
1220035300,1220035305
1220035400,1220035404
1220035400,1220035403
1220035400,1220035402
1220035400,1220035401
1220035500,1220035501
1220035500,1220035502
1220035500,1220035503
1220035500,1220035504
1220035800,1220035804
1220035800,1220035803
1220035800,1220035802
1220035800,1220035801
1220035900,1220035901
1220035900,1220035902
1220035900,1220035903
1220035900,1220035904
1220036000,1220036005
1220036000,1220036004
1220036000,1220036003
1220036000,1220036002
1220036100,1220036101
1220036100,1220036102
1220036100,1220036103
1220036100,1220036104
1220036200,1220036201
1220036200,1220036202
1220036200,1220036203
1220036200,1220036204
1220036200,1220036205
1220036200,1220036206
1220036300,1220036306
1220036300,1220036305
1220036300,1220036304
1220036300,1220036303
1220036300,1220036301
1220036400,1220036400
1220036500,1220036500
1220036600,1220036602
1220036600,1220036601
1220036700,1220036703
1220036700,1220036704
1220036800,1220037201
1220036800,1220036802
1220036800,1220036801
1220036900,1220036901
1220036900,1220036902
1220036900,1220037301
1220037000,1030022100
1220037000,1220107800
1220037000,1220106000
1220037100,1220106100
1220037100,1220107900
1220037100,1030022200
1220037200,1030023900
1220037200,1030022700
1220037200,1220037203
1220037200,1220037202
1220037300,1220037302
1220037300,1220037303
1220037300,1030022600
1220037300,1030023800
1220037400,1220082800
1220037400,1220079600
1220043800,1220043801
1220043800,1220043802
1220043800,1220044600
1220043900,1220044700
1220043900,1220043901
1220043900,1220043902
1230000100,1230000100
1230000200,1230000201
1230000300,1230000301
1230000300,1230000302
1230000400,1230000402
1230000400,1230000401
1230000500,1230042300
1230000500,1230041900
1230000500,1230041700
1230000600,1230041800
1230001300,1230001302
1230001300,1230001301
1230001300,1230000501
1230001400,1230000601
1230001400,1230001401
1230001400,1230001402
1230001500,1220341800
1230001500,1220341600
1230001500,1230001501
1230001500,1230040600
1230001600,1230040700
1230001600,1230001601
1230001600,1220341500
1230001600,1220341700
1230001700,1230438701
1230001700,1230438101
1230001800,1230438201
1230001800,1230438801
1230001900,1230001901
1230001900,1230001902
1230002000,1230002001
1230002000,1230002002
1230002100,1230002100
1230002200,1230002202
1230002500,1230002506
1230002500,1230002505
1230002500,1230002504
1230002500,1230002503
1230002500,1230002502
1230002500,1230002501
1230002600,1230002601
1230002600,1230002602
1230002600,1230002603
1230002600,1230002604
1230002600,1230002605
1230002600,1230002606
1230002700,1230002704
1230002700,1230002703
1230002700,1230002702
1230002700,1230002701
1230002800,1230002801
1230002800,1230002802
1230002800,1230002803
1230002800,1230002804
1230002900,1230002901
1230003000,1230003001
1230003100,1230003102
1230003200,1230003202
1230003300,1230003300
1230003400,1230003400
1230003500,1230003501
1230003600,1230003601
1230003700,1230003702
1230003800,1230003802
1230003900,1230003900
1230004000,1230004000
1230004100,1230004102
1230004100,1230004101
1230004200,1230004201
1230004200,1230004202
1230004300,1230004502
1230004300,1230004302
1230004300,1230004301
1230004400,1230004401
1230004400,1230004402
1230004500,1220004401
1230004500,1220342000
1230004500,1230004503
1230004600,1230004600
1230004700,1230086800
1230004800,1230086700
1230004900,1040018000
1230004900,1040017200
1230004900,1230004902
1230004900,1230004901
1230005000,1230005001
1230005000,1230005002
1230005000,1040017300
1230005000,1040018100
1230005100,1230005100
1230005200,1230004800
1230005300,1230005304
1230005300,1230005303
1230005300,1230451601
1230005300,1230451201
1230005300,1230451101
1230005300,1230090200
1230005400,1230005200
1230005400,1230451401
1230005400,1230451701
1230005400,1230451801
1230005400,1230005404
1230005500,1230042400
1230005500,1230005500
1230005600,1230005600
1230005600,1230042200
1230005600,1230042500
1230005700,1230005700
1230005700,1230044000
1230005700,1230043000
1230005700,1230042900
1230005800,1230042800
1230005800,1230043100
1230005800,1230044100
1230005800,1230005800
1230005900,1230051300
1230005900,1230247500
1230005900,1230248500
1230005900,1230249500
1230006000,1230249600
1230006000,1230248700
1230006000,1230247800
1230006300,1230006300
1230006400,1230006400
1230006700,1230006701
1230006700,1230006712
1230006700,1230006722
1230006700,1230006703
1230006800,1230006803
1230006800,1230006812
1230006800,1230006822
1230006800,1230006801
1230006900,1230006902
1230006900,1230006901
1230007000,1230007001
1230007000,1230007002
1230007100,1230007102
1230007100,1230007101
1230007200,1230007201
1230007200,1230007202
1230007300,1230007302
1230007300,1230007301
1230007400,1230007401
1230007400,1230007402
1230007500,1230007502
1230007500,1230007501
1230007600,1230007601
1230007600,1230007602
1230007700,1230007703
1230007700,1230007702
1230007800,1230007801
1230007800,1230007802
1230007900,1230007902
1230007900,1230007901
1230008000,1230008001
1230008000,1230008002
1230008100,1230008100
1230008200,1230008200
1230008300,1230008303
1230008300,1230008302
1230008300,1230008301
1230008400,1230008401
1230008400,1230008402
1230008400,1230008403
1230008500,1230445101
1230008500,1230445301
1230008500,1230008501
1230008600,1230008601
1230008600,1230445401
1230008600,1230445201
1230008700,1230008701
1230008800,1230008800
1230008900,1230008903
1230008900,1230008902
1230008900,1230008901
1230008900,1230052500
1230008900,1230051101
1230009000,1230051202
1230009000,1230052600
1230009000,1230009001
1230009000,1230009002
1230009000,1230009003
1230009100,1230009100
1230009200,1230009200
1230009300,1230009300
1230009400,1230009401
1230009500,1230009502
1230009500,1230009501
1230009600,1230009601
1230009600,1230009602
1230009700,1230009700
1230009800,1230009800
1230009900,1230009903
1230009900,1230009902
1230009900,1230009901
1230010000,1230010001
1230010000,1230010002
1230010000,1230010003
1230010300,1230010302
1230010300,1230010301
1230010400,1230010401
1230010400,1230010402
1230010500,1230010501
1230010500,1230010502
1230010600,1230010603
1230010600,1230010604
1230010700,1230010700
1230010800,1230010800
1230010900,1230010902
1230011000,1230011000
1230011100,1230011102
1230011100,1230011101
1230011200,1230011201
1230011200,1230011202
1230011300,1230059200
1230011300,1230058600
1230011400,1230058700
1230011400,1230059300
1230011500,1230011506
1230011500,1230011505
1230011500,1230011504
1230011500,1230011503
1230011500,1230011501
1230011600,1230011601
1230011600,1230011603
1230011600,1230011604
1230011600,1230011605
1230011600,1230011606
1230011700,1230011700
1230011800,1230011800
1230011900,1230011902
1230011900,1230011901
1230012000,1230012001
1230012000,1230012002
1230012100,1230012102
1230012100,1230012101
1230012200,1230012201
1230012200,1230012202
1230012500,1230012501
1230012500,1230012502
1230012500,1230012503
1230012500,1230012504
1230012600,1230012604
1230012600,1230012603
1230012600,1230012602
1230012600,1230012601
1230012700,1230012705
1230012700,1230012704
1230012700,1230012703
1230012700,1230012702
1230012700,1230012701
1230012800,1230012801
1230012800,1230012802
1230012800,1230012803
1230012800,1230012804
1230012800,1230012805
1230012900,1230012904
1230012900,1230012903
1230012900,1230012902
1230012900,1230012901
1230013000,1230013001
1230013000,1230013002
1230013000,1230013003
1230013000,1230013004
1230013100,1230013101
1230013100,1230013102
1230013100,1230013103
1230013200,1230013203
1230013200,1230013202
1230013200,1230013201
1230013300,1230013303
1230013300,1230013302
1230013300,1230013301
1230013400,1230013401
1230013400,1230013402
1230013400,1230013403
1230013500,1230011402
1230013500,1230013500
1230013600,1230013600
1230013600,1230011302
1230013600,1230011301
1230013700,1230013703
1230013700,1230013702
1230013700,1230013701
1230013800,1230013801
1230013800,1230013802
1230013800,1230013803
1230013900,1230093501
1230013900,1230013901
1230014000,1230014003
1230014000,1230014004
1230014100,1230014103
1230014100,1230014102
1230014200,1230014201
1230014200,1230014202
1230014300,1230014302
1230014300,1230014301
1230014400,1230014401
1230014400,1230014402
1230014500,1230014500
1230014500,1230060300
1230014600,1230060200
1230014600,1230014602
1230014700,1230014704
1230014700,1230014703
1230014700,1230014702
1230014700,1230014701
1230014800,1230014801
1230014800,1230014802
1230014800,1230014803
1230014800,1230014804
1230014900,1230014900
1230015000,1230015000
1230015100,1230015100
1230015200,1230015200
1230015300,1230015301
1230015300,1230015302
1230015400,1230015402
1230015400,1230015401
1230015700,1230015700
1230015800,1230015800
1230015900,1230015902
1230015900,1230015901
1230016000,1230016001
1230016000,1230016002
1230016100,1230016103
1230016200,1230016203
1230016300,1230016302
1230016300,1230016301
1230016400,1230016401
1230016400,1230016402
1230016500,1230016501
1230016500,1230016502
1230016500,1230016503
1230016600,1230016603
1230016600,1230016602
1230016600,1230016601
1230016700,1230016700
1230016800,1230016801
1230016800,1230016802
1230016800,1230016803
1230016900,1230016902
1230016900,1230016901
1230017000,1230017001
1230017000,1230017002
1230017100,1230017105
1230017100,1230066800
1230017100,1230017101
1230017200,1230017201
1230017200,1230066700
1230017200,1230017205
1230017300,1230017300
1230017400,1230017400
1230017500,1230017500
1230017600,1230017602
1230017900,1230017900
1230018000,1230018000
1230018100,1230018100
1230018200,1230018200
1230018300,1230018301
1230018300,1230018302
1230018300,1230018303
1230018300,1230018304
1230018400,1230018404
1230018400,1230018403
1230018400,1230018402
1230018400,1230018401
1230018500,1230018503
1230018500,1230018504
1230018500,1230018501
1230018600,1230018601
1230018600,1230018603
1230018600,1230018604
1230018700,1230018700
1230018700,1230068300
1230018800,1230068400
1230018800,1230018800
1230018900,1230018901
1230018900,1230018903
1230018900,1230018904
1230019000,1230019003
1230019000,1230019004
1230019000,1230019001
1230019100,1230019100
1230019200,1230019202
1230019300,1230019301
1230019400,1230019400
1230019500,1230019500
1230019600,1230019600
1230019700,1230019700
1230019700,1230068800
1230019800,1230068700
1230019800,1230019800
1230019900,1230019901
1230019900,1230019902
1230020000,1230020002
1230020000,1230020001
1230020100,1230020101
1230020100,1230020102
1230020200,1230020203
1230020200,1230020202
1230020300,1230020300
1230020400,1230020400
1230020500,1230020501
1230020500,1230020502
1230020600,1230020602
1230020600,1230020601
1230020700,1230020704
1230020700,1230020703
1230020700,1230020702
1230020800,1230020802
1230020800,1230020803
1230020800,1230020804
1230020900,1230020902
1230020900,1230020901
1230021000,1230021001
1230021000,1230021002
1230021300,1230021304
1230021300,1230021303
1230021300,1230021302
1230021400,1230021402
1230021500,1230021500
1230021600,1230021600
1230021700,1230021703
1230021700,1230021702
1230021800,1230021801
1230021800,1230021802
1230021900,1230021900
1230022000,1230022002
1230022100,1230022100
1230022200,1230022200
1230022500,1230022503
1230022500,1230022502
1230022500,1230022501
1230022600,1230022601
1230022600,1230022602
1230022600,1230022604
1230022600,1230022605
1230023100,1230023101
1230023100,1230023102
1230023200,1230023202
1230023200,1230023201
1230023300,1230023301
1230023400,1230023401
1230023500,1230023500
1230023600,1230023600
1230023700,1230023703
1230023700,1230023702
1230023700,1230023701
1230023800,1230023801
1230023800,1230023802
1230023800,1230023803
1230023900,1230023904
1230023900,1230023903
1230023900,1230023901
1230024000,1230024001
1230024000,1230024002
1230024000,1230024003
1230024100,1230024100
1230024200,1230024200
1230024300,1230024302
1230024300,1230024301
1230024400,1230024401
1230024400,1230024402
1230024500,1230024502
1230024500,1230436601
1230024500,1230436201
1230024600,1230436101
1230024600,1230436501
1230024600,1230024602
1230024700,1230024703
1230024700,1230024702
1230024700,1230024701
1230024800,1230024801
1230024800,1230024802
1230024800,1230024803
1230024900,1230024900
1230025000,1230025002
1230025100,1230025101
1230025100,1230025102
1230025100,1230025103
1230025100,1230025104
1230025200,1230025202
1230025200,1230025201
1230025300,1230025306
1230025300,2270545900
1230025300,1230025303
1230025300,2270545700
1230025300,1230025301
1230025400,1230025401
1230025400,2270397800
1230025400,1230025403
1230025400,2270545800
1230025400,1230025406
1230025700,1230025702
1230025700,1230025701
1230025800,1230025801
1230025800,1230025802
1230025900,1230437801
1230025900,1230437401
1230025900,1230437201
1230026000,1230437101
1230026000,1230437301
1230026000,1230437701
1230026100,1230026103
1230026100,1230026102
1230026200,1230026202
1230026200,1230026203
1230026300,1230026301
1230026400,1230026400
1230026500,1230079500
1230026600,1230079400
1230026700,1230026702
1230026700,1230026701
1230026800,1230026801
1230026800,1230026802
1230026900,1230026902
1230027000,1230027000
1230027100,1230027100
1230027200,1230027200
1230027300,1230027304
1230027300,1230027303
1230027300,1230027302
1230027400,1230027402
1230027400,1230027403
1230027400,1230027404
1230027500,1230027500
1230027600,1230027600
1230027700,1230027702
1230027700,1230027701
1230027800,1230027801
1230027800,1230027802
1230027900,1230027902
1230027900,1230027901
1230028000,1230028001
1230028000,1230028002
1230028100,1230028100
1230028200,1230028200
1230028300,1230028301
1230028500,1230028500
1230028600,1230028600
1230028700,1230028706
1230028700,1230028704
1230028700,1230028703
1230028700,1230028702
1230028800,1230028802
1230028800,1230028803
1230028800,1230028804
1230028800,1230028806
1230028900,1230028900
1230029000,1230029000
1230029100,1230029101
1230029200,1230028401
1230029300,1230029300
1230029400,1230029401
1230029500,1230082500
1230029600,1230082400
1230029700,1230029700
1230029800,1230029800
1230029900,1230029904
1230029900,1230029903
1230029900,1230029902
1230030000,1230030002
1230030000,1230030003
1230030000,1230030006
1230030400,1230030400
1230030500,1230030500
1230030600,1230030600
1230030700,1230030701
1230030800,1230030802
1230030900,1230030900
1230031000,1230031000
1230031100,1230437901
1230031100,1230438001
1230031100,1230031103
1230031100,1230031102
1230031200,1230031202
1230031200,1230031203
1230031200,1240226301
1230031200,1240225901
1230031300,1230031300
1230031400,1230031401
1230031700,1240224000
1230031800,1240223900
1230032100,1230032100
1230032200,1230032200
1230032300,1230032301
1230032300,1230032302
1230032300,1230032303
1230032400,1230032404
1230032400,1230032403
1230032400,1230032405
1230032400,1230032406
1230032500,1230032505
1230032500,1230032506
1230032500,1230032503
1230032500,1230032504
1230033200,1230033202
1230033300,1230033301
1230033800,1230033803
1230033800,1230033802
1230033800,1230033801
1230033900,1230033901
1230033900,1230033902
1230033900,1230033903
1230034000,1240031900
1230034000,1240030900
1230034100,1240030800
1230034100,1240031800
1230034200,1230034200
1230034300,1230034300
1230034600,1230034600
1230034700,1230034700
1230034800,1230034800
1230034900,1230034900
1230035000,1230035000
1230035100,1230035100
1230035200,1230035200
1230035300,1230035301
1230035400,1230035402
1230035500,1230035502
1230036000,1230036002
1230036000,1230036001
1230036100,1230036102
1230036100,1230036103
1230036400,1240036000
1230036400,1240035800
1230036400,1240035400
1230036500,1240035500
1230036500,1240035900
1230036500,1240036100
1230036600,1240224100
1230036600,1240224300
1230036700,1240224400
1230036700,1240224200
1230036800,1230036800
1230036900,1230036900
1230037000,1040025400
1230037000,1230091000
1230037000,1230037000
1230037100,1230037100
1230037100,1230090700
1230037100,1230091300
1230037100,1040025500
1230037100,1040027400
1230040400,1230449701
1230040500,1230449601
1230043800,1230043800
1230043900,1230043900
1230044200,1230044200
1230044300,1230044300
1230045100,1230045100
1230045200,1230045200
1230045700,1230045700
1230045800,1230045800
1230046000,1230046000
1230046100,1230046100
1230047600,1230047600
1230047700,1230047700
1230048400,1230044400
1230048400,1230045500
1230048400,1230047400
1230048400,1230048400
1230048500,1230048500
1230048500,1230047500
1230048500,1230045600
1230048500,1230044500
1230048800,1230048800
1230048900,1230048900
1230049400,1230049400
1230049500,1230049500
1230049800,1230049502
1230049800,1230049800
1230049900,1230049900
1230049900,1230049402
1230221700,1230221700
1230221800,1230221800
1230222600,1230222600
1230222800,1230222800
1230223000,1230223000
1230223100,1230223100
1230223300,1230441103
1230223300,1230223300
1230223300,1230440501
1230223300,1230440301
1230223300,1230441102
1230223600,1230223600
1230223600,1230440401
1230223600,1230441202
1230223600,1230440601
1230223900,1230223900
1230224000,1230224000
1230224500,1230224500
1230224600,1230224600
1230229500,1230229500
1230229600,1230229600
1230229900,1230229900
1230230000,1230230000
1230232900,1230232900
1230233000,1230233000
1230251500,1230042701
1230251500,1230250600
1230251500,1230436001
1230251500,1230435401
1230251600,1230435301
1230251600,1230435701
1230251600,1230250500
1230251600,1230042601
1230441302,1230441302
1230441302,1230441303
1230441402,1230441403
1230441402,1230441402
1230441501,1230441501
1230441501,1230442301
1230441501,1230441104
1230441601,1230441203
1230441601,1230442401
1230441601,1230441601
1230441901,1230441901
1230442001,1230442001
1230453700,1230452400
1230453700,1230453100
1230453700,1230453500
1230453700,1230453700
1230453800,1230453800
1230453800,1230453300
1230453800,1230452500
1240000100,1240000103
1240000100,1240000102
1240000200,1240000202
1240000200,1240000203
1240000300,1240000303
1240000300,1240000302
1240000400,1240000402
1240000400,1240000403
1240000500,1240000503
1240000500,1240000504
1240000500,1240000506
1240000500,1240000507
1240000500,1240000501
1240000600,1240000601
1240000600,1240000606
1240000600,1240000607
1240000600,1240000605
1240000600,1240000603
1240000700,1240000704
1240000700,1240000705
1240000700,1240000702
1240000800,1240000801
1240000800,1240000803
1240000800,1240000804
1240000900,1240000903
1240000900,1240000902
1240000900,1240000901
1240001000,1240001001
1240001000,1240001002
1240001000,1240001003
1240001100,1240040700
1240001200,1240040600
1240001300,1230093200
1240001300,1240001303
1240001300,1240001302
1240001300,1240001301
1240001400,1240001405
1240001400,1240001406
1240001400,1240001402
1240001400,1240001404
1240001400,1230093300
1240001500,1040031100
1240001500,1040030600
1240001500,1230434400
1240001600,1230434300
1240001600,1040030700
1240001600,1040031200
1240001700,1240001702
1240001700,1240001701
1240001800,1240001801
1240001800,1240001802
1240001900,1240045200
1240001900,1240042302
1240001900,1240042301
1240002000,1240042200
1240002000,1240045100
1240002100,1240002100
1240002200,1240002202
1240002500,1240002500
1240002600,1240002600
1240003100,1240049000
1240003200,1240003200
1240003400,1240050600
1240003700,1240055001
1240003700,1240055002
1240003700,1240055003
1240003800,1240055101
1240003800,1240055102
1240003800,1240055103
1240003800,1240055104
1240004900,1240057300
1240004900,1240057500
1240005000,1240057100
1240005000,1240057200
1240005000,1240057400
1240005300,1240005301
1240005300,1240005302
1240005400,1240005400
1240005500,1240005502
1240005600,1240005600
1240005700,1240005702
1240005800,1240005802
1240005900,1240005905
1240005900,1240005904
1240005900,1240005903
1240005900,1240226601
1240005900,1240226001
1240006000,1240226101
1240006000,1240226701
1240006000,1240006003
1240006000,1240006004
1240006000,1240006005
1240006100,1240006100
1240006200,1240006200
1240006300,1240006300
1240006400,1240006400
1240006500,1240006500
1240006600,1240006600
1240006700,1240006703
1240006700,1240006704
1240006700,1240006705
1240006700,1240006706
1240006700,1240006707
1240006800,1240006806
1240006800,1240006807
1240006800,1240006804
1240006800,1240006805
1240006800,1240006803
1240006900,1240006902
1240006900,1240006901
1240007000,1240007001
1240007000,1240007002
1240007100,1240007102
1240007100,1240007101
1240007200,1240007201
1240007200,1240007202
1240007500,1240007500
1240007600,1240007600
1240007700,1240007702
1240007700,1240007701
1240007800,1240007801
1240007800,1240007802
1240007900,1240007906
1240007900,1240007907
1240007900,1240007908
1240007900,1240007904
1240007900,1240007903
1240007900,1240007902
1240007900,1240007901
1240008000,1240008001
1240008000,1240008002
1240008000,1240008003
1240008000,1240008004
1240008000,1240008007
1240008000,1240008008
1240008000,1240008006
1240008100,1240008101
1240008200,1240008201
1240008300,1240008303
1240008300,1240008304
1240008300,1240008301
1240008400,1240008401
1240008400,1240008403
1240008400,1240008404
1240008500,1240008501
1240008600,1240008600
1240008700,1240008700
1240008800,1240008800
1240008900,1240008900
1240009000,1240009000
1240009100,1240009100
1240009200,1240009200
1240009300,1240009300
1240009400,1240009400
1240009500,1240009503
1240009500,1240009504
1240009500,1240009501
1240009500,1240038000
1240009600,1240038100
1240009600,1240009601
1240009600,1240009603
1240009600,1240009604
1240009700,1240009702
1240009700,1240009701
1240009800,1240009801
1240009800,1240009802
1240009900,1240009900
1240010000,1240010000
1240010100,1240010104
1240010100,1240010103
1240010100,1240010102
1240010200,1240010202
1240010200,1240010203
1240010200,1240010204
1240010300,1240010302
1240010300,1240010301
1240010400,1240010402
1240010400,1240010403
1240010500,1240010501
1240010500,1240010503
1240010500,1240010504
1240010600,1240010603
1240010600,1240010604
1240010600,1240010602
1240010700,1240040200
1240010900,1240010902
1240011000,1240011002
1240011100,1240011102
1240011100,1240011101
1240011200,1240011201
1240011200,1240011202
1240011300,1240011301
1240011300,1240011302
1240011400,1240011402
1240011400,1240011401
1240011500,1240011501
1240011500,1240011502
1240011600,1240011601
1240011600,1240011602
1240011700,1240011700
1240011800,1240011800
1240011900,1240011903
1240011900,1240011904
1240011900,1240011905
1240011900,1240011901
1240012000,1240012001
1240012000,1240012004
1240012000,1240012005
1240012000,1240012003
1240012100,1240012100
1240012200,1240012200
1240012300,1240012300
1240012400,1240012400
1240012500,1240012501
1240012500,1240012502
1240012600,1240012601
1240012600,1240012602
1240012700,1240012702
1240012700,1240012701
1240012800,1240012801
1240012800,1240012802
1240012900,1240012902
1240012900,1240012901
1240013000,1240013001
1240013000,1240013002
1240013100,1240013101
1240013100,1240013102
1240013200,1240013202
1240013200,1240013201
1240013300,1240013300
1240013300,2270040700
1240013400,2270040800
1240013400,1240013400
1240013500,1240013501
1240013600,1240013600
1240013700,1240013701
1240013700,1240013702
1240013800,1240013802
1240013800,1240013801
1240013900,1240013900
1240014000,1240014000
1240014100,1240014100
1240014200,1240014200
1240014300,1240014300
1240014400,1240014400
1240014500,1240014500
1240014600,1240014600
1240014700,1240014701
1240014700,1240014702
1240014800,1240014801
1240014800,1240014802
1240014900,1240014901
1240015000,1240015002
1240015100,1240015100
1240015200,1240015200
1240015300,1240015300
1240015400,1240015400
1240015500,1240015502
1240015500,1240015501
1240015600,1240015601
1240015600,1240015602
1240015700,1240015700
1240015800,1240015800
1240015900,1240015900
1240016000,1240016002
1240016100,1240016100
1240016200,1240016200
1240016300,1240016300
1240016400,1240016400
1240016500,1240016500
1240016600,1240016600
1240016700,1240016703
1240016700,1240016704
1240016800,1240016803
1240016800,1240016804
1240016900,1240016900
1240017000,1240017000
1240017100,1240017101
1240017200,1240017201
1240017300,1240017300
1240017400,1240017400
1240017500,1240017500
1240017600,1240017600
1240017700,1240017702
1240017700,1240017701
1240017800,1240017801
1240017800,1240017802
1240017900,1240017900
1240018000,1240018000
1240018100,1240018102
1240018100,1240018101
1240018200,1240018201
1240018200,1240018202
1240018300,1240018303
1240018300,1240018302
1240018300,1240018301
1240018400,1240018401
1240018400,1240018402
1240018400,1240018403
1240018500,1240018500
1240018600,1240018600
1240018700,1240018701
1240018700,1240018702
1240018800,1240018802
1240018800,1240018801
1240018900,1240018902
1240018900,1240018901
1240019000,1240019001
1240019000,1240019002
1240019100,1240019100
1240019200,1240019200
1240019300,1240019300
1240019400,1240019400
1240019500,1240019503
1240019500,1240019502
1240019500,1240019501
1240019600,1240019601
1240019600,1240019602
1240019600,1240019603
1240019700,1240019704
1240019700,1240019703
1240019700,1240019702
1240019700,1240019701
1240019800,1240019801
1240019800,1240019802
1240019800,1240019803
1240019800,1240019804
1240019900,1240019900
1240020000,1240020000
1240020100,1240020100
1240020200,1240020200
1240020300,1240020302
1240020300,1240020301
1240020400,1240020401
1240020400,1240020402
1240020700,1240020702
1240020700,1240020701
1240020800,1240020801
1240020800,1240020802
1240020900,1240020901
1240020900,1240020902
1240021000,1240021002
1240021000,1240021001
1240021100,1240021101
1240021100,1240021102
1240021200,1240021202
1240021200,1240021201
1240021300,1240021300
1240021400,1240021400
1240021500,1240021500
1240021600,1240021600
1240021700,1240021703
1240021700,1240021702
1240021700,1240021701
1240021700,1240048400
1240021800,1240048300
1240021800,1240021801
1240021800,1240021802
1240021800,1240021803
1240021900,1240021901
1240022000,1240022001
1240022100,1240022100
1240022200,1240022200
1240022300,1240022300
1240022400,1240022400
1240022500,1240022500
1240022600,1240022600
1240022700,1240022700
1240022800,1240022800
1240022900,1240022900
1240023000,1240023000
1240023100,1240023100
1240023200,1240023200
1240023300,1240023300
1240023400,1240023400
1240023500,1240023500
1240023600,1240023600
1240023700,1240023700
1240023800,1240023800
1240023900,1240023903
1240023900,1240023904
1240023900,1240023905
1240023900,1240023901
1240024000,1240024001
1240024000,1240024004
1240024000,1240024005
1240024000,1240024003
1240024100,1240024102
1240024100,1240024101
1240024200,1240024201
1240024200,1240024202
1240024300,1240024302
1240024300,1240024301
1240024400,1240024401
1240024400,1240024402
1240024500,1240024500
1240024600,1240024600
1240024700,1240024702
1240024700,1240024701
1240024800,1240024801
1240024800,1240024802
1240024900,1240024900
1240025000,1240025000
1240025100,1240025102
1240025100,1240025101
1240025200,1240025201
1240025200,1240025202
1240025300,1240025300
1240025400,1240025400
1240025500,1240025500
1240025600,1240025600
1240025700,1240025700
1240025800,1240025800
1240025900,1240025900
1240026000,1240026000
1240026100,1240026100
1240026200,1240026200
1240026300,1240026302
1240026300,1240026301
1240026400,1240026401
1240026400,1240026402
1240026500,1240026511
1240026500,1240026512
1240026500,1240026502
1240026500,1240026501
1240026600,1240026601
1240026600,1240026602
1240026600,1240026611
1240026600,1240026612
1240026700,1240026700
1240026800,1240026800
1240026900,1240026901
1240026900,1240026902
1240026900,1240026903
1240027000,1240027003
1240027000,1240027002
1240027000,1240027001
1240027100,1240027101
1240027100,1240027102
1240027200,1240027201
1240027200,1240027202
1240027300,1240027300
1240027400,1240027400
1240027700,1240027700
1240027800,1240027800
1240027900,1240027901
1240027900,1240027902
1240028000,1240028002
1240028000,1240028001
1240028100,1240028100
1240028200,1240028200
1240028300,1240028301
1240028300,1240028302
1240028300,1240028303
1240028400,1240028403
1240028400,1240028402
1240028400,1240028401
1240028500,1240028508
1240028500,1240028505
1240028500,1240028509
1240028500,1240028510
1240028500,1240028501
1240028600,1240028601
1240028600,1240028609
1240028600,1240028610
1240028600,1240028605
1240028600,1240028608
1240028700,1240225800
1240028700,1240059300
1240028700,1240059500
1240028800,1240059600
1240028800,1240059400
1240028800,1240225700
2040002902,1210177900
2040002902,1210177800
2040002902,1210177700
2060011401,1210177600
2060011401,2040412100
2060011401,2040388600
2060011401,2040389100
2060011501,1210177500
2060011501,2040412000
2060011501,2040388700
2060011501,2040389500
2080006500,1170011101
2080006500,1170011112
2080006500,1170011106
2080006500,1170011104
2080006600,1170011203
2080006600,1170011205
2080006600,1170011212
2080006600,1170011202
2130003700,2130003700
2130003800,2130003800
2130003901,1170043900
2130003902,1170044100
2130004001,1170043800
2130004002,1170044000
2130018000,2130018000
2130018100,2130018100
2130018200,2130018200
2130018300,2130018300
2130020800,2130020800
2130020900,2130020900
2130021800,2130404201
2130021800,2130404001
2130021900,2130404101
2130021900,2130404301
2130023000,2130023000
2130023100,2130023100
2130025600,2130025600
2130025700,2130025700
2130027600,2130027600
2130027700,2130027700
2130029600,2130029600
2130029700,2130029700
2130031200,2130031200
2130031300,2130031300
2130032600,2130032600
2130032700,2130032700
2130035400,2130035400
2130035500,2130035500
2130037200,2130037200
2130037300,2130037300
2130037400,2130037400
2130037500,2130037500
2130040600,2130040600
2130040700,2130040700
2130041800,2130041800
2130041900,2130041900
2130042200,2130042200
2130042300,2130042300
2130043200,2130043200
2130043300,2130043300
2270008500,2270008500
2270008600,2270008600
2270009000,2270009000
2270009100,2270009100
2270009200,1240043200
2270009300,1240043100
3201500800,1090010500
3201500900,1090010600
3201501000,1090011300
3201501100,1090011400
3201501200,1060013601
3201501200,1060013602
3201501300,1060013501
3201501300,1060013502
3201501600,1060012400
3201501700,1060012300
3201501800,1230033700
3201501900,1230033600
3201502000,1230006503
3201502000,1230006502
3201502000,1230006501
3201502100,1230006601
3201502100,1230006602
3201502100,1230006603
3201502200,1230037503
3201502200,1230037502
3201502200,1230037501
3201502300,1230037401
3201502300,1230037402
3201502300,1230037403
3201502400,1230036301
3201502400,1230036302
3201502400,1230036303
3201502500,1230036203
3201502500,1230036202
3201502500,1230036201
3201502600,1230037600
3201502700,1230037700
3201502800,1230037200
3201502800,1230035600
3201502900,1230089802
3201502900,1230035700
3201502900,1230037300
3201503000,1230088800
3201503000,1230033400
3201503100,1230033500
3201503100,1230088700
3201503100,1230089801
3201503200,1230006504
3201503300,1230006604
3201503400,1230438901
3201503400,1230438401
3201503500,1230438301
3201503500,1230439001
3201503800,1210012600
3201503900,1210012700
3201504000,1210010403
3201504100,1210010502
3201504200,1030003603
3201504200,1030003604
3201504300,1030003503
3201504300,1030003504
3201504400,1210010402
3201504400,1210010401
3201504500,1210010501
3201504600,1160030700
3201504600,1160027800
3201504600,1160025400
3201504600,1160023500
3201504600,1160022700
3201504700,1160022800
3201504700,1160023600
3201504700,1160025500
3201504700,1160027900
3201504700,1160030800
3201504800,1170020200
3201504800,1170022000
3201504900,1170021900
3201504900,1170020100
3201505000,1180026403
3201505000,1180026402
3201505000,1180026401
3201505100,1180026501
3201505100,1180026502
3201505100,1180026503
3201505200,1180022602
3201505200,1180022601
3201505300,1180022701
3201505300,1180022702
3201505400,1130041200
3201505500,1130041101
3201505600,1110004303
3201505600,1110004302
3201505700,1110004402
3201505700,1110004403
3201505800,1110004301
3201505900,1110004401
3201506000,1130077400
3201506100,1130077300
3201506200,1180030403
3201506200,1180030402
3201506300,1180030501
3201506300,1180030502
3201506400,1150022202
3201506400,1150022201
3201506500,1150022301
3201506500,1150022302
3201506800,1160040200
3201506800,1160036602
3201506800,1160036601
3201506900,1160036501
3201506900,1160036502
3201507000,1110006902
3201507000,1110006901
3201507100,1110007001
3201507100,1110007002
3201507200,1130077103
3201507200,1130077104
3201507200,1130077102
3201507300,1130077001
3201507300,1130077003
3201507300,1130077004
3201507400,1120054900
3201507400,1120054301
3201507400,1120054302
3201507500,1120054401
3201507500,1120054402
3201507500,1120055000
3201507600,1110012401
3201507600,1110012402
3201507700,1110012302
3201507700,1110012301
3201507800,1180130600
3201507800,1180130800
3201507900,1180130900
3201507900,1180130700
3201508200,1160071800
3201508200,1160063500
3201508200,1160058200
3201508300,1160058100
3201508300,1160063600
3201508300,1160071900
3201508400,1200014400
3201508400,1200016400
3201508400,1200017000
3201508400,1200017500
3201508400,1200018000
3201508500,1200018100
3201508500,1200017400
3201508500,1200017100
3201508500,1200016500
3201508500,1200014300
3201508800,1170018100
3201508800,1170019201
3201508800,1170019202
3201508900,1170019101
3201508900,1170019102
3201508900,1170018000
3201509000,1170032200
3201509100,1170032300
3201509600,1170009302
3201509600,1170009301
3201509700,1170009401
3201509700,1170009402
3201509800,1170008502
3201509800,1170008100
3201509800,1170007901
3201509900,1170008001
3201509900,1170008200
3201509900,1170008602
3201510000,1170028500
3201510000,1170028300
3201510100,1170028200
3201510100,1170028400
3201510200,1130040100
3201510200,1130039300
3201510300,1130039200
3201510300,1130040000
3201510600,1130039700
3201510600,1130040400
3201510700,1130040300
3201510700,1130039600
