id,spot_id,measured_at,direction_code,lane_no,traffic_volume,collected_at
1,A-01,2026-09-03 01:00:00,1,1,103,2026-09-04 02:16:48
2,A-01,2026-09-03 01:00:00,1,2,240,2026-09-04 02:16:48
3,A-01,2026-09-03 01:00:00,2,1,268,2026-09-04 02:16:48
4,A-01,2026-09-03 01:00:00,2,2,229,2026-09-04 02:16:48
5,A-01,2026-09-03 02:00:00,1,1,78,2026-09-04 02:16:48
6,A-01,2026-09-03 02:00:00,1,2,198,2026-09-04 02:16:48
7,A-01,2026-09-03 02:00:00,2,1,181,2026-09-04 02:16:48
8,A-01,2026-09-03 02:00:00,2,2,165,2026-09-04 02:16:48
9,A-01,2026-09-03 03:00:00,1,1,63,2026-09-04 02:16:49
10,A-01,2026-09-03 03:00:00,1,2,172,2026-09-04 02:16:49
11,A-01,2026-09-03 03:00:00,2,1,139,2026-09-04 02:16:49
12,A-01,2026-09-03 03:00:00,2,2,118,2026-09-04 02:16:49
13,A-02,2026-09-03 01:00:00,1,1,81,2026-09-04 02:16:49
14,A-02,2026-09-03 01:00:00,1,2,156,2026-09-04 02:16:49
15,A-02,2026-09-03 01:00:00,1,3,222,2026-09-04 02:16:49
16,A-02,2026-09-03 01:00:00,2,1,160,2026-09-04 02:16:49
17,A-02,2026-09-03 01:00:00,2,2,124,2026-09-04 02:16:49
18,A-02,2026-09-03 01:00:00,2,3,145,2026-09-04 02:16:49
19,A-02,2026-09-03 02:00:00,1,1,57,2026-09-04 02:16:49
20,A-02,2026-09-03 02:00:00,1,2,127,2026-09-04 02:16:49
21,A-02,2026-09-03 02:00:00,1,3,166,2026-09-04 02:16:49
22,A-02,2026-09-03 02:00:00,2,1,110,2026-09-04 02:16:49
23,A-02,2026-09-03 02:00:00,2,2,97,2026-09-04 02:16:49
24,A-02,2026-09-03 02:00:00,2,3,131,2026-09-04 02:16:49
25,A-02,2026-09-03 03:00:00,1,1,48,2026-09-04 02:16:49
26,A-02,2026-09-03 03:00:00,1,2,115,2026-09-04 02:16:49
27,A-02,2026-09-03 03:00:00,1,3,109,2026-09-04 02:16:49
28,A-02,2026-09-03 03:00:00,2,1,75,2026-09-04 02:16:49
29,A-02,2026-09-03 03:00:00,2,2,90,2026-09-04 02:16:49
30,A-02,2026-09-03 03:00:00,2,3,103,2026-09-04 02:16:49
31,A-03,2026-09-03 01:00:00,1,1,49,2026-09-04 02:16:49
32,A-03,2026-09-03 01:00:00,1,2,69,2026-09-04 02:16:49
33,A-03,2026-09-03 01:00:00,2,1,68,2026-09-04 02:16:49
34,A-03,2026-09-03 01:00:00,2,2,41,2026-09-04 02:16:49
35,A-03,2026-09-03 02:00:00,1,1,23,2026-09-04 02:16:49
36,A-03,2026-09-03 02:00:00,1,2,59,2026-09-04 02:16:49
37,A-03,2026-09-03 02:00:00,2,1,44,2026-09-04 02:16:49
38,A-03,2026-09-03 02:00:00,2,2,35,2026-09-04 02:16:49
39,A-03,2026-09-03 03:00:00,1,1,35,2026-09-04 02:16:49
40,A-03,2026-09-03 03:00:00,1,2,34,2026-09-04 02:16:49
41,A-03,2026-09-03 03:00:00,2,1,38,2026-09-04 02:16:49
42,A-03,2026-09-03 03:00:00,2,2,20,2026-09-04 02:16:49
43,A-04,2026-09-03 01:00:00,1,1,8,2026-09-04 02:16:50
44,A-04,2026-09-03 01:00:00,2,1,15,2026-09-04 02:16:50
45,A-04,2026-09-03 02:00:00,1,1,6,2026-09-04 02:16:51
46,A-04,2026-09-03 02:00:00,2,1,20,2026-09-04 02:16:51
47,A-04,2026-09-03 03:00:00,1,1,10,2026-09-04 02:16:51
48,A-04,2026-09-03 03:00:00,2,1,5,2026-09-04 02:16:51
49,A-05,2026-09-03 01:00:00,1,1,68,2026-09-04 02:16:51
50,A-05,2026-09-03 01:00:00,1,2,205,2026-09-04 02:16:51
51,A-05,2026-09-03 01:00:00,1,3,102,2026-09-04 02:16:51
52,A-05,2026-09-03 01:00:00,2,1,146,2026-09-04 02:16:51
53,A-05,2026-09-03 01:00:00,2,2,173,2026-09-04 02:16:51
54,A-05,2026-09-03 01:00:00,2,3,112,2026-09-04 02:16:51
55,A-05,2026-09-03 02:00:00,1,1,25,2026-09-04 02:16:51
56,A-05,2026-09-03 02:00:00,1,2,192,2026-09-04 02:16:51
57,A-05,2026-09-03 02:00:00,1,3,92,2026-09-04 02:16:51
58,A-05,2026-09-03 02:00:00,2,1,95,2026-09-04 02:16:51
59,A-05,2026-09-03 02:00:00,2,2,167,2026-09-04 02:16:51
60,A-05,2026-09-03 02:00:00,2,3,109,2026-09-04 02:16:51
61,A-05,2026-09-03 03:00:00,1,1,28,2026-09-04 02:16:51
62,A-05,2026-09-03 03:00:00,1,2,93,2026-09-04 02:16:51
63,A-05,2026-09-03 03:00:00,1,3,34,2026-09-04 02:16:51
64,A-05,2026-09-03 03:00:00,2,1,78,2026-09-04 02:16:51
65,A-05,2026-09-03 03:00:00,2,2,135,2026-09-04 02:16:51
66,A-05,2026-09-03 03:00:00,2,3,85,2026-09-04 02:16:51
67,A-06,2026-09-03 01:00:00,1,1,1,2026-09-04 02:16:51
68,A-06,2026-09-03 01:00:00,1,2,103,2026-09-04 02:16:51
69,A-06,2026-09-03 01:00:00,1,3,228,2026-09-04 02:16:51
70,A-06,2026-09-03 01:00:00,1,4,43,2026-09-04 02:16:51
71,A-06,2026-09-03 01:00:00,2,1,232,2026-09-04 02:16:51
72,A-06,2026-09-03 01:00:00,2,2,162,2026-09-04 02:16:51
73,A-06,2026-09-03 02:00:00,1,1,2,2026-09-04 02:16:51
74,A-06,2026-09-03 02:00:00,1,2,52,2026-09-04 02:16:51
75,A-06,2026-09-03 02:00:00,1,3,167,2026-09-04 02:16:52
76,A-06,2026-09-03 02:00:00,1,4,48,2026-09-04 02:16:52
77,A-06,2026-09-03 02:00:00,2,1,214,2026-09-04 02:16:52
78,A-06,2026-09-03 02:00:00,2,2,109,2026-09-04 02:16:52
79,A-06,2026-09-03 03:00:00,1,1,2,2026-09-04 02:16:52
80,A-06,2026-09-03 03:00:00,1,2,60,2026-09-04 02:16:52
81,A-06,2026-09-03 03:00:00,1,3,154,2026-09-04 02:16:52
82,A-06,2026-09-03 03:00:00,1,4,39,2026-09-04 02:16:52
83,A-06,2026-09-03 03:00:00,2,1,144,2026-09-04 02:16:52
84,A-06,2026-09-03 03:00:00,2,2,76,2026-09-04 02:16:52
85,A-07,2026-09-03 01:00:00,1,1,152,2026-09-04 02:16:52
86,A-07,2026-09-03 01:00:00,1,2,90,2026-09-04 02:16:52
87,A-07,2026-09-03 01:00:00,2,1,27,2026-09-04 02:16:52
88,A-07,2026-09-03 01:00:00,2,2,154,2026-09-04 02:16:52
89,A-07,2026-09-03 01:00:00,2,3,195,2026-09-04 02:16:52
90,A-07,2026-09-03 01:00:00,2,4,46,2026-09-04 02:16:52
91,A-07,2026-09-03 02:00:00,1,1,105,2026-09-04 02:16:52
92,A-07,2026-09-03 02:00:00,1,2,79,2026-09-04 02:16:52
93,A-07,2026-09-03 02:00:00,2,1,18,2026-09-04 02:16:52
94,A-07,2026-09-03 02:00:00,2,2,108,2026-09-04 02:16:52
95,A-07,2026-09-03 02:00:00,2,3,153,2026-09-04 02:16:52
96,A-07,2026-09-03 02:00:00,2,4,39,2026-09-04 02:16:52
97,A-07,2026-09-03 03:00:00,1,1,102,2026-09-04 02:16:52
98,A-07,2026-09-03 03:00:00,1,2,58,2026-09-04 02:16:52
99,A-07,2026-09-03 03:00:00,2,1,21,2026-09-04 02:16:52
100,A-07,2026-09-03 03:00:00,2,2,90,2026-09-04 02:16:52
101,A-07,2026-09-03 03:00:00,2,3,128,2026-09-04 02:16:52
102,A-07,2026-09-03 03:00:00,2,4,29,2026-09-04 02:16:52
103,A-08,2026-09-03 01:00:00,1,1,17,2026-09-04 02:16:52
104,A-08,2026-09-03 01:00:00,1,2,112,2026-09-04 02:16:52
105,A-08,2026-09-03 01:00:00,1,3,264,2026-09-04 02:16:52
106,A-08,2026-09-03 01:00:00,1,4,173,2026-09-04 02:16:52
107,A-08,2026-09-03 01:00:00,2,1,25,2026-09-04 02:16:52
108,A-08,2026-09-03 01:00:00,2,2,430,2026-09-04 02:16:52
109,A-08,2026-09-03 01:00:00,2,3,315,2026-09-04 02:16:52
110,A-08,2026-09-03 01:00:00,2,4,1,2026-09-04 02:16:52
111,A-08,2026-09-03 02:00:00,1,1,13,2026-09-04 02:16:52
112,A-08,2026-09-03 02:00:00,1,2,86,2026-09-04 02:16:52
113,A-08,2026-09-03 02:00:00,1,3,177,2026-09-04 02:16:52
114,A-08,2026-09-03 02:00:00,1,4,101,2026-09-04 02:16:52
115,A-08,2026-09-03 02:00:00,2,1,14,2026-09-04 02:16:52
116,A-08,2026-09-03 02:00:00,2,2,398,2026-09-04 02:16:52
117,A-08,2026-09-03 02:00:00,2,3,299,2026-09-04 02:16:52
118,A-08,2026-09-03 02:00:00,2,4,1,2026-09-04 02:16:52
119,A-08,2026-09-03 03:00:00,1,1,14,2026-09-04 02:16:53
120,A-08,2026-09-03 03:00:00,1,2,62,2026-09-04 02:16:53
121,A-08,2026-09-03 03:00:00,1,3,176,2026-09-04 02:16:53
122,A-08,2026-09-03 03:00:00,1,4,98,2026-09-04 02:16:53
123,A-08,2026-09-03 03:00:00,2,1,13,2026-09-04 02:16:53
124,A-08,2026-09-03 03:00:00,2,2,304,2026-09-04 02:16:53
125,A-08,2026-09-03 03:00:00,2,3,220,2026-09-04 02:16:53
126,A-08,2026-09-03 03:00:00,2,4,3,2026-09-04 02:16:53
127,A-09,2026-09-03 01:00:00,1,1,136,2026-09-04 02:16:53
128,A-09,2026-09-03 01:00:00,1,2,301,2026-09-04 02:16:53
129,A-09,2026-09-03 01:00:00,1,3,69,2026-09-04 02:16:53
130,A-09,2026-09-03 01:00:00,2,1,344,2026-09-04 02:16:53
131,A-09,2026-09-03 01:00:00,2,2,163,2026-09-04 02:16:53
132,A-09,2026-09-03 02:00:00,1,1,103,2026-09-04 02:16:53
133,A-09,2026-09-03 02:00:00,1,2,274,2026-09-04 02:16:53
134,A-09,2026-09-03 02:00:00,1,3,57,2026-09-04 02:16:53
135,A-09,2026-09-03 02:00:00,2,1,301,2026-09-04 02:16:53
136,A-09,2026-09-03 02:00:00,2,2,159,2026-09-04 02:16:53
137,A-09,2026-09-03 03:00:00,1,1,86,2026-09-04 02:16:53
138,A-09,2026-09-03 03:00:00,1,2,220,2026-09-04 02:16:53
139,A-09,2026-09-03 03:00:00,1,3,60,2026-09-04 02:16:53
140,A-09,2026-09-03 03:00:00,2,1,251,2026-09-04 02:16:53
141,A-09,2026-09-03 03:00:00,2,2,122,2026-09-04 02:16:53
142,A-10,2026-09-03 01:00:00,1,1,27,2026-09-04 02:16:53
143,A-10,2026-09-03 01:00:00,1,2,102,2026-09-04 02:16:53
144,A-10,2026-09-03 01:00:00,1,3,96,2026-09-04 02:16:53
145,A-10,2026-09-03 01:00:00,1,4,97,2026-09-04 02:16:53
146,A-10,2026-09-03 01:00:00,2,1,77,2026-09-04 02:16:53
147,A-10,2026-09-03 01:00:00,2,2,127,2026-09-04 02:16:53
148,A-10,2026-09-03 01:00:00,2,3,113,2026-09-04 02:16:53
149,A-10,2026-09-03 01:00:00,2,4,47,2026-09-04 02:16:53
150,A-10,2026-09-03 02:00:00,1,1,26,2026-09-04 02:16:53
151,A-10,2026-09-03 02:00:00,1,2,94,2026-09-04 02:16:53
152,A-10,2026-09-03 02:00:00,1,3,72,2026-09-04 02:16:53
153,A-10,2026-09-03 02:00:00,1,4,86,2026-09-04 02:16:53
154,A-10,2026-09-03 02:00:00,2,1,66,2026-09-04 02:16:53
155,A-10,2026-09-03 02:00:00,2,2,105,2026-09-04 02:16:53
156,A-10,2026-09-03 02:00:00,2,3,72,2026-09-04 02:16:53
157,A-10,2026-09-03 02:00:00,2,4,48,2026-09-04 02:16:53
158,A-10,2026-09-03 03:00:00,1,1,14,2026-09-04 02:16:54
159,A-10,2026-09-03 03:00:00,1,2,76,2026-09-04 02:16:54
160,A-10,2026-09-03 03:00:00,1,3,81,2026-09-04 02:16:54
161,A-10,2026-09-03 03:00:00,1,4,82,2026-09-04 02:16:54
162,A-10,2026-09-03 03:00:00,2,1,55,2026-09-04 02:16:54
163,A-10,2026-09-03 03:00:00,2,2,92,2026-09-04 02:16:54
164,A-10,2026-09-03 03:00:00,2,3,54,2026-09-04 02:16:54
165,A-10,2026-09-03 03:00:00,2,4,30,2026-09-04 02:16:54
3754,C-02,2026-08-05 01:00:00,1,1,196,2026-09-04 02:31:17
3755,C-02,2026-08-05 01:00:00,1,2,185,2026-09-04 02:31:17
3756,C-02,2026-08-05 01:00:00,1,3,24,2026-09-04 02:31:17
3757,C-02,2026-08-05 01:00:00,2,1,129,2026-09-04 02:31:17
3758,C-02,2026-08-05 01:00:00,2,2,128,2026-09-04 02:31:17
3759,C-02,2026-08-05 01:00:00,2,3,46,2026-09-04 02:31:17
3760,C-02,2026-08-05 02:00:00,1,1,138,2026-09-04 02:31:17
3761,C-02,2026-08-05 02:00:00,1,2,148,2026-09-04 02:31:17
3762,C-02,2026-08-05 02:00:00,1,3,28,2026-09-04 02:31:17
3763,C-02,2026-08-05 02:00:00,2,1,111,2026-09-04 02:31:17
3764,C-02,2026-08-05 02:00:00,2,2,97,2026-09-04 02:31:17
3765,C-02,2026-08-05 02:00:00,2,3,30,2026-09-04 02:31:17
3766,C-02,2026-08-05 03:00:00,1,1,120,2026-09-04 02:31:17
3767,C-02,2026-08-05 03:00:00,1,2,144,2026-09-04 02:31:17
3768,C-02,2026-08-05 03:00:00,1,3,20,2026-09-04 02:31:17
3769,C-02,2026-08-05 03:00:00,2,1,116,2026-09-04 02:31:17
3770,C-02,2026-08-05 03:00:00,2,2,74,2026-09-04 02:31:17
3771,C-02,2026-08-05 03:00:00,2,3,36,2026-09-04 02:31:17
3772,C-02,2026-08-05 04:00:00,1,1,180,2026-09-04 02:31:17
3773,C-02,2026-08-05 04:00:00,1,2,198,2026-09-04 02:31:17
3774,C-02,2026-08-05 04:00:00,1,3,42,2026-09-04 02:31:17
3775,C-02,2026-08-05 04:00:00,2,1,231,2026-09-04 02:31:17
3776,C-02,2026-08-05 04:00:00,2,2,141,2026-09-04 02:31:17
3777,C-02,2026-08-05 04:00:00,2,3,43,2026-09-04 02:31:17
3778,C-02,2026-08-05 05:00:00,1,1,314,2026-09-04 02:31:18
3779,C-02,2026-08-05 05:00:00,1,2,299,2026-09-04 02:31:18
3780,C-02,2026-08-05 05:00:00,1,3,113,2026-09-04 02:31:18
3781,C-02,2026-08-05 05:00:00,2,1,591,2026-09-04 02:31:18
3782,C-02,2026-08-05 05:00:00,2,2,237,2026-09-04 02:31:18
3783,C-02,2026-08-05 05:00:00,2,3,122,2026-09-04 02:31:18
3784,C-02,2026-08-05 06:00:00,1,1,600,2026-09-04 02:31:18
3785,C-02,2026-08-05 06:00:00,1,2,490,2026-09-04 02:31:18
3786,C-02,2026-08-05 06:00:00,1,3,405,2026-09-04 02:31:18
3787,C-02,2026-08-05 06:00:00,2,1,1117,2026-09-04 02:31:18
3788,C-02,2026-08-05 06:00:00,2,2,546,2026-09-04 02:31:18
3789,C-02,2026-08-05 06:00:00,2,3,458,2026-09-04 02:31:18
3790,C-02,2026-08-05 07:00:00,1,1,946,2026-09-04 02:31:18
3791,C-02,2026-08-05 07:00:00,1,2,817,2026-09-04 02:31:18
3792,C-02,2026-08-05 07:00:00,1,3,541,2026-09-04 02:31:18
3793,C-02,2026-08-05 07:00:00,2,1,1220,2026-09-04 02:31:18
3794,C-02,2026-08-05 07:00:00,2,2,838,2026-09-04 02:31:18
3795,C-02,2026-08-05 07:00:00,2,3,938,2026-09-04 02:31:18
3796,C-02,2026-08-05 08:00:00,1,1,1049,2026-09-04 02:31:18
3797,C-02,2026-08-05 08:00:00,1,2,830,2026-09-04 02:31:18
3798,C-02,2026-08-05 08:00:00,1,3,471,2026-09-04 02:31:18
3799,C-02,2026-08-05 08:00:00,2,1,998,2026-09-04 02:31:18
3800,C-02,2026-08-05 08:00:00,2,2,867,2026-09-04 02:31:18
3801,C-02,2026-08-05 08:00:00,2,3,909,2026-09-04 02:31:18
3802,C-02,2026-08-05 09:00:00,1,1,960,2026-09-04 02:31:18
3803,C-02,2026-08-05 09:00:00,1,2,841,2026-09-04 02:31:18
3804,C-02,2026-08-05 09:00:00,1,3,371,2026-09-04 02:31:18
3805,C-02,2026-08-05 09:00:00,2,1,997,2026-09-04 02:31:18
3806,C-02,2026-08-05 09:00:00,2,2,833,2026-09-04 02:31:18
3807,C-02,2026-08-05 09:00:00,2,3,731,2026-09-04 02:31:18
3808,C-02,2026-08-05 10:00:00,1,1,771,2026-09-04 02:31:19
3809,C-02,2026-08-05 10:00:00,1,2,754,2026-09-04 02:31:19
3810,C-02,2026-08-05 10:00:00,1,3,322,2026-09-04 02:31:19
3811,C-02,2026-08-05 10:00:00,2,1,731,2026-09-04 02:31:19
3812,C-02,2026-08-05 10:00:00,2,2,767,2026-09-04 02:31:19
3813,C-02,2026-08-05 10:00:00,2,3,706,2026-09-04 02:31:19
3814,C-02,2026-08-05 11:00:00,1,1,806,2026-09-04 02:31:19
3815,C-02,2026-08-05 11:00:00,1,2,800,2026-09-04 02:31:19
3816,C-02,2026-08-05 11:00:00,1,3,381,2026-09-04 02:31:19
3817,C-02,2026-08-05 11:00:00,2,1,638,2026-09-04 02:31:19
3818,C-02,2026-08-05 11:00:00,2,2,678,2026-09-04 02:31:19
3819,C-02,2026-08-05 11:00:00,2,3,557,2026-09-04 02:31:19
3820,C-02,2026-08-05 12:00:00,1,1,593,2026-09-04 02:31:19
3821,C-02,2026-08-05 12:00:00,1,2,557,2026-09-04 02:31:19
3822,C-02,2026-08-05 12:00:00,1,3,231,2026-09-04 02:31:19
3823,C-02,2026-08-05 12:00:00,2,1,469,2026-09-04 02:31:19
3824,C-02,2026-08-05 12:00:00,2,2,381,2026-09-04 02:31:19
3825,C-02,2026-08-05 12:00:00,2,3,293,2026-09-04 02:31:19
3826,C-02,2026-08-05 13:00:00,1,1,424,2026-09-04 02:31:19
3827,C-02,2026-08-05 13:00:00,1,2,369,2026-09-04 02:31:19
3828,C-02,2026-08-05 13:00:00,1,3,179,2026-09-04 02:31:19
3829,C-02,2026-08-05 13:00:00,2,1,299,2026-09-04 02:31:19
3830,C-02,2026-08-05 13:00:00,2,2,341,2026-09-04 02:31:19
3831,C-02,2026-08-05 13:00:00,2,3,256,2026-09-04 02:31:19
3832,C-02,2026-08-05 14:00:00,1,1,890,2026-09-04 02:31:19
3833,C-02,2026-08-05 14:00:00,1,2,863,2026-09-04 02:31:19
3834,C-02,2026-08-05 14:00:00,1,3,300,2026-09-04 02:31:19
3835,C-02,2026-08-05 14:00:00,2,1,630,2026-09-04 02:31:19
3836,C-02,2026-08-05 14:00:00,2,2,700,2026-09-04 02:31:19
3837,C-02,2026-08-05 14:00:00,2,3,608,2026-09-04 02:31:19
3838,C-02,2026-08-05 15:00:00,1,1,907,2026-09-04 02:31:19
3839,C-02,2026-08-05 15:00:00,1,2,893,2026-09-04 02:31:19
3840,C-02,2026-08-05 15:00:00,1,3,311,2026-09-04 02:31:19
3841,C-02,2026-08-05 15:00:00,2,1,499,2026-09-04 02:31:19
3842,C-02,2026-08-05 15:00:00,2,2,700,2026-09-04 02:31:19
3843,C-02,2026-08-05 15:00:00,2,3,604,2026-09-04 02:31:19
3844,C-02,2026-08-05 16:00:00,1,1,1206,2026-09-04 02:31:20
3845,C-02,2026-08-05 16:00:00,1,2,1108,2026-09-04 02:31:20
3846,C-02,2026-08-05 16:00:00,1,3,641,2026-09-04 02:31:20
3847,C-02,2026-08-05 16:00:00,2,1,738,2026-09-04 02:31:20
3848,C-02,2026-08-05 16:00:00,2,2,809,2026-09-04 02:31:20
3849,C-02,2026-08-05 16:00:00,2,3,624,2026-09-04 02:31:20
3850,C-02,2026-08-05 17:00:00,1,1,1104,2026-09-04 02:31:20
3851,C-02,2026-08-05 17:00:00,1,2,1003,2026-09-04 02:31:20
3852,C-02,2026-08-05 17:00:00,1,3,627,2026-09-04 02:31:20
3853,C-02,2026-08-05 17:00:00,2,1,761,2026-09-04 02:31:20
3854,C-02,2026-08-05 17:00:00,2,2,839,2026-09-04 02:31:20
3855,C-02,2026-08-05 17:00:00,2,3,709,2026-09-04 02:31:20
3856,C-02,2026-08-05 18:00:00,1,1,1090,2026-09-04 02:31:20
3857,C-02,2026-08-05 18:00:00,1,2,933,2026-09-04 02:31:20
3858,C-02,2026-08-05 18:00:00,1,3,579,2026-09-04 02:31:20
3859,C-02,2026-08-05 18:00:00,2,1,777,2026-09-04 02:31:20
3860,C-02,2026-08-05 18:00:00,2,2,811,2026-09-04 02:31:20
3861,C-02,2026-08-05 18:00:00,2,3,633,2026-09-04 02:31:20
3862,C-02,2026-08-05 19:00:00,1,1,911,2026-09-04 02:31:20
3863,C-02,2026-08-05 19:00:00,1,2,699,2026-09-04 02:31:20
3864,C-02,2026-08-05 19:00:00,1,3,484,2026-09-04 02:31:20
3865,C-02,2026-08-05 19:00:00,2,1,679,2026-09-04 02:31:20
3866,C-02,2026-08-05 19:00:00,2,2,545,2026-09-04 02:31:20
3867,C-02,2026-08-05 19:00:00,2,3,396,2026-09-04 02:31:20
3868,C-02,2026-08-05 20:00:00,1,1,779,2026-09-04 02:31:20
3869,C-02,2026-08-05 20:00:00,1,2,715,2026-09-04 02:31:20
3870,C-02,2026-08-05 20:00:00,1,3,434,2026-09-04 02:31:20
3871,C-02,2026-08-05 20:00:00,2,1,662,2026-09-04 02:31:20
3872,C-02,2026-08-05 20:00:00,2,2,475,2026-09-04 02:31:20
3873,C-02,2026-08-05 20:00:00,2,3,258,2026-09-04 02:31:20
3874,C-02,2026-08-05 21:00:00,1,1,746,2026-09-04 02:31:20
3875,C-02,2026-08-05 21:00:00,1,2,645,2026-09-04 02:31:20
3876,C-02,2026-08-05 21:00:00,1,3,243,2026-09-04 02:31:21
3877,C-02,2026-08-05 21:00:00,2,1,783,2026-09-04 02:31:21
3878,C-02,2026-08-05 21:00:00,2,2,568,2026-09-04 02:31:21
3879,C-02,2026-08-05 21:00:00,2,3,335,2026-09-04 02:31:21
3880,C-02,2026-08-05 22:00:00,1,1,643,2026-09-04 02:31:21
3881,C-02,2026-08-05 22:00:00,1,2,605,2026-09-04 02:31:21
3882,C-02,2026-08-05 22:00:00,1,3,203,2026-09-04 02:31:21
3883,C-02,2026-08-05 22:00:00,2,1,767,2026-09-04 02:31:21
3884,C-02,2026-08-05 22:00:00,2,2,716,2026-09-04 02:31:21
3885,C-02,2026-08-05 22:00:00,2,3,534,2026-09-04 02:31:21
3886,C-02,2026-08-05 23:00:00,1,1,424,2026-09-04 02:31:21
3887,C-02,2026-08-05 23:00:00,1,2,357,2026-09-04 02:31:21
3888,C-02,2026-08-05 23:00:00,1,3,117,2026-09-04 02:31:21
3889,C-02,2026-08-05 23:00:00,2,1,358,2026-09-04 02:31:21
3890,C-02,2026-08-05 23:00:00,2,2,294,2026-09-04 02:31:21
3891,C-02,2026-08-05 23:00:00,2,3,124,2026-09-04 02:31:21
3616,C-02,2026-08-06 01:00:00,1,1,196,2026-09-04 02:31:12
3617,C-02,2026-08-06 01:00:00,1,2,183,2026-09-04 02:31:12
3618,C-02,2026-08-06 01:00:00,1,3,31,2026-09-04 02:31:12
3619,C-02,2026-08-06 01:00:00,2,1,194,2026-09-04 02:31:12
3620,C-02,2026-08-06 01:00:00,2,2,139,2026-09-04 02:31:12
3621,C-02,2026-08-06 01:00:00,2,3,66,2026-09-04 02:31:12
3622,C-02,2026-08-06 02:00:00,1,1,147,2026-09-04 02:31:13
3623,C-02,2026-08-06 02:00:00,1,2,161,2026-09-04 02:31:13
3624,C-02,2026-08-06 02:00:00,1,3,20,2026-09-04 02:31:13
3625,C-02,2026-08-06 02:00:00,2,1,124,2026-09-04 02:31:13
3626,C-02,2026-08-06 02:00:00,2,2,99,2026-09-04 02:31:13
3627,C-02,2026-08-06 02:00:00,2,3,36,2026-09-04 02:31:13
3628,C-02,2026-08-06 03:00:00,1,1,119,2026-09-04 02:31:13
3629,C-02,2026-08-06 03:00:00,1,2,141,2026-09-04 02:31:13
3630,C-02,2026-08-06 03:00:00,1,3,32,2026-09-04 02:31:13
3631,C-02,2026-08-06 03:00:00,2,1,120,2026-09-04 02:31:13
3632,C-02,2026-08-06 03:00:00,2,2,93,2026-09-04 02:31:13
3633,C-02,2026-08-06 03:00:00,2,3,34,2026-09-04 02:31:13
3634,C-02,2026-08-06 04:00:00,1,1,185,2026-09-04 02:31:13
3635,C-02,2026-08-06 04:00:00,1,2,195,2026-09-04 02:31:13
3636,C-02,2026-08-06 04:00:00,1,3,25,2026-09-04 02:31:13
3637,C-02,2026-08-06 04:00:00,2,1,249,2026-09-04 02:31:13
3638,C-02,2026-08-06 04:00:00,2,2,125,2026-09-04 02:31:13
3639,C-02,2026-08-06 04:00:00,2,3,40,2026-09-04 02:31:13
3640,C-02,2026-08-06 05:00:00,1,1,332,2026-09-04 02:31:13
3641,C-02,2026-08-06 05:00:00,1,2,279,2026-09-04 02:31:13
3642,C-02,2026-08-06 05:00:00,1,3,122,2026-09-04 02:31:13
3643,C-02,2026-08-06 05:00:00,2,1,627,2026-09-04 02:31:13
3644,C-02,2026-08-06 05:00:00,2,2,251,2026-09-04 02:31:13
3645,C-02,2026-08-06 05:00:00,2,3,128,2026-09-04 02:31:13
3646,C-02,2026-08-06 06:00:00,1,1,542,2026-09-04 02:31:13
3647,C-02,2026-08-06 06:00:00,1,2,468,2026-09-04 02:31:13
3648,C-02,2026-08-06 06:00:00,1,3,343,2026-09-04 02:31:13
3649,C-02,2026-08-06 06:00:00,2,1,1109,2026-09-04 02:31:13
3650,C-02,2026-08-06 06:00:00,2,2,525,2026-09-04 02:31:13
3651,C-02,2026-08-06 06:00:00,2,3,528,2026-09-04 02:31:13
3652,C-02,2026-08-06 07:00:00,1,1,888,2026-09-04 02:31:14
3653,C-02,2026-08-06 07:00:00,1,2,788,2026-09-04 02:31:14
3654,C-02,2026-08-06 07:00:00,1,3,456,2026-09-04 02:31:14
3655,C-02,2026-08-06 07:00:00,2,1,1171,2026-09-04 02:31:14
3656,C-02,2026-08-06 07:00:00,2,2,771,2026-09-04 02:31:14
3657,C-02,2026-08-06 07:00:00,2,3,993,2026-09-04 02:31:14
3658,C-02,2026-08-06 08:00:00,1,1,1041,2026-09-04 02:31:14
3659,C-02,2026-08-06 08:00:00,1,2,846,2026-09-04 02:31:14
3660,C-02,2026-08-06 08:00:00,1,3,456,2026-09-04 02:31:14
3661,C-02,2026-08-06 08:00:00,2,1,1054,2026-09-04 02:31:14
3662,C-02,2026-08-06 08:00:00,2,2,903,2026-09-04 02:31:14
3663,C-02,2026-08-06 08:00:00,2,3,1015,2026-09-04 02:31:14
3664,C-02,2026-08-06 09:00:00,1,1,957,2026-09-04 02:31:14
3665,C-02,2026-08-06 09:00:00,1,2,871,2026-09-04 02:31:14
3666,C-02,2026-08-06 09:00:00,1,3,535,2026-09-04 02:31:14
3667,C-02,2026-08-06 09:00:00,2,1,1007,2026-09-04 02:31:14
3668,C-02,2026-08-06 09:00:00,2,2,844,2026-09-04 02:31:14
3669,C-02,2026-08-06 09:00:00,2,3,771,2026-09-04 02:31:14
3670,C-02,2026-08-06 10:00:00,1,1,841,2026-09-04 02:31:14
3671,C-02,2026-08-06 10:00:00,1,2,741,2026-09-04 02:31:14
3672,C-02,2026-08-06 10:00:00,1,3,462,2026-09-04 02:31:14
3673,C-02,2026-08-06 10:00:00,2,1,674,2026-09-04 02:31:14
3674,C-02,2026-08-06 10:00:00,2,2,730,2026-09-04 02:31:14
3675,C-02,2026-08-06 10:00:00,2,3,837,2026-09-04 02:31:14
3676,C-02,2026-08-06 11:00:00,1,1,826,2026-09-04 02:31:14
3677,C-02,2026-08-06 11:00:00,1,2,733,2026-09-04 02:31:14
3678,C-02,2026-08-06 11:00:00,1,3,358,2026-09-04 02:31:14
3679,C-02,2026-08-06 11:00:00,2,1,590,2026-09-04 02:31:14
3680,C-02,2026-08-06 11:00:00,2,2,726,2026-09-04 02:31:14
3681,C-02,2026-08-06 11:00:00,2,3,662,2026-09-04 02:31:14
3682,C-02,2026-08-06 12:00:00,1,1,874,2026-09-04 02:31:15
3683,C-02,2026-08-06 12:00:00,1,2,800,2026-09-04 02:31:15
3684,C-02,2026-08-06 12:00:00,1,3,421,2026-09-04 02:31:15
3685,C-02,2026-08-06 12:00:00,2,1,711,2026-09-04 02:31:15
3686,C-02,2026-08-06 12:00:00,2,2,655,2026-09-04 02:31:15
3687,C-02,2026-08-06 12:00:00,2,3,528,2026-09-04 02:31:15
3688,C-02,2026-08-06 13:00:00,1,1,903,2026-09-04 02:31:15
3689,C-02,2026-08-06 13:00:00,1,2,899,2026-09-04 02:31:15
3690,C-02,2026-08-06 13:00:00,1,3,394,2026-09-04 02:31:15
3691,C-02,2026-08-06 13:00:00,2,1,710,2026-09-04 02:31:15
3692,C-02,2026-08-06 13:00:00,2,2,724,2026-09-04 02:31:15
3693,C-02,2026-08-06 13:00:00,2,3,616,2026-09-04 02:31:15
3694,C-02,2026-08-06 14:00:00,1,1,824,2026-09-04 02:31:15
3695,C-02,2026-08-06 14:00:00,1,2,799,2026-09-04 02:31:15
3696,C-02,2026-08-06 14:00:00,1,3,365,2026-09-04 02:31:15
3697,C-02,2026-08-06 14:00:00,2,1,676,2026-09-04 02:31:15
3698,C-02,2026-08-06 14:00:00,2,2,674,2026-09-04 02:31:15
3699,C-02,2026-08-06 14:00:00,2,3,509,2026-09-04 02:31:15
3700,C-02,2026-08-06 15:00:00,1,1,912,2026-09-04 02:31:15
3701,C-02,2026-08-06 15:00:00,1,2,868,2026-09-04 02:31:15
3702,C-02,2026-08-06 15:00:00,1,3,346,2026-09-04 02:31:15
3703,C-02,2026-08-06 15:00:00,2,1,678,2026-09-04 02:31:15
3704,C-02,2026-08-06 15:00:00,2,2,816,2026-09-04 02:31:15
3705,C-02,2026-08-06 15:00:00,2,3,599,2026-09-04 02:31:15
3706,C-02,2026-08-06 16:00:00,1,1,1132,2026-09-04 02:31:15
3707,C-02,2026-08-06 16:00:00,1,2,1066,2026-09-04 02:31:15
3708,C-02,2026-08-06 16:00:00,1,3,488,2026-09-04 02:31:15
3709,C-02,2026-08-06 16:00:00,2,1,587,2026-09-04 02:31:15
3710,C-02,2026-08-06 16:00:00,2,2,823,2026-09-04 02:31:15
3711,C-02,2026-08-06 16:00:00,2,3,823,2026-09-04 02:31:15
3712,C-02,2026-08-06 17:00:00,1,1,1124,2026-09-04 02:31:15
3713,C-02,2026-08-06 17:00:00,1,2,1101,2026-09-04 02:31:15
3714,C-02,2026-08-06 17:00:00,1,3,701,2026-09-04 02:31:15
3715,C-02,2026-08-06 17:00:00,2,1,663,2026-09-04 02:31:15
3716,C-02,2026-08-06 17:00:00,2,2,806,2026-09-04 02:31:15
3717,C-02,2026-08-06 17:00:00,2,3,629,2026-09-04 02:31:15
3718,C-02,2026-08-06 18:00:00,1,1,1293,2026-09-04 02:31:16
3719,C-02,2026-08-06 18:00:00,1,2,1178,2026-09-04 02:31:16
3720,C-02,2026-08-06 18:00:00,1,3,594,2026-09-04 02:31:16
3721,C-02,2026-08-06 18:00:00,2,1,738,2026-09-04 02:31:16
3722,C-02,2026-08-06 18:00:00,2,2,831,2026-09-04 02:31:16
3723,C-02,2026-08-06 18:00:00,2,3,653,2026-09-04 02:31:16
3724,C-02,2026-08-06 19:00:00,1,1,1121,2026-09-04 02:31:16
3725,C-02,2026-08-06 19:00:00,1,2,1000,2026-09-04 02:31:16
3726,C-02,2026-08-06 19:00:00,1,3,485,2026-09-04 02:31:16
3727,C-02,2026-08-06 19:00:00,2,1,621,2026-09-04 02:31:16
3728,C-02,2026-08-06 19:00:00,2,2,548,2026-09-04 02:31:16
3729,C-02,2026-08-06 19:00:00,2,3,441,2026-09-04 02:31:16
3730,C-02,2026-08-06 20:00:00,1,1,837,2026-09-04 02:31:16
3731,C-02,2026-08-06 20:00:00,1,2,788,2026-09-04 02:31:16
3732,C-02,2026-08-06 20:00:00,1,3,279,2026-09-04 02:31:16
3733,C-02,2026-08-06 20:00:00,2,1,691,2026-09-04 02:31:16
3734,C-02,2026-08-06 20:00:00,2,2,465,2026-09-04 02:31:16
3735,C-02,2026-08-06 20:00:00,2,3,243,2026-09-04 02:31:16
3736,C-02,2026-08-06 21:00:00,1,1,700,2026-09-04 02:31:16
3737,C-02,2026-08-06 21:00:00,1,2,614,2026-09-04 02:31:16
3738,C-02,2026-08-06 21:00:00,1,3,268,2026-09-04 02:31:16
3739,C-02,2026-08-06 21:00:00,2,1,732,2026-09-04 02:31:16
3740,C-02,2026-08-06 21:00:00,2,2,484,2026-09-04 02:31:16
3741,C-02,2026-08-06 21:00:00,2,3,271,2026-09-04 02:31:16
3742,C-02,2026-08-06 22:00:00,1,1,619,2026-09-04 02:31:16
3743,C-02,2026-08-06 22:00:00,1,2,534,2026-09-04 02:31:16
3744,C-02,2026-08-06 22:00:00,1,3,187,2026-09-04 02:31:16
3745,C-02,2026-08-06 22:00:00,2,1,596,2026-09-04 02:31:16
3746,C-02,2026-08-06 22:00:00,2,2,390,2026-09-04 02:31:16
3747,C-02,2026-08-06 22:00:00,2,3,198,2026-09-04 02:31:16
3748,C-02,2026-08-06 23:00:00,1,1,417,2026-09-04 02:31:16
3749,C-02,2026-08-06 23:00:00,1,2,376,2026-09-04 02:31:16
3750,C-02,2026-08-06 23:00:00,1,3,125,2026-09-04 02:31:17
3751,C-02,2026-08-06 23:00:00,2,1,401,2026-09-04 02:31:17
3752,C-02,2026-08-06 23:00:00,2,2,249,2026-09-04 02:31:17
3753,C-02,2026-08-06 23:00:00,2,3,129,2026-09-04 02:31:17
3478,C-02,2026-08-07 01:00:00,1,1,223,2026-09-04 02:31:08
3479,C-02,2026-08-07 01:00:00,1,2,207,2026-09-04 02:31:08
3480,C-02,2026-08-07 01:00:00,1,3,35,2026-09-04 02:31:08
3481,C-02,2026-08-07 01:00:00,2,1,142,2026-09-04 02:31:08
3482,C-02,2026-08-07 01:00:00,2,2,101,2026-09-04 02:31:08
3483,C-02,2026-08-07 01:00:00,2,3,44,2026-09-04 02:31:08
3484,C-02,2026-08-07 02:00:00,1,1,148,2026-09-04 02:31:08
3485,C-02,2026-08-07 02:00:00,1,2,163,2026-09-04 02:31:08
3486,C-02,2026-08-07 02:00:00,1,3,23,2026-09-04 02:31:08
3487,C-02,2026-08-07 02:00:00,2,1,130,2026-09-04 02:31:08
3488,C-02,2026-08-07 02:00:00,2,2,104,2026-09-04 02:31:08
3489,C-02,2026-08-07 02:00:00,2,3,40,2026-09-04 02:31:08
3490,C-02,2026-08-07 03:00:00,1,1,117,2026-09-04 02:31:08
3491,C-02,2026-08-07 03:00:00,1,2,150,2026-09-04 02:31:08
3492,C-02,2026-08-07 03:00:00,1,3,20,2026-09-04 02:31:08
3493,C-02,2026-08-07 03:00:00,2,1,135,2026-09-04 02:31:08
3494,C-02,2026-08-07 03:00:00,2,2,81,2026-09-04 02:31:08
3495,C-02,2026-08-07 03:00:00,2,3,29,2026-09-04 02:31:08
3496,C-02,2026-08-07 04:00:00,1,1,188,2026-09-04 02:31:09
3497,C-02,2026-08-07 04:00:00,1,2,194,2026-09-04 02:31:09
3498,C-02,2026-08-07 04:00:00,1,3,32,2026-09-04 02:31:09
3499,C-02,2026-08-07 04:00:00,2,1,234,2026-09-04 02:31:09
3500,C-02,2026-08-07 04:00:00,2,2,123,2026-09-04 02:31:09
3501,C-02,2026-08-07 04:00:00,2,3,44,2026-09-04 02:31:09
3502,C-02,2026-08-07 05:00:00,1,1,297,2026-09-04 02:31:09
3503,C-02,2026-08-07 05:00:00,1,2,271,2026-09-04 02:31:09
3504,C-02,2026-08-07 05:00:00,1,3,126,2026-09-04 02:31:09
3505,C-02,2026-08-07 05:00:00,2,1,568,2026-09-04 02:31:09
3506,C-02,2026-08-07 05:00:00,2,2,224,2026-09-04 02:31:09
3507,C-02,2026-08-07 05:00:00,2,3,106,2026-09-04 02:31:09
3508,C-02,2026-08-07 06:00:00,1,1,539,2026-09-04 02:31:09
3509,C-02,2026-08-07 06:00:00,1,2,476,2026-09-04 02:31:09
3510,C-02,2026-08-07 06:00:00,1,3,331,2026-09-04 02:31:09
3511,C-02,2026-08-07 06:00:00,2,1,890,2026-09-04 02:31:09
3512,C-02,2026-08-07 06:00:00,2,2,488,2026-09-04 02:31:09
3513,C-02,2026-08-07 06:00:00,2,3,550,2026-09-04 02:31:09
3514,C-02,2026-08-07 07:00:00,1,1,864,2026-09-04 02:31:09
3515,C-02,2026-08-07 07:00:00,1,2,765,2026-09-04 02:31:09
3516,C-02,2026-08-07 07:00:00,1,3,509,2026-09-04 02:31:09
3517,C-02,2026-08-07 07:00:00,2,1,771,2026-09-04 02:31:09
3518,C-02,2026-08-07 07:00:00,2,2,894,2026-09-04 02:31:09
3519,C-02,2026-08-07 07:00:00,2,3,1079,2026-09-04 02:31:09
3520,C-02,2026-08-07 08:00:00,1,1,1044,2026-09-04 02:31:09
3521,C-02,2026-08-07 08:00:00,1,2,824,2026-09-04 02:31:09
3522,C-02,2026-08-07 08:00:00,1,3,511,2026-09-04 02:31:09
3523,C-02,2026-08-07 08:00:00,2,1,678,2026-09-04 02:31:09
3524,C-02,2026-08-07 08:00:00,2,2,896,2026-09-04 02:31:09
3525,C-02,2026-08-07 08:00:00,2,3,1104,2026-09-04 02:31:09
3526,C-02,2026-08-07 09:00:00,1,1,940,2026-09-04 02:31:10
3527,C-02,2026-08-07 09:00:00,1,2,834,2026-09-04 02:31:10
3528,C-02,2026-08-07 09:00:00,1,3,516,2026-09-04 02:31:10
3529,C-02,2026-08-07 09:00:00,2,1,784,2026-09-04 02:31:10
3530,C-02,2026-08-07 09:00:00,2,2,840,2026-09-04 02:31:10
3531,C-02,2026-08-07 09:00:00,2,3,908,2026-09-04 02:31:10
3532,C-02,2026-08-07 10:00:00,1,1,831,2026-09-04 02:31:10
3533,C-02,2026-08-07 10:00:00,1,2,767,2026-09-04 02:31:10
3534,C-02,2026-08-07 10:00:00,1,3,447,2026-09-04 02:31:10
3535,C-02,2026-08-07 10:00:00,2,1,746,2026-09-04 02:31:10
3536,C-02,2026-08-07 10:00:00,2,2,747,2026-09-04 02:31:10
3537,C-02,2026-08-07 10:00:00,2,3,815,2026-09-04 02:31:10
3538,C-02,2026-08-07 11:00:00,1,1,839,2026-09-04 02:31:10
3539,C-02,2026-08-07 11:00:00,1,2,770,2026-09-04 02:31:10
3540,C-02,2026-08-07 11:00:00,1,3,425,2026-09-04 02:31:10
3541,C-02,2026-08-07 11:00:00,2,1,681,2026-09-04 02:31:10
3542,C-02,2026-08-07 11:00:00,2,2,708,2026-09-04 02:31:10
3543,C-02,2026-08-07 11:00:00,2,3,669,2026-09-04 02:31:10
3544,C-02,2026-08-07 12:00:00,1,1,923,2026-09-04 02:31:10
3545,C-02,2026-08-07 12:00:00,1,2,867,2026-09-04 02:31:10
3546,C-02,2026-08-07 12:00:00,1,3,518,2026-09-04 02:31:10
3547,C-02,2026-08-07 12:00:00,2,1,682,2026-09-04 02:31:10
3548,C-02,2026-08-07 12:00:00,2,2,602,2026-09-04 02:31:10
3549,C-02,2026-08-07 12:00:00,2,3,451,2026-09-04 02:31:10
3550,C-02,2026-08-07 13:00:00,1,1,873,2026-09-04 02:31:10
3551,C-02,2026-08-07 13:00:00,1,2,803,2026-09-04 02:31:10
3552,C-02,2026-08-07 13:00:00,1,3,356,2026-09-04 02:31:10
3553,C-02,2026-08-07 13:00:00,2,1,548,2026-09-04 02:31:10
3554,C-02,2026-08-07 13:00:00,2,2,701,2026-09-04 02:31:10
3555,C-02,2026-08-07 13:00:00,2,3,700,2026-09-04 02:31:10
3556,C-02,2026-08-07 14:00:00,1,1,934,2026-09-04 02:31:10
3557,C-02,2026-08-07 14:00:00,1,2,871,2026-09-04 02:31:10
3558,C-02,2026-08-07 14:00:00,1,3,409,2026-09-04 02:31:10
3559,C-02,2026-08-07 14:00:00,2,1,719,2026-09-04 02:31:10
3560,C-02,2026-08-07 14:00:00,2,2,732,2026-09-04 02:31:10
3561,C-02,2026-08-07 14:00:00,2,3,651,2026-09-04 02:31:10
3562,C-02,2026-08-07 15:00:00,1,1,1131,2026-09-04 02:31:11
3563,C-02,2026-08-07 15:00:00,1,2,1057,2026-09-04 02:31:11
3564,C-02,2026-08-07 15:00:00,1,3,472,2026-09-04 02:31:11
3565,C-02,2026-08-07 15:00:00,2,1,656,2026-09-04 02:31:11
3566,C-02,2026-08-07 15:00:00,2,2,839,2026-09-04 02:31:11
3567,C-02,2026-08-07 15:00:00,2,3,733,2026-09-04 02:31:11
3568,C-02,2026-08-07 16:00:00,1,1,1033,2026-09-04 02:31:11
3569,C-02,2026-08-07 16:00:00,1,2,940,2026-09-04 02:31:11
3570,C-02,2026-08-07 16:00:00,1,3,478,2026-09-04 02:31:11
3571,C-02,2026-08-07 16:00:00,2,1,687,2026-09-04 02:31:11
3572,C-02,2026-08-07 16:00:00,2,2,974,2026-09-04 02:31:11
3573,C-02,2026-08-07 16:00:00,2,3,840,2026-09-04 02:31:11
3574,C-02,2026-08-07 17:00:00,1,1,1210,2026-09-04 02:31:11
3575,C-02,2026-08-07 17:00:00,1,2,1130,2026-09-04 02:31:11
3576,C-02,2026-08-07 17:00:00,1,3,557,2026-09-04 02:31:11
3577,C-02,2026-08-07 17:00:00,2,1,886,2026-09-04 02:31:11
3578,C-02,2026-08-07 17:00:00,2,2,910,2026-09-04 02:31:11
3579,C-02,2026-08-07 17:00:00,2,3,698,2026-09-04 02:31:11
3580,C-02,2026-08-07 18:00:00,1,1,1269,2026-09-04 02:31:11
3581,C-02,2026-08-07 18:00:00,1,2,1113,2026-09-04 02:31:11
3582,C-02,2026-08-07 18:00:00,1,3,588,2026-09-04 02:31:11
3583,C-02,2026-08-07 18:00:00,2,1,636,2026-09-04 02:31:11
3584,C-02,2026-08-07 18:00:00,2,2,820,2026-09-04 02:31:11
3585,C-02,2026-08-07 18:00:00,2,3,713,2026-09-04 02:31:11
3586,C-02,2026-08-07 19:00:00,1,1,1241,2026-09-04 02:31:11
3587,C-02,2026-08-07 19:00:00,1,2,1123,2026-09-04 02:31:11
3588,C-02,2026-08-07 19:00:00,1,3,543,2026-09-04 02:31:11
3589,C-02,2026-08-07 19:00:00,2,1,509,2026-09-04 02:31:11
3590,C-02,2026-08-07 19:00:00,2,2,552,2026-09-04 02:31:11
3591,C-02,2026-08-07 19:00:00,2,3,391,2026-09-04 02:31:11
3592,C-02,2026-08-07 20:00:00,1,1,910,2026-09-04 02:31:12
3593,C-02,2026-08-07 20:00:00,1,2,842,2026-09-04 02:31:12
3594,C-02,2026-08-07 20:00:00,1,3,383,2026-09-04 02:31:12
3595,C-02,2026-08-07 20:00:00,2,1,708,2026-09-04 02:31:12
3596,C-02,2026-08-07 20:00:00,2,2,546,2026-09-04 02:31:12
3597,C-02,2026-08-07 20:00:00,2,3,280,2026-09-04 02:31:12
3598,C-02,2026-08-07 21:00:00,1,1,919,2026-09-04 02:31:12
3599,C-02,2026-08-07 21:00:00,1,2,837,2026-09-04 02:31:12
3600,C-02,2026-08-07 21:00:00,1,3,445,2026-09-04 02:31:12
3601,C-02,2026-08-07 21:00:00,2,1,724,2026-09-04 02:31:12
3602,C-02,2026-08-07 21:00:00,2,2,440,2026-09-04 02:31:12
3603,C-02,2026-08-07 21:00:00,2,3,257,2026-09-04 02:31:12
3604,C-02,2026-08-07 22:00:00,1,1,789,2026-09-04 02:31:12
3605,C-02,2026-08-07 22:00:00,1,2,726,2026-09-04 02:31:12
3606,C-02,2026-08-07 22:00:00,1,3,268,2026-09-04 02:31:12
3607,C-02,2026-08-07 22:00:00,2,1,602,2026-09-04 02:31:12
3608,C-02,2026-08-07 22:00:00,2,2,476,2026-09-04 02:31:12
3609,C-02,2026-08-07 22:00:00,2,3,243,2026-09-04 02:31:12
3610,C-02,2026-08-07 23:00:00,1,1,494,2026-09-04 02:31:12
3611,C-02,2026-08-07 23:00:00,1,2,416,2026-09-04 02:31:12
3612,C-02,2026-08-07 23:00:00,1,3,139,2026-09-04 02:31:12
3613,C-02,2026-08-07 23:00:00,2,1,417,2026-09-04 02:31:12
3614,C-02,2026-08-07 23:00:00,2,2,302,2026-09-04 02:31:12
3615,C-02,2026-08-07 23:00:00,2,3,123,2026-09-04 02:31:12
3340,C-02,2026-08-08 01:00:00,1,1,284,2026-09-04 02:31:04
3341,C-02,2026-08-08 01:00:00,1,2,269,2026-09-04 02:31:04
3342,C-02,2026-08-08 01:00:00,1,3,47,2026-09-04 02:31:04
3343,C-02,2026-08-08 01:00:00,2,1,216,2026-09-04 02:31:04
3344,C-02,2026-08-08 01:00:00,2,2,157,2026-09-04 02:31:04
3345,C-02,2026-08-08 01:00:00,2,3,62,2026-09-04 02:31:04
3346,C-02,2026-08-08 02:00:00,1,1,231,2026-09-04 02:31:04
3347,C-02,2026-08-08 02:00:00,1,2,216,2026-09-04 02:31:04
3348,C-02,2026-08-08 02:00:00,1,3,31,2026-09-04 02:31:04
3349,C-02,2026-08-08 02:00:00,2,1,177,2026-09-04 02:31:04
3350,C-02,2026-08-08 02:00:00,2,2,145,2026-09-04 02:31:04
3351,C-02,2026-08-08 02:00:00,2,3,38,2026-09-04 02:31:04
3352,C-02,2026-08-08 03:00:00,1,1,196,2026-09-04 02:31:04
3353,C-02,2026-08-08 03:00:00,1,2,185,2026-09-04 02:31:04
3354,C-02,2026-08-08 03:00:00,1,3,30,2026-09-04 02:31:04
3355,C-02,2026-08-08 03:00:00,2,1,128,2026-09-04 02:31:04
3356,C-02,2026-08-08 03:00:00,2,2,110,2026-09-04 02:31:04
3357,C-02,2026-08-08 03:00:00,2,3,45,2026-09-04 02:31:04
3358,C-02,2026-08-08 04:00:00,1,1,198,2026-09-04 02:31:04
3359,C-02,2026-08-08 04:00:00,1,2,176,2026-09-04 02:31:04
3360,C-02,2026-08-08 04:00:00,1,3,46,2026-09-04 02:31:04
3361,C-02,2026-08-08 04:00:00,2,1,215,2026-09-04 02:31:04
3362,C-02,2026-08-08 04:00:00,2,2,133,2026-09-04 02:31:04
3363,C-02,2026-08-08 04:00:00,2,3,50,2026-09-04 02:31:04
3364,C-02,2026-08-08 05:00:00,1,1,315,2026-09-04 02:31:04
3365,C-02,2026-08-08 05:00:00,1,2,306,2026-09-04 02:31:04
3366,C-02,2026-08-08 05:00:00,1,3,96,2026-09-04 02:31:04
3367,C-02,2026-08-08 05:00:00,2,1,411,2026-09-04 02:31:04
3368,C-02,2026-08-08 05:00:00,2,2,226,2026-09-04 02:31:04
3369,C-02,2026-08-08 05:00:00,2,3,103,2026-09-04 02:31:04
3370,C-02,2026-08-08 06:00:00,1,1,416,2026-09-04 02:31:05
3371,C-02,2026-08-08 06:00:00,1,2,384,2026-09-04 02:31:05
3372,C-02,2026-08-08 06:00:00,1,3,167,2026-09-04 02:31:05
3373,C-02,2026-08-08 06:00:00,2,1,558,2026-09-04 02:31:05
3374,C-02,2026-08-08 06:00:00,2,2,315,2026-09-04 02:31:05
3375,C-02,2026-08-08 06:00:00,2,3,166,2026-09-04 02:31:05
3376,C-02,2026-08-08 07:00:00,1,1,483,2026-09-04 02:31:05
3377,C-02,2026-08-08 07:00:00,1,2,464,2026-09-04 02:31:05
3378,C-02,2026-08-08 07:00:00,1,3,202,2026-09-04 02:31:05
3379,C-02,2026-08-08 07:00:00,2,1,659,2026-09-04 02:31:05
3380,C-02,2026-08-08 07:00:00,2,2,391,2026-09-04 02:31:05
3381,C-02,2026-08-08 07:00:00,2,3,231,2026-09-04 02:31:05
3382,C-02,2026-08-08 08:00:00,1,1,679,2026-09-04 02:31:05
3383,C-02,2026-08-08 08:00:00,1,2,588,2026-09-04 02:31:05
3384,C-02,2026-08-08 08:00:00,1,3,260,2026-09-04 02:31:05
3385,C-02,2026-08-08 08:00:00,2,1,846,2026-09-04 02:31:05
3386,C-02,2026-08-08 08:00:00,2,2,578,2026-09-04 02:31:05
3387,C-02,2026-08-08 08:00:00,2,3,391,2026-09-04 02:31:05
3388,C-02,2026-08-08 09:00:00,1,1,902,2026-09-04 02:31:05
3389,C-02,2026-08-08 09:00:00,1,2,766,2026-09-04 02:31:05
3390,C-02,2026-08-08 09:00:00,1,3,473,2026-09-04 02:31:05
3391,C-02,2026-08-08 09:00:00,2,1,480,2026-09-04 02:31:05
3392,C-02,2026-08-08 09:00:00,2,2,590,2026-09-04 02:31:05
3393,C-02,2026-08-08 09:00:00,2,3,550,2026-09-04 02:31:05
3394,C-02,2026-08-08 10:00:00,1,1,916,2026-09-04 02:31:05
3395,C-02,2026-08-08 10:00:00,1,2,817,2026-09-04 02:31:05
3396,C-02,2026-08-08 10:00:00,1,3,376,2026-09-04 02:31:05
3397,C-02,2026-08-08 10:00:00,2,1,650,2026-09-04 02:31:05
3398,C-02,2026-08-08 10:00:00,2,2,694,2026-09-04 02:31:05
3399,C-02,2026-08-08 10:00:00,2,3,849,2026-09-04 02:31:05
3400,C-02,2026-08-08 11:00:00,1,1,988,2026-09-04 02:31:06
3401,C-02,2026-08-08 11:00:00,1,2,997,2026-09-04 02:31:06
3402,C-02,2026-08-08 11:00:00,1,3,569,2026-09-04 02:31:06
3403,C-02,2026-08-08 11:00:00,2,1,385,2026-09-04 02:31:06
3404,C-02,2026-08-08 11:00:00,2,2,710,2026-09-04 02:31:06
3405,C-02,2026-08-08 11:00:00,2,3,784,2026-09-04 02:31:06
3406,C-02,2026-08-08 12:00:00,1,1,927,2026-09-04 02:31:06
3407,C-02,2026-08-08 12:00:00,1,2,840,2026-09-04 02:31:06
3408,C-02,2026-08-08 12:00:00,1,3,488,2026-09-04 02:31:06
3409,C-02,2026-08-08 12:00:00,2,1,723,2026-09-04 02:31:06
3410,C-02,2026-08-08 12:00:00,2,2,798,2026-09-04 02:31:06
3411,C-02,2026-08-08 12:00:00,2,3,649,2026-09-04 02:31:06
3412,C-02,2026-08-08 13:00:00,1,1,978,2026-09-04 02:31:06
3413,C-02,2026-08-08 13:00:00,1,2,855,2026-09-04 02:31:06
3414,C-02,2026-08-08 13:00:00,1,3,592,2026-09-04 02:31:06
3415,C-02,2026-08-08 13:00:00,2,1,669,2026-09-04 02:31:06
3416,C-02,2026-08-08 13:00:00,2,2,772,2026-09-04 02:31:06
3417,C-02,2026-08-08 13:00:00,2,3,778,2026-09-04 02:31:06
3418,C-02,2026-08-08 14:00:00,1,1,702,2026-09-04 02:31:06
3419,C-02,2026-08-08 14:00:00,1,2,657,2026-09-04 02:31:06
3420,C-02,2026-08-08 14:00:00,1,3,605,2026-09-04 02:31:06
3421,C-02,2026-08-08 14:00:00,2,1,674,2026-09-04 02:31:06
3422,C-02,2026-08-08 14:00:00,2,2,783,2026-09-04 02:31:06
3423,C-02,2026-08-08 14:00:00,2,3,606,2026-09-04 02:31:06
3424,C-02,2026-08-08 15:00:00,1,1,851,2026-09-04 02:31:06
3425,C-02,2026-08-08 15:00:00,1,2,814,2026-09-04 02:31:06
3426,C-02,2026-08-08 15:00:00,1,3,447,2026-09-04 02:31:06
3427,C-02,2026-08-08 15:00:00,2,1,651,2026-09-04 02:31:06
3428,C-02,2026-08-08 15:00:00,2,2,814,2026-09-04 02:31:06
3429,C-02,2026-08-08 15:00:00,2,3,800,2026-09-04 02:31:06
3430,C-02,2026-08-08 16:00:00,1,1,875,2026-09-04 02:31:06
3431,C-02,2026-08-08 16:00:00,1,2,847,2026-09-04 02:31:06
3432,C-02,2026-08-08 16:00:00,1,3,482,2026-09-04 02:31:06
3433,C-02,2026-08-08 16:00:00,2,1,596,2026-09-04 02:31:07
3434,C-02,2026-08-08 16:00:00,2,2,698,2026-09-04 02:31:07
3435,C-02,2026-08-08 16:00:00,2,3,621,2026-09-04 02:31:07
3436,C-02,2026-08-08 17:00:00,1,1,979,2026-09-04 02:31:07
3437,C-02,2026-08-08 17:00:00,1,2,945,2026-09-04 02:31:07
3438,C-02,2026-08-08 17:00:00,1,3,446,2026-09-04 02:31:07
3439,C-02,2026-08-08 17:00:00,2,1,599,2026-09-04 02:31:07
3440,C-02,2026-08-08 17:00:00,2,2,774,2026-09-04 02:31:07
3441,C-02,2026-08-08 17:00:00,2,3,620,2026-09-04 02:31:07
3442,C-02,2026-08-08 18:00:00,1,1,914,2026-09-04 02:31:07
3443,C-02,2026-08-08 18:00:00,1,2,868,2026-09-04 02:31:07
3444,C-02,2026-08-08 18:00:00,1,3,340,2026-09-04 02:31:07
3445,C-02,2026-08-08 18:00:00,2,1,503,2026-09-04 02:31:07
3446,C-02,2026-08-08 18:00:00,2,2,692,2026-09-04 02:31:07
3447,C-02,2026-08-08 18:00:00,2,3,591,2026-09-04 02:31:07
3448,C-02,2026-08-08 19:00:00,1,1,697,2026-09-04 02:31:07
3449,C-02,2026-08-08 19:00:00,1,2,603,2026-09-04 02:31:07
3450,C-02,2026-08-08 19:00:00,1,3,239,2026-09-04 02:31:07
3451,C-02,2026-08-08 19:00:00,2,1,562,2026-09-04 02:31:07
3452,C-02,2026-08-08 19:00:00,2,2,522,2026-09-04 02:31:07
3453,C-02,2026-08-08 19:00:00,2,3,334,2026-09-04 02:31:07
3454,C-02,2026-08-08 20:00:00,1,1,676,2026-09-04 02:31:07
3455,C-02,2026-08-08 20:00:00,1,2,575,2026-09-04 02:31:07
3456,C-02,2026-08-08 20:00:00,1,3,284,2026-09-04 02:31:07
3457,C-02,2026-08-08 20:00:00,2,1,730,2026-09-04 02:31:07
3458,C-02,2026-08-08 20:00:00,2,2,534,2026-09-04 02:31:07
3459,C-02,2026-08-08 20:00:00,2,3,327,2026-09-04 02:31:07
3460,C-02,2026-08-08 21:00:00,1,1,758,2026-09-04 02:31:07
3461,C-02,2026-08-08 21:00:00,1,2,637,2026-09-04 02:31:07
3462,C-02,2026-08-08 21:00:00,1,3,415,2026-09-04 02:31:07
3463,C-02,2026-08-08 21:00:00,2,1,701,2026-09-04 02:31:07
3464,C-02,2026-08-08 21:00:00,2,2,536,2026-09-04 02:31:07
3465,C-02,2026-08-08 21:00:00,2,3,298,2026-09-04 02:31:07
3466,C-02,2026-08-08 22:00:00,1,1,679,2026-09-04 02:31:08
3467,C-02,2026-08-08 22:00:00,1,2,584,2026-09-04 02:31:08
3468,C-02,2026-08-08 22:00:00,1,3,304,2026-09-04 02:31:08
3469,C-02,2026-08-08 22:00:00,2,1,542,2026-09-04 02:31:08
3470,C-02,2026-08-08 22:00:00,2,2,400,2026-09-04 02:31:08
3471,C-02,2026-08-08 22:00:00,2,3,199,2026-09-04 02:31:08
3472,C-02,2026-08-08 23:00:00,1,1,429,2026-09-04 02:31:08
3473,C-02,2026-08-08 23:00:00,1,2,372,2026-09-04 02:31:08
3474,C-02,2026-08-08 23:00:00,1,3,110,2026-09-04 02:31:08
3475,C-02,2026-08-08 23:00:00,2,1,369,2026-09-04 02:31:08
3476,C-02,2026-08-08 23:00:00,2,2,286,2026-09-04 02:31:08
3477,C-02,2026-08-08 23:00:00,2,3,119,2026-09-04 02:31:08
3202,C-02,2026-08-09 01:00:00,1,1,211,2026-09-04 02:30:59
3203,C-02,2026-08-09 01:00:00,1,2,235,2026-09-04 02:30:59
3204,C-02,2026-08-09 01:00:00,1,3,33,2026-09-04 02:30:59
3205,C-02,2026-08-09 01:00:00,2,1,177,2026-09-04 02:30:59
3206,C-02,2026-08-09 01:00:00,2,2,180,2026-09-04 02:30:59
3207,C-02,2026-08-09 01:00:00,2,3,61,2026-09-04 02:30:59
3208,C-02,2026-08-09 02:00:00,1,1,165,2026-09-04 02:30:59
3209,C-02,2026-08-09 02:00:00,1,2,165,2026-09-04 02:30:59
3210,C-02,2026-08-09 02:00:00,1,3,24,2026-09-04 02:30:59
3211,C-02,2026-08-09 02:00:00,2,1,122,2026-09-04 02:30:59
3212,C-02,2026-08-09 02:00:00,2,2,123,2026-09-04 02:30:59
3213,C-02,2026-08-09 02:00:00,2,3,39,2026-09-04 02:30:59
3214,C-02,2026-08-09 03:00:00,1,1,150,2026-09-04 02:31:00
3215,C-02,2026-08-09 03:00:00,1,2,134,2026-09-04 02:31:00
3216,C-02,2026-08-09 03:00:00,1,3,18,2026-09-04 02:31:00
3217,C-02,2026-08-09 03:00:00,2,1,80,2026-09-04 02:31:00
3218,C-02,2026-08-09 03:00:00,2,2,90,2026-09-04 02:31:00
3219,C-02,2026-08-09 03:00:00,2,3,29,2026-09-04 02:31:00
3220,C-02,2026-08-09 04:00:00,1,1,128,2026-09-04 02:31:00
3221,C-02,2026-08-09 04:00:00,1,2,140,2026-09-04 02:31:00
3222,C-02,2026-08-09 04:00:00,1,3,29,2026-09-04 02:31:00
3223,C-02,2026-08-09 04:00:00,2,1,117,2026-09-04 02:31:00
3224,C-02,2026-08-09 04:00:00,2,2,86,2026-09-04 02:31:00
3225,C-02,2026-08-09 04:00:00,2,3,27,2026-09-04 02:31:00
3226,C-02,2026-08-09 05:00:00,1,1,186,2026-09-04 02:31:00
3227,C-02,2026-08-09 05:00:00,1,2,200,2026-09-04 02:31:00
3228,C-02,2026-08-09 05:00:00,1,3,66,2026-09-04 02:31:00
3229,C-02,2026-08-09 05:00:00,2,1,219,2026-09-04 02:31:00
3230,C-02,2026-08-09 05:00:00,2,2,122,2026-09-04 02:31:00
3231,C-02,2026-08-09 05:00:00,2,3,62,2026-09-04 02:31:00
3232,C-02,2026-08-09 06:00:00,1,1,236,2026-09-04 02:31:00
3233,C-02,2026-08-09 06:00:00,1,2,266,2026-09-04 02:31:00
3234,C-02,2026-08-09 06:00:00,1,3,87,2026-09-04 02:31:00
3235,C-02,2026-08-09 06:00:00,2,1,308,2026-09-04 02:31:00
3236,C-02,2026-08-09 06:00:00,2,2,142,2026-09-04 02:31:00
3237,C-02,2026-08-09 06:00:00,2,3,84,2026-09-04 02:31:00
3238,C-02,2026-08-09 07:00:00,1,1,306,2026-09-04 02:31:00
3239,C-02,2026-08-09 07:00:00,1,2,332,2026-09-04 02:31:00
3240,C-02,2026-08-09 07:00:00,1,3,136,2026-09-04 02:31:00
3241,C-02,2026-08-09 07:00:00,2,1,405,2026-09-04 02:31:00
3242,C-02,2026-08-09 07:00:00,2,2,250,2026-09-04 02:31:00
3243,C-02,2026-08-09 07:00:00,2,3,132,2026-09-04 02:31:00
3244,C-02,2026-08-09 08:00:00,1,1,454,2026-09-04 02:31:01
3245,C-02,2026-08-09 08:00:00,1,2,414,2026-09-04 02:31:01
3246,C-02,2026-08-09 08:00:00,1,3,209,2026-09-04 02:31:01
3247,C-02,2026-08-09 08:00:00,2,1,705,2026-09-04 02:31:01
3248,C-02,2026-08-09 08:00:00,2,2,402,2026-09-04 02:31:01
3249,C-02,2026-08-09 08:00:00,2,3,223,2026-09-04 02:31:01
3250,C-02,2026-08-09 09:00:00,1,1,603,2026-09-04 02:31:01
3251,C-02,2026-08-09 09:00:00,1,2,566,2026-09-04 02:31:01
3252,C-02,2026-08-09 09:00:00,1,3,363,2026-09-04 02:31:01
3253,C-02,2026-08-09 09:00:00,2,1,812,2026-09-04 02:31:01
3254,C-02,2026-08-09 09:00:00,2,2,508,2026-09-04 02:31:01
3255,C-02,2026-08-09 09:00:00,2,3,367,2026-09-04 02:31:01
3256,C-02,2026-08-09 10:00:00,1,1,849,2026-09-04 02:31:01
3257,C-02,2026-08-09 10:00:00,1,2,762,2026-09-04 02:31:01
3258,C-02,2026-08-09 10:00:00,1,3,358,2026-09-04 02:31:01
3259,C-02,2026-08-09 10:00:00,2,1,807,2026-09-04 02:31:01
3260,C-02,2026-08-09 10:00:00,2,2,598,2026-09-04 02:31:01
3261,C-02,2026-08-09 10:00:00,2,3,506,2026-09-04 02:31:01
3262,C-02,2026-08-09 11:00:00,1,1,754,2026-09-04 02:31:01
3263,C-02,2026-08-09 11:00:00,1,2,699,2026-09-04 02:31:01
3264,C-02,2026-08-09 11:00:00,1,3,370,2026-09-04 02:31:01
3265,C-02,2026-08-09 11:00:00,2,1,813,2026-09-04 02:31:01
3266,C-02,2026-08-09 11:00:00,2,2,593,2026-09-04 02:31:01
3267,C-02,2026-08-09 11:00:00,2,3,546,2026-09-04 02:31:01
3268,C-02,2026-08-09 12:00:00,1,1,845,2026-09-04 02:31:01
3269,C-02,2026-08-09 12:00:00,1,2,840,2026-09-04 02:31:01
3270,C-02,2026-08-09 12:00:00,1,3,437,2026-09-04 02:31:01
3271,C-02,2026-08-09 12:00:00,2,1,739,2026-09-04 02:31:01
3272,C-02,2026-08-09 12:00:00,2,2,579,2026-09-04 02:31:01
3273,C-02,2026-08-09 12:00:00,2,3,533,2026-09-04 02:31:01
3274,C-02,2026-08-09 13:00:00,1,1,983,2026-09-04 02:31:01
3275,C-02,2026-08-09 13:00:00,1,2,903,2026-09-04 02:31:01
3276,C-02,2026-08-09 13:00:00,1,3,536,2026-09-04 02:31:02
3277,C-02,2026-08-09 13:00:00,2,1,680,2026-09-04 02:31:02
3278,C-02,2026-08-09 13:00:00,2,2,645,2026-09-04 02:31:02
3279,C-02,2026-08-09 13:00:00,2,3,576,2026-09-04 02:31:02
3280,C-02,2026-08-09 14:00:00,1,1,991,2026-09-04 02:31:02
3281,C-02,2026-08-09 14:00:00,1,2,922,2026-09-04 02:31:02
3282,C-02,2026-08-09 14:00:00,1,3,511,2026-09-04 02:31:02
3283,C-02,2026-08-09 14:00:00,2,1,603,2026-09-04 02:31:02
3284,C-02,2026-08-09 14:00:00,2,2,627,2026-09-04 02:31:02
3285,C-02,2026-08-09 14:00:00,2,3,591,2026-09-04 02:31:02
3286,C-02,2026-08-09 15:00:00,1,1,984,2026-09-04 02:31:02
3287,C-02,2026-08-09 15:00:00,1,2,981,2026-09-04 02:31:02
3288,C-02,2026-08-09 15:00:00,1,3,388,2026-09-04 02:31:02
3289,C-02,2026-08-09 15:00:00,2,1,645,2026-09-04 02:31:02
3290,C-02,2026-08-09 15:00:00,2,2,701,2026-09-04 02:31:02
3291,C-02,2026-08-09 15:00:00,2,3,570,2026-09-04 02:31:02
3292,C-02,2026-08-09 16:00:00,1,1,850,2026-09-04 02:31:02
3293,C-02,2026-08-09 16:00:00,1,2,766,2026-09-04 02:31:02
3294,C-02,2026-08-09 16:00:00,1,3,460,2026-09-04 02:31:02
3295,C-02,2026-08-09 16:00:00,2,1,658,2026-09-04 02:31:02
3296,C-02,2026-08-09 16:00:00,2,2,679,2026-09-04 02:31:02
3297,C-02,2026-08-09 16:00:00,2,3,583,2026-09-04 02:31:02
3298,C-02,2026-08-09 17:00:00,1,1,783,2026-09-04 02:31:02
3299,C-02,2026-08-09 17:00:00,1,2,637,2026-09-04 02:31:02
3300,C-02,2026-08-09 17:00:00,1,3,671,2026-09-04 02:31:02
3301,C-02,2026-08-09 17:00:00,2,1,725,2026-09-04 02:31:02
3302,C-02,2026-08-09 17:00:00,2,2,657,2026-09-04 02:31:02
3303,C-02,2026-08-09 17:00:00,2,3,478,2026-09-04 02:31:02
3304,C-02,2026-08-09 18:00:00,1,1,633,2026-09-04 02:31:02
3305,C-02,2026-08-09 18:00:00,1,2,466,2026-09-04 02:31:02
3306,C-02,2026-08-09 18:00:00,1,3,714,2026-09-04 02:31:02
3307,C-02,2026-08-09 18:00:00,2,1,680,2026-09-04 02:31:02
3308,C-02,2026-08-09 18:00:00,2,2,626,2026-09-04 02:31:02
3309,C-02,2026-08-09 18:00:00,2,3,349,2026-09-04 02:31:02
3310,C-02,2026-08-09 19:00:00,1,1,524,2026-09-04 02:31:03
3311,C-02,2026-08-09 19:00:00,1,2,550,2026-09-04 02:31:03
3312,C-02,2026-08-09 19:00:00,1,3,214,2026-09-04 02:31:03
3313,C-02,2026-08-09 19:00:00,2,1,626,2026-09-04 02:31:03
3314,C-02,2026-08-09 19:00:00,2,2,481,2026-09-04 02:31:03
3315,C-02,2026-08-09 19:00:00,2,3,320,2026-09-04 02:31:03
3316,C-02,2026-08-09 20:00:00,1,1,693,2026-09-04 02:31:03
3317,C-02,2026-08-09 20:00:00,1,2,546,2026-09-04 02:31:03
3318,C-02,2026-08-09 20:00:00,1,3,238,2026-09-04 02:31:03
3319,C-02,2026-08-09 20:00:00,2,1,729,2026-09-04 02:31:03
3320,C-02,2026-08-09 20:00:00,2,2,504,2026-09-04 02:31:03
3321,C-02,2026-08-09 20:00:00,2,3,306,2026-09-04 02:31:03
3322,C-02,2026-08-09 21:00:00,1,1,646,2026-09-04 02:31:03
3323,C-02,2026-08-09 21:00:00,1,2,565,2026-09-04 02:31:03
3324,C-02,2026-08-09 21:00:00,1,3,343,2026-09-04 02:31:03
3325,C-02,2026-08-09 21:00:00,2,1,777,2026-09-04 02:31:03
3326,C-02,2026-08-09 21:00:00,2,2,494,2026-09-04 02:31:03
3327,C-02,2026-08-09 21:00:00,2,3,262,2026-09-04 02:31:03
3328,C-02,2026-08-09 22:00:00,1,1,570,2026-09-04 02:31:03
3329,C-02,2026-08-09 22:00:00,1,2,521,2026-09-04 02:31:03
3330,C-02,2026-08-09 22:00:00,1,3,193,2026-09-04 02:31:03
3331,C-02,2026-08-09 22:00:00,2,1,721,2026-09-04 02:31:03
3332,C-02,2026-08-09 22:00:00,2,2,667,2026-09-04 02:31:03
3333,C-02,2026-08-09 22:00:00,2,3,444,2026-09-04 02:31:03
3334,C-02,2026-08-09 23:00:00,1,1,315,2026-09-04 02:31:03
3335,C-02,2026-08-09 23:00:00,1,2,279,2026-09-04 02:31:03
3336,C-02,2026-08-09 23:00:00,1,3,100,2026-09-04 02:31:03
3337,C-02,2026-08-09 23:00:00,2,1,567,2026-09-04 02:31:03
3338,C-02,2026-08-09 23:00:00,2,2,474,2026-09-04 02:31:03
3339,C-02,2026-08-09 23:00:00,2,3,436,2026-09-04 02:31:03
3064,C-02,2026-08-10 01:00:00,1,1,138,2026-09-04 02:30:55
3065,C-02,2026-08-10 01:00:00,1,2,171,2026-09-04 02:30:55
3066,C-02,2026-08-10 01:00:00,1,3,28,2026-09-04 02:30:55
3067,C-02,2026-08-10 01:00:00,2,1,120,2026-09-04 02:30:55
3068,C-02,2026-08-10 01:00:00,2,2,91,2026-09-04 02:30:55
3069,C-02,2026-08-10 01:00:00,2,3,39,2026-09-04 02:30:55
3070,C-02,2026-08-10 02:00:00,1,1,113,2026-09-04 02:30:55
3071,C-02,2026-08-10 02:00:00,1,2,116,2026-09-04 02:30:55
3072,C-02,2026-08-10 02:00:00,1,3,16,2026-09-04 02:30:55
3073,C-02,2026-08-10 02:00:00,2,1,103,2026-09-04 02:30:55
3074,C-02,2026-08-10 02:00:00,2,2,86,2026-09-04 02:30:55
3075,C-02,2026-08-10 02:00:00,2,3,26,2026-09-04 02:30:55
3076,C-02,2026-08-10 03:00:00,1,1,109,2026-09-04 02:30:55
3077,C-02,2026-08-10 03:00:00,1,2,135,2026-09-04 02:30:55
3078,C-02,2026-08-10 03:00:00,1,3,18,2026-09-04 02:30:55
3079,C-02,2026-08-10 03:00:00,2,1,140,2026-09-04 02:30:55
3080,C-02,2026-08-10 03:00:00,2,2,81,2026-09-04 02:30:55
3081,C-02,2026-08-10 03:00:00,2,3,22,2026-09-04 02:30:55
3082,C-02,2026-08-10 04:00:00,1,1,169,2026-09-04 02:30:55
3083,C-02,2026-08-10 04:00:00,1,2,175,2026-09-04 02:30:55
3084,C-02,2026-08-10 04:00:00,1,3,33,2026-09-04 02:30:55
3085,C-02,2026-08-10 04:00:00,2,1,301,2026-09-04 02:30:55
3086,C-02,2026-08-10 04:00:00,2,2,127,2026-09-04 02:30:55
3087,C-02,2026-08-10 04:00:00,2,3,53,2026-09-04 02:30:55
3088,C-02,2026-08-10 05:00:00,1,1,298,2026-09-04 02:30:56
3089,C-02,2026-08-10 05:00:00,1,2,296,2026-09-04 02:30:56
3090,C-02,2026-08-10 05:00:00,1,3,120,2026-09-04 02:30:56
3091,C-02,2026-08-10 05:00:00,2,1,787,2026-09-04 02:30:56
3092,C-02,2026-08-10 05:00:00,2,2,246,2026-09-04 02:30:56
3093,C-02,2026-08-10 05:00:00,2,3,160,2026-09-04 02:30:56
3094,C-02,2026-08-10 06:00:00,1,1,574,2026-09-04 02:30:56
3095,C-02,2026-08-10 06:00:00,1,2,486,2026-09-04 02:30:56
3096,C-02,2026-08-10 06:00:00,1,3,450,2026-09-04 02:30:56
3097,C-02,2026-08-10 06:00:00,2,1,1100,2026-09-04 02:30:56
3098,C-02,2026-08-10 06:00:00,2,2,587,2026-09-04 02:30:56
3099,C-02,2026-08-10 06:00:00,2,3,651,2026-09-04 02:30:56
3100,C-02,2026-08-10 07:00:00,1,1,900,2026-09-04 02:30:56
3101,C-02,2026-08-10 07:00:00,1,2,778,2026-09-04 02:30:56
3102,C-02,2026-08-10 07:00:00,1,3,576,2026-09-04 02:30:56
3103,C-02,2026-08-10 07:00:00,2,1,1097,2026-09-04 02:30:56
3104,C-02,2026-08-10 07:00:00,2,2,903,2026-09-04 02:30:56
3105,C-02,2026-08-10 07:00:00,2,3,1103,2026-09-04 02:30:56
3106,C-02,2026-08-10 08:00:00,1,1,1047,2026-09-04 02:30:56
3107,C-02,2026-08-10 08:00:00,1,2,780,2026-09-04 02:30:56
3108,C-02,2026-08-10 08:00:00,1,3,519,2026-09-04 02:30:56
3109,C-02,2026-08-10 08:00:00,2,1,930,2026-09-04 02:30:56
3110,C-02,2026-08-10 08:00:00,2,2,859,2026-09-04 02:30:56
3111,C-02,2026-08-10 08:00:00,2,3,871,2026-09-04 02:30:56
3112,C-02,2026-08-10 09:00:00,1,1,963,2026-09-04 02:30:56
3113,C-02,2026-08-10 09:00:00,1,2,827,2026-09-04 02:30:56
3114,C-02,2026-08-10 09:00:00,1,3,559,2026-09-04 02:30:56
3115,C-02,2026-08-10 09:00:00,2,1,926,2026-09-04 02:30:56
3116,C-02,2026-08-10 09:00:00,2,2,785,2026-09-04 02:30:56
3117,C-02,2026-08-10 09:00:00,2,3,852,2026-09-04 02:30:56
3118,C-02,2026-08-10 10:00:00,1,1,811,2026-09-04 02:30:57
3119,C-02,2026-08-10 10:00:00,1,2,766,2026-09-04 02:30:57
3120,C-02,2026-08-10 10:00:00,1,3,500,2026-09-04 02:30:57
3121,C-02,2026-08-10 10:00:00,2,1,600,2026-09-04 02:30:57
3122,C-02,2026-08-10 10:00:00,2,2,742,2026-09-04 02:30:57
3123,C-02,2026-08-10 10:00:00,2,3,665,2026-09-04 02:30:57
3124,C-02,2026-08-10 11:00:00,1,1,802,2026-09-04 02:30:57
3125,C-02,2026-08-10 11:00:00,1,2,749,2026-09-04 02:30:57
3126,C-02,2026-08-10 11:00:00,1,3,335,2026-09-04 02:30:57
3127,C-02,2026-08-10 11:00:00,2,1,588,2026-09-04 02:30:57
3128,C-02,2026-08-10 11:00:00,2,2,683,2026-09-04 02:30:57
3129,C-02,2026-08-10 11:00:00,2,3,516,2026-09-04 02:30:57
3130,C-02,2026-08-10 12:00:00,1,1,768,2026-09-04 02:30:57
3131,C-02,2026-08-10 12:00:00,1,2,765,2026-09-04 02:30:57
3132,C-02,2026-08-10 12:00:00,1,3,389,2026-09-04 02:30:57
3133,C-02,2026-08-10 12:00:00,2,1,672,2026-09-04 02:30:57
3134,C-02,2026-08-10 12:00:00,2,2,531,2026-09-04 02:30:57
3135,C-02,2026-08-10 12:00:00,2,3,371,2026-09-04 02:30:57
3136,C-02,2026-08-10 13:00:00,1,1,894,2026-09-04 02:30:57
3137,C-02,2026-08-10 13:00:00,1,2,831,2026-09-04 02:30:57
3138,C-02,2026-08-10 13:00:00,1,3,424,2026-09-04 02:30:57
3139,C-02,2026-08-10 13:00:00,2,1,672,2026-09-04 02:30:57
3140,C-02,2026-08-10 13:00:00,2,2,609,2026-09-04 02:30:57
3141,C-02,2026-08-10 13:00:00,2,3,484,2026-09-04 02:30:57
3142,C-02,2026-08-10 14:00:00,1,1,840,2026-09-04 02:30:57
3143,C-02,2026-08-10 14:00:00,1,2,770,2026-09-04 02:30:57
3144,C-02,2026-08-10 14:00:00,1,3,401,2026-09-04 02:30:57
3145,C-02,2026-08-10 14:00:00,2,1,593,2026-09-04 02:30:57
3146,C-02,2026-08-10 14:00:00,2,2,605,2026-09-04 02:30:57
3147,C-02,2026-08-10 14:00:00,2,3,394,2026-09-04 02:30:57
3148,C-02,2026-08-10 15:00:00,1,1,947,2026-09-04 02:30:57
3149,C-02,2026-08-10 15:00:00,1,2,913,2026-09-04 02:30:57
3150,C-02,2026-08-10 15:00:00,1,3,468,2026-09-04 02:30:57
3151,C-02,2026-08-10 15:00:00,2,1,645,2026-09-04 02:30:57
3152,C-02,2026-08-10 15:00:00,2,2,660,2026-09-04 02:30:57
3153,C-02,2026-08-10 15:00:00,2,3,513,2026-09-04 02:30:57
3154,C-02,2026-08-10 16:00:00,1,1,1106,2026-09-04 02:30:58
3155,C-02,2026-08-10 16:00:00,1,2,1010,2026-09-04 02:30:58
3156,C-02,2026-08-10 16:00:00,1,3,427,2026-09-04 02:30:58
3157,C-02,2026-08-10 16:00:00,2,1,722,2026-09-04 02:30:58
3158,C-02,2026-08-10 16:00:00,2,2,775,2026-09-04 02:30:58
3159,C-02,2026-08-10 16:00:00,2,3,568,2026-09-04 02:30:58
3160,C-02,2026-08-10 17:00:00,1,1,1202,2026-09-04 02:30:58
3161,C-02,2026-08-10 17:00:00,1,2,1163,2026-09-04 02:30:58
3162,C-02,2026-08-10 17:00:00,1,3,677,2026-09-04 02:30:58
3163,C-02,2026-08-10 17:00:00,2,1,840,2026-09-04 02:30:58
3164,C-02,2026-08-10 17:00:00,2,2,902,2026-09-04 02:30:58
3165,C-02,2026-08-10 17:00:00,2,3,728,2026-09-04 02:30:58
3166,C-02,2026-08-10 18:00:00,1,1,1242,2026-09-04 02:30:58
3167,C-02,2026-08-10 18:00:00,1,2,1210,2026-09-04 02:30:58
3168,C-02,2026-08-10 18:00:00,1,3,618,2026-09-04 02:30:58
3169,C-02,2026-08-10 18:00:00,2,1,858,2026-09-04 02:30:58
3170,C-02,2026-08-10 18:00:00,2,2,824,2026-09-04 02:30:58
3171,C-02,2026-08-10 18:00:00,2,3,726,2026-09-04 02:30:58
3172,C-02,2026-08-10 19:00:00,1,1,1094,2026-09-04 02:30:58
3173,C-02,2026-08-10 19:00:00,1,2,988,2026-09-04 02:30:58
3174,C-02,2026-08-10 19:00:00,1,3,491,2026-09-04 02:30:58
3175,C-02,2026-08-10 19:00:00,2,1,680,2026-09-04 02:30:58
3176,C-02,2026-08-10 19:00:00,2,2,592,2026-09-04 02:30:58
3177,C-02,2026-08-10 19:00:00,2,3,473,2026-09-04 02:30:58
3178,C-02,2026-08-10 20:00:00,1,1,833,2026-09-04 02:30:58
3179,C-02,2026-08-10 20:00:00,1,2,770,2026-09-04 02:30:58
3180,C-02,2026-08-10 20:00:00,1,3,295,2026-09-04 02:30:58
3181,C-02,2026-08-10 20:00:00,2,1,674,2026-09-04 02:30:58
3182,C-02,2026-08-10 20:00:00,2,2,495,2026-09-04 02:30:58
3183,C-02,2026-08-10 20:00:00,2,3,257,2026-09-04 02:30:58
3184,C-02,2026-08-10 21:00:00,1,1,661,2026-09-04 02:30:58
3185,C-02,2026-08-10 21:00:00,1,2,567,2026-09-04 02:30:58
3186,C-02,2026-08-10 21:00:00,1,3,204,2026-09-04 02:30:58
3187,C-02,2026-08-10 21:00:00,2,1,604,2026-09-04 02:30:59
3188,C-02,2026-08-10 21:00:00,2,2,404,2026-09-04 02:30:59
3189,C-02,2026-08-10 21:00:00,2,3,195,2026-09-04 02:30:59
3190,C-02,2026-08-10 22:00:00,1,1,685,2026-09-04 02:30:59
3191,C-02,2026-08-10 22:00:00,1,2,590,2026-09-04 02:30:59
3192,C-02,2026-08-10 22:00:00,1,3,193,2026-09-04 02:30:59
3193,C-02,2026-08-10 22:00:00,2,1,475,2026-09-04 02:30:59
3194,C-02,2026-08-10 22:00:00,2,2,359,2026-09-04 02:30:59
3195,C-02,2026-08-10 22:00:00,2,3,163,2026-09-04 02:30:59
3196,C-02,2026-08-10 23:00:00,1,1,462,2026-09-04 02:30:59
3197,C-02,2026-08-10 23:00:00,1,2,391,2026-09-04 02:30:59
3198,C-02,2026-08-10 23:00:00,1,3,96,2026-09-04 02:30:59
3199,C-02,2026-08-10 23:00:00,2,1,270,2026-09-04 02:30:59
3200,C-02,2026-08-10 23:00:00,2,2,241,2026-09-04 02:30:59
3201,C-02,2026-08-10 23:00:00,2,3,95,2026-09-04 02:30:59
2926,C-02,2026-08-13 01:00:00,1,1,228,2026-09-04 02:30:44
2927,C-02,2026-08-13 01:00:00,1,2,235,2026-09-04 02:30:44
2928,C-02,2026-08-13 01:00:00,1,3,44,2026-09-04 02:30:44
2929,C-02,2026-08-13 01:00:00,2,1,165,2026-09-04 02:30:44
2930,C-02,2026-08-13 01:00:00,2,2,112,2026-09-04 02:30:44
2931,C-02,2026-08-13 01:00:00,2,3,42,2026-09-04 02:30:44
2932,C-02,2026-08-13 02:00:00,1,1,145,2026-09-04 02:30:44
2933,C-02,2026-08-13 02:00:00,1,2,149,2026-09-04 02:30:44
2934,C-02,2026-08-13 02:00:00,1,3,35,2026-09-04 02:30:44
2935,C-02,2026-08-13 02:00:00,2,1,120,2026-09-04 02:30:44
2936,C-02,2026-08-13 02:00:00,2,2,92,2026-09-04 02:30:44
2937,C-02,2026-08-13 02:00:00,2,3,42,2026-09-04 02:30:44
2938,C-02,2026-08-13 03:00:00,1,1,120,2026-09-04 02:30:45
2939,C-02,2026-08-13 03:00:00,1,2,138,2026-09-04 02:30:45
2940,C-02,2026-08-13 03:00:00,1,3,22,2026-09-04 02:30:45
2941,C-02,2026-08-13 03:00:00,2,1,126,2026-09-04 02:30:45
2942,C-02,2026-08-13 03:00:00,2,2,85,2026-09-04 02:30:45
2943,C-02,2026-08-13 03:00:00,2,3,31,2026-09-04 02:30:45
2944,C-02,2026-08-13 04:00:00,1,1,179,2026-09-04 02:30:45
2945,C-02,2026-08-13 04:00:00,1,2,190,2026-09-04 02:30:45
2946,C-02,2026-08-13 04:00:00,1,3,37,2026-09-04 02:30:45
2947,C-02,2026-08-13 04:00:00,2,1,251,2026-09-04 02:30:45
2948,C-02,2026-08-13 04:00:00,2,2,135,2026-09-04 02:30:45
2949,C-02,2026-08-13 04:00:00,2,3,54,2026-09-04 02:30:45
2950,C-02,2026-08-13 05:00:00,1,1,369,2026-09-04 02:30:45
2951,C-02,2026-08-13 05:00:00,1,2,327,2026-09-04 02:30:45
2952,C-02,2026-08-13 05:00:00,1,3,134,2026-09-04 02:30:45
2953,C-02,2026-08-13 05:00:00,2,1,668,2026-09-04 02:30:45
2954,C-02,2026-08-13 05:00:00,2,2,273,2026-09-04 02:30:45
2955,C-02,2026-08-13 05:00:00,2,3,130,2026-09-04 02:30:45
2956,C-02,2026-08-13 06:00:00,1,1,582,2026-09-04 02:30:45
2957,C-02,2026-08-13 06:00:00,1,2,513,2026-09-04 02:30:45
2958,C-02,2026-08-13 06:00:00,1,3,380,2026-09-04 02:30:45
2959,C-02,2026-08-13 06:00:00,2,1,1139,2026-09-04 02:30:45
2960,C-02,2026-08-13 06:00:00,2,2,567,2026-09-04 02:30:45
2961,C-02,2026-08-13 06:00:00,2,3,564,2026-09-04 02:30:45
2962,C-02,2026-08-13 07:00:00,1,1,894,2026-09-04 02:30:45
2963,C-02,2026-08-13 07:00:00,1,2,807,2026-09-04 02:30:45
2964,C-02,2026-08-13 07:00:00,1,3,497,2026-09-04 02:30:45
2965,C-02,2026-08-13 07:00:00,2,1,1127,2026-09-04 02:30:45
2966,C-02,2026-08-13 07:00:00,2,2,840,2026-09-04 02:30:45
2967,C-02,2026-08-13 07:00:00,2,3,1032,2026-09-04 02:30:45
2968,C-02,2026-08-13 08:00:00,1,1,1072,2026-09-04 02:30:45
2969,C-02,2026-08-13 08:00:00,1,2,871,2026-09-04 02:30:45
2970,C-02,2026-08-13 08:00:00,1,3,490,2026-09-04 02:30:45
2971,C-02,2026-08-13 08:00:00,2,1,1013,2026-09-04 02:30:45
2972,C-02,2026-08-13 08:00:00,2,2,970,2026-09-04 02:30:45
2973,C-02,2026-08-13 08:00:00,2,3,1025,2026-09-04 02:30:45
2974,C-02,2026-08-13 09:00:00,1,1,949,2026-09-04 02:30:46
2975,C-02,2026-08-13 09:00:00,1,2,868,2026-09-04 02:30:46
2976,C-02,2026-08-13 09:00:00,1,3,519,2026-09-04 02:30:46
2977,C-02,2026-08-13 09:00:00,2,1,1114,2026-09-04 02:30:46
2978,C-02,2026-08-13 09:00:00,2,2,951,2026-09-04 02:30:46
2979,C-02,2026-08-13 09:00:00,2,3,831,2026-09-04 02:30:46
2980,C-02,2026-08-13 10:00:00,1,1,855,2026-09-04 02:30:46
2981,C-02,2026-08-13 10:00:00,1,2,784,2026-09-04 02:30:46
2982,C-02,2026-08-13 10:00:00,1,3,439,2026-09-04 02:30:46
2983,C-02,2026-08-13 10:00:00,2,1,828,2026-09-04 02:30:46
2984,C-02,2026-08-13 10:00:00,2,2,753,2026-09-04 02:30:46
2985,C-02,2026-08-13 10:00:00,2,3,620,2026-09-04 02:30:46
2986,C-02,2026-08-13 11:00:00,1,1,874,2026-09-04 02:30:46
2987,C-02,2026-08-13 11:00:00,1,2,821,2026-09-04 02:30:46
2988,C-02,2026-08-13 11:00:00,1,3,354,2026-09-04 02:30:46
2989,C-02,2026-08-13 11:00:00,2,1,770,2026-09-04 02:30:46
2990,C-02,2026-08-13 11:00:00,2,2,811,2026-09-04 02:30:46
2991,C-02,2026-08-13 11:00:00,2,3,755,2026-09-04 02:30:46
2992,C-02,2026-08-13 12:00:00,1,1,749,2026-09-04 02:30:46
2993,C-02,2026-08-13 12:00:00,1,2,710,2026-09-04 02:30:46
2994,C-02,2026-08-13 12:00:00,1,3,261,2026-09-04 02:30:46
2995,C-02,2026-08-13 12:00:00,2,1,627,2026-09-04 02:30:46
2996,C-02,2026-08-13 12:00:00,2,2,740,2026-09-04 02:30:46
2997,C-02,2026-08-13 12:00:00,2,3,633,2026-09-04 02:30:46
2998,C-02,2026-08-13 13:00:00,1,1,810,2026-09-04 02:30:46
2999,C-02,2026-08-13 13:00:00,1,2,797,2026-09-04 02:30:46
3000,C-02,2026-08-13 13:00:00,1,3,274,2026-09-04 02:30:46
3001,C-02,2026-08-13 13:00:00,2,1,827,2026-09-04 02:30:46
3002,C-02,2026-08-13 13:00:00,2,2,746,2026-09-04 02:30:46
3003,C-02,2026-08-13 13:00:00,2,3,589,2026-09-04 02:30:46
3004,C-02,2026-08-13 14:00:00,1,1,860,2026-09-04 02:30:46
3005,C-02,2026-08-13 14:00:00,1,2,806,2026-09-04 02:30:47
3006,C-02,2026-08-13 14:00:00,1,3,321,2026-09-04 02:30:47
3007,C-02,2026-08-13 14:00:00,2,1,643,2026-09-04 02:30:47
3008,C-02,2026-08-13 14:00:00,2,2,776,2026-09-04 02:30:47
3009,C-02,2026-08-13 14:00:00,2,3,618,2026-09-04 02:30:47
3010,C-02,2026-08-13 15:00:00,1,1,1013,2026-09-04 02:30:47
3011,C-02,2026-08-13 15:00:00,1,2,883,2026-09-04 02:30:47
3012,C-02,2026-08-13 15:00:00,1,3,365,2026-09-04 02:30:47
3013,C-02,2026-08-13 15:00:00,2,1,728,2026-09-04 02:30:47
3014,C-02,2026-08-13 15:00:00,2,2,845,2026-09-04 02:30:47
3015,C-02,2026-08-13 15:00:00,2,3,691,2026-09-04 02:30:47
3016,C-02,2026-08-13 16:00:00,1,1,1110,2026-09-04 02:30:47
3017,C-02,2026-08-13 16:00:00,1,2,1090,2026-09-04 02:30:47
3018,C-02,2026-08-13 16:00:00,1,3,458,2026-09-04 02:30:47
3019,C-02,2026-08-13 16:00:00,2,1,655,2026-09-04 02:30:47
3020,C-02,2026-08-13 16:00:00,2,2,938,2026-09-04 02:30:47
3021,C-02,2026-08-13 16:00:00,2,3,747,2026-09-04 02:30:47
3022,C-02,2026-08-13 17:00:00,1,1,1177,2026-09-04 02:30:47
3023,C-02,2026-08-13 17:00:00,1,2,1110,2026-09-04 02:30:47
3024,C-02,2026-08-13 17:00:00,1,3,459,2026-09-04 02:30:47
3025,C-02,2026-08-13 17:00:00,2,1,710,2026-09-04 02:30:47
3026,C-02,2026-08-13 17:00:00,2,2,912,2026-09-04 02:30:47
3027,C-02,2026-08-13 17:00:00,2,3,897,2026-09-04 02:30:47
3028,C-02,2026-08-13 18:00:00,1,1,1175,2026-09-04 02:30:47
3029,C-02,2026-08-13 18:00:00,1,2,1120,2026-09-04 02:30:47
3030,C-02,2026-08-13 18:00:00,1,3,449,2026-09-04 02:30:47
3031,C-02,2026-08-13 18:00:00,2,1,661,2026-09-04 02:30:47
3032,C-02,2026-08-13 18:00:00,2,2,744,2026-09-04 02:30:47
3033,C-02,2026-08-13 18:00:00,2,3,801,2026-09-04 02:30:47
3034,C-02,2026-08-13 19:00:00,1,1,938,2026-09-04 02:30:47
3035,C-02,2026-08-13 19:00:00,1,2,865,2026-09-04 02:30:47
3036,C-02,2026-08-13 19:00:00,1,3,387,2026-09-04 02:30:47
3037,C-02,2026-08-13 19:00:00,2,1,592,2026-09-04 02:30:47
3038,C-02,2026-08-13 19:00:00,2,2,586,2026-09-04 02:30:47
3039,C-02,2026-08-13 19:00:00,2,3,513,2026-09-04 02:30:47
3040,C-02,2026-08-13 20:00:00,1,1,951,2026-09-04 02:30:47
3041,C-02,2026-08-13 20:00:00,1,2,814,2026-09-04 02:30:48
3042,C-02,2026-08-13 20:00:00,1,3,331,2026-09-04 02:30:48
3043,C-02,2026-08-13 20:00:00,2,1,676,2026-09-04 02:30:48
3044,C-02,2026-08-13 20:00:00,2,2,503,2026-09-04 02:30:48
3045,C-02,2026-08-13 20:00:00,2,3,302,2026-09-04 02:30:48
3046,C-02,2026-08-13 21:00:00,1,1,719,2026-09-04 02:30:48
3047,C-02,2026-08-13 21:00:00,1,2,658,2026-09-04 02:30:48
3048,C-02,2026-08-13 21:00:00,1,3,264,2026-09-04 02:30:48
3049,C-02,2026-08-13 21:00:00,2,1,664,2026-09-04 02:30:48
3050,C-02,2026-08-13 21:00:00,2,2,513,2026-09-04 02:30:48
3051,C-02,2026-08-13 21:00:00,2,3,287,2026-09-04 02:30:48
3052,C-02,2026-08-13 22:00:00,1,1,680,2026-09-04 02:30:48
3053,C-02,2026-08-13 22:00:00,1,2,594,2026-09-04 02:30:48
3054,C-02,2026-08-13 22:00:00,1,3,244,2026-09-04 02:30:48
3055,C-02,2026-08-13 22:00:00,2,1,607,2026-09-04 02:30:48
3056,C-02,2026-08-13 22:00:00,2,2,433,2026-09-04 02:30:48
3057,C-02,2026-08-13 22:00:00,2,3,225,2026-09-04 02:30:48
3058,C-02,2026-08-13 23:00:00,1,1,378,2026-09-04 02:30:48
3059,C-02,2026-08-13 23:00:00,1,2,351,2026-09-04 02:30:48
3060,C-02,2026-08-13 23:00:00,1,3,147,2026-09-04 02:30:48
3061,C-02,2026-08-13 23:00:00,2,1,356,2026-09-04 02:30:48
3062,C-02,2026-08-13 23:00:00,2,2,263,2026-09-04 02:30:48
3063,C-02,2026-08-13 23:00:00,2,3,101,2026-09-04 02:30:48
2788,C-02,2026-08-14 01:00:00,1,1,197,2026-09-04 02:30:40
2789,C-02,2026-08-14 01:00:00,1,2,214,2026-09-04 02:30:40
2790,C-02,2026-08-14 01:00:00,1,3,39,2026-09-04 02:30:40
2791,C-02,2026-08-14 01:00:00,2,1,152,2026-09-04 02:30:40
2792,C-02,2026-08-14 01:00:00,2,2,134,2026-09-04 02:30:40
2793,C-02,2026-08-14 01:00:00,2,3,48,2026-09-04 02:30:40
2794,C-02,2026-08-14 02:00:00,1,1,161,2026-09-04 02:30:40
2795,C-02,2026-08-14 02:00:00,1,2,163,2026-09-04 02:30:40
2796,C-02,2026-08-14 02:00:00,1,3,27,2026-09-04 02:30:40
2797,C-02,2026-08-14 02:00:00,2,1,138,2026-09-04 02:30:40
2798,C-02,2026-08-14 02:00:00,2,2,105,2026-09-04 02:30:40
2799,C-02,2026-08-14 02:00:00,2,3,47,2026-09-04 02:30:40
2800,C-02,2026-08-14 03:00:00,1,1,141,2026-09-04 02:30:41
2801,C-02,2026-08-14 03:00:00,1,2,150,2026-09-04 02:30:41
2802,C-02,2026-08-14 03:00:00,1,3,29,2026-09-04 02:30:41
2803,C-02,2026-08-14 03:00:00,2,1,119,2026-09-04 02:30:41
2804,C-02,2026-08-14 03:00:00,2,2,110,2026-09-04 02:30:41
2805,C-02,2026-08-14 03:00:00,2,3,34,2026-09-04 02:30:41
2806,C-02,2026-08-14 04:00:00,1,1,191,2026-09-04 02:30:41
2807,C-02,2026-08-14 04:00:00,1,2,183,2026-09-04 02:30:41
2808,C-02,2026-08-14 04:00:00,1,3,46,2026-09-04 02:30:41
2809,C-02,2026-08-14 04:00:00,2,1,290,2026-09-04 02:30:41
2810,C-02,2026-08-14 04:00:00,2,2,119,2026-09-04 02:30:41
2811,C-02,2026-08-14 04:00:00,2,3,40,2026-09-04 02:30:41
2812,C-02,2026-08-14 05:00:00,1,1,354,2026-09-04 02:30:41
2813,C-02,2026-08-14 05:00:00,1,2,316,2026-09-04 02:30:41
2814,C-02,2026-08-14 05:00:00,1,3,130,2026-09-04 02:30:41
2815,C-02,2026-08-14 05:00:00,2,1,667,2026-09-04 02:30:41
2816,C-02,2026-08-14 05:00:00,2,2,254,2026-09-04 02:30:41
2817,C-02,2026-08-14 05:00:00,2,3,131,2026-09-04 02:30:41
2818,C-02,2026-08-14 06:00:00,1,1,627,2026-09-04 02:30:41
2819,C-02,2026-08-14 06:00:00,1,2,508,2026-09-04 02:30:41
2820,C-02,2026-08-14 06:00:00,1,3,374,2026-09-04 02:30:41
2821,C-02,2026-08-14 06:00:00,2,1,1066,2026-09-04 02:30:41
2822,C-02,2026-08-14 06:00:00,2,2,531,2026-09-04 02:30:41
2823,C-02,2026-08-14 06:00:00,2,3,498,2026-09-04 02:30:41
2824,C-02,2026-08-14 07:00:00,1,1,876,2026-09-04 02:30:41
2825,C-02,2026-08-14 07:00:00,1,2,775,2026-09-04 02:30:41
2826,C-02,2026-08-14 07:00:00,1,3,469,2026-09-04 02:30:41
2827,C-02,2026-08-14 07:00:00,2,1,1055,2026-09-04 02:30:41
2828,C-02,2026-08-14 07:00:00,2,2,863,2026-09-04 02:30:41
2829,C-02,2026-08-14 07:00:00,2,3,967,2026-09-04 02:30:41
2830,C-02,2026-08-14 08:00:00,1,1,992,2026-09-04 02:30:41
2831,C-02,2026-08-14 08:00:00,1,2,802,2026-09-04 02:30:41
2832,C-02,2026-08-14 08:00:00,1,3,441,2026-09-04 02:30:41
2833,C-02,2026-08-14 08:00:00,2,1,1087,2026-09-04 02:30:41
2834,C-02,2026-08-14 08:00:00,2,2,970,2026-09-04 02:30:41
2835,C-02,2026-08-14 08:00:00,2,3,921,2026-09-04 02:30:41
2836,C-02,2026-08-14 09:00:00,1,1,989,2026-09-04 02:30:42
2837,C-02,2026-08-14 09:00:00,1,2,791,2026-09-04 02:30:42
2838,C-02,2026-08-14 09:00:00,1,3,539,2026-09-04 02:30:42
2839,C-02,2026-08-14 09:00:00,2,1,1036,2026-09-04 02:30:42
2840,C-02,2026-08-14 09:00:00,2,2,868,2026-09-04 02:30:42
2841,C-02,2026-08-14 09:00:00,2,3,716,2026-09-04 02:30:42
2842,C-02,2026-08-14 10:00:00,1,1,795,2026-09-04 02:30:42
2843,C-02,2026-08-14 10:00:00,1,2,733,2026-09-04 02:30:42
2844,C-02,2026-08-14 10:00:00,1,3,539,2026-09-04 02:30:42
2845,C-02,2026-08-14 10:00:00,2,1,635,2026-09-04 02:30:42
2846,C-02,2026-08-14 10:00:00,2,2,665,2026-09-04 02:30:42
2847,C-02,2026-08-14 10:00:00,2,3,642,2026-09-04 02:30:42
2848,C-02,2026-08-14 11:00:00,1,1,919,2026-09-04 02:30:42
2849,C-02,2026-08-14 11:00:00,1,2,901,2026-09-04 02:30:42
2850,C-02,2026-08-14 11:00:00,1,3,436,2026-09-04 02:30:42
2851,C-02,2026-08-14 11:00:00,2,1,567,2026-09-04 02:30:42
2852,C-02,2026-08-14 11:00:00,2,2,681,2026-09-04 02:30:42
2853,C-02,2026-08-14 11:00:00,2,3,707,2026-09-04 02:30:42
2854,C-02,2026-08-14 12:00:00,1,1,855,2026-09-04 02:30:42
2855,C-02,2026-08-14 12:00:00,1,2,863,2026-09-04 02:30:42
2856,C-02,2026-08-14 12:00:00,1,3,395,2026-09-04 02:30:42
2857,C-02,2026-08-14 12:00:00,2,1,721,2026-09-04 02:30:42
2858,C-02,2026-08-14 12:00:00,2,2,696,2026-09-04 02:30:42
2859,C-02,2026-08-14 12:00:00,2,3,643,2026-09-04 02:30:42
2860,C-02,2026-08-14 13:00:00,1,1,1033,2026-09-04 02:30:42
2861,C-02,2026-08-14 13:00:00,1,2,849,2026-09-04 02:30:42
2862,C-02,2026-08-14 13:00:00,1,3,542,2026-09-04 02:30:42
2863,C-02,2026-08-14 13:00:00,2,1,641,2026-09-04 02:30:42
2864,C-02,2026-08-14 13:00:00,2,2,711,2026-09-04 02:30:42
2865,C-02,2026-08-14 13:00:00,2,3,623,2026-09-04 02:30:42
2866,C-02,2026-08-14 14:00:00,1,1,883,2026-09-04 02:30:42
2867,C-02,2026-08-14 14:00:00,1,2,863,2026-09-04 02:30:42
2868,C-02,2026-08-14 14:00:00,1,3,317,2026-09-04 02:30:42
2869,C-02,2026-08-14 14:00:00,2,1,711,2026-09-04 02:30:42
2870,C-02,2026-08-14 14:00:00,2,2,772,2026-09-04 02:30:42
2871,C-02,2026-08-14 14:00:00,2,3,714,2026-09-04 02:30:42
2872,C-02,2026-08-14 15:00:00,1,1,1143,2026-09-04 02:30:43
2873,C-02,2026-08-14 15:00:00,1,2,1011,2026-09-04 02:30:43
2874,C-02,2026-08-14 15:00:00,1,3,454,2026-09-04 02:30:43
2875,C-02,2026-08-14 15:00:00,2,1,605,2026-09-04 02:30:43
2876,C-02,2026-08-14 15:00:00,2,2,800,2026-09-04 02:30:43
2877,C-02,2026-08-14 15:00:00,2,3,772,2026-09-04 02:30:43
2878,C-02,2026-08-14 16:00:00,1,1,1160,2026-09-04 02:30:43
2879,C-02,2026-08-14 16:00:00,1,2,1102,2026-09-04 02:30:43
2880,C-02,2026-08-14 16:00:00,1,3,458,2026-09-04 02:30:43
2881,C-02,2026-08-14 16:00:00,2,1,519,2026-09-04 02:30:43
2882,C-02,2026-08-14 16:00:00,2,2,865,2026-09-04 02:30:43
2883,C-02,2026-08-14 16:00:00,2,3,867,2026-09-04 02:30:43
2884,C-02,2026-08-14 17:00:00,1,1,1151,2026-09-04 02:30:43
2885,C-02,2026-08-14 17:00:00,1,2,1031,2026-09-04 02:30:43
2886,C-02,2026-08-14 17:00:00,1,3,494,2026-09-04 02:30:43
2887,C-02,2026-08-14 17:00:00,2,1,479,2026-09-04 02:30:43
2888,C-02,2026-08-14 17:00:00,2,2,848,2026-09-04 02:30:43
2889,C-02,2026-08-14 17:00:00,2,3,1047,2026-09-04 02:30:43
2890,C-02,2026-08-14 18:00:00,1,1,1224,2026-09-04 02:30:43
2891,C-02,2026-08-14 18:00:00,1,2,1145,2026-09-04 02:30:43
2892,C-02,2026-08-14 18:00:00,1,3,576,2026-09-04 02:30:43
2893,C-02,2026-08-14 18:00:00,2,1,590,2026-09-04 02:30:43
2894,C-02,2026-08-14 18:00:00,2,2,772,2026-09-04 02:30:43
2895,C-02,2026-08-14 18:00:00,2,3,809,2026-09-04 02:30:43
2896,C-02,2026-08-14 19:00:00,1,1,1209,2026-09-04 02:30:43
2897,C-02,2026-08-14 19:00:00,1,2,1013,2026-09-04 02:30:43
2898,C-02,2026-08-14 19:00:00,1,3,567,2026-09-04 02:30:43
2899,C-02,2026-08-14 19:00:00,2,1,834,2026-09-04 02:30:43
2900,C-02,2026-08-14 19:00:00,2,2,746,2026-09-04 02:30:43
2901,C-02,2026-08-14 19:00:00,2,3,538,2026-09-04 02:30:43
2902,C-02,2026-08-14 20:00:00,1,1,921,2026-09-04 02:30:43
2903,C-02,2026-08-14 20:00:00,1,2,808,2026-09-04 02:30:43
2904,C-02,2026-08-14 20:00:00,1,3,426,2026-09-04 02:30:43
2905,C-02,2026-08-14 20:00:00,2,1,763,2026-09-04 02:30:43
2906,C-02,2026-08-14 20:00:00,2,2,583,2026-09-04 02:30:43
2907,C-02,2026-08-14 20:00:00,2,3,395,2026-09-04 02:30:43
2908,C-02,2026-08-14 21:00:00,1,1,788,2026-09-04 02:30:44
2909,C-02,2026-08-14 21:00:00,1,2,638,2026-09-04 02:30:44
2910,C-02,2026-08-14 21:00:00,1,3,309,2026-09-04 02:30:44
2911,C-02,2026-08-14 21:00:00,2,1,824,2026-09-04 02:30:44
2912,C-02,2026-08-14 21:00:00,2,2,504,2026-09-04 02:30:44
2913,C-02,2026-08-14 21:00:00,2,3,285,2026-09-04 02:30:44
2914,C-02,2026-08-14 22:00:00,1,1,761,2026-09-04 02:30:44
2915,C-02,2026-08-14 22:00:00,1,2,654,2026-09-04 02:30:44
2916,C-02,2026-08-14 22:00:00,1,3,260,2026-09-04 02:30:44
2917,C-02,2026-08-14 22:00:00,2,1,578,2026-09-04 02:30:44
2918,C-02,2026-08-14 22:00:00,2,2,400,2026-09-04 02:30:44
2919,C-02,2026-08-14 22:00:00,2,3,234,2026-09-04 02:30:44
2920,C-02,2026-08-14 23:00:00,1,1,546,2026-09-04 02:30:44
2921,C-02,2026-08-14 23:00:00,1,2,448,2026-09-04 02:30:44
2922,C-02,2026-08-14 23:00:00,1,3,133,2026-09-04 02:30:44
2923,C-02,2026-08-14 23:00:00,2,1,485,2026-09-04 02:30:44
2924,C-02,2026-08-14 23:00:00,2,2,316,2026-09-04 02:30:44
2925,C-02,2026-08-14 23:00:00,2,3,163,2026-09-04 02:30:44
2650,C-02,2026-08-15 01:00:00,1,1,298,2026-09-04 02:30:36
2651,C-02,2026-08-15 01:00:00,1,2,276,2026-09-04 02:30:36
2652,C-02,2026-08-15 01:00:00,1,3,55,2026-09-04 02:30:36
2653,C-02,2026-08-15 01:00:00,2,1,179,2026-09-04 02:30:36
2654,C-02,2026-08-15 01:00:00,2,2,164,2026-09-04 02:30:36
2655,C-02,2026-08-15 01:00:00,2,3,80,2026-09-04 02:30:36
2656,C-02,2026-08-15 02:00:00,1,1,251,2026-09-04 02:30:36
2657,C-02,2026-08-15 02:00:00,1,2,214,2026-09-04 02:30:36
2658,C-02,2026-08-15 02:00:00,1,3,41,2026-09-04 02:30:36
2659,C-02,2026-08-15 02:00:00,2,1,151,2026-09-04 02:30:36
2660,C-02,2026-08-15 02:00:00,2,2,141,2026-09-04 02:30:36
2661,C-02,2026-08-15 02:00:00,2,3,55,2026-09-04 02:30:36
2662,C-02,2026-08-15 03:00:00,1,1,183,2026-09-04 02:30:36
2663,C-02,2026-08-15 03:00:00,1,2,199,2026-09-04 02:30:36
2664,C-02,2026-08-15 03:00:00,1,3,14,2026-09-04 02:30:36
2665,C-02,2026-08-15 03:00:00,2,1,144,2026-09-04 02:30:36
2666,C-02,2026-08-15 03:00:00,2,2,100,2026-09-04 02:30:36
2667,C-02,2026-08-15 03:00:00,2,3,42,2026-09-04 02:30:36
2668,C-02,2026-08-15 04:00:00,1,1,222,2026-09-04 02:30:37
2669,C-02,2026-08-15 04:00:00,1,2,215,2026-09-04 02:30:37
2670,C-02,2026-08-15 04:00:00,1,3,49,2026-09-04 02:30:37
2671,C-02,2026-08-15 04:00:00,2,1,219,2026-09-04 02:30:37
2672,C-02,2026-08-15 04:00:00,2,2,137,2026-09-04 02:30:37
2673,C-02,2026-08-15 04:00:00,2,3,49,2026-09-04 02:30:37
2674,C-02,2026-08-15 05:00:00,1,1,275,2026-09-04 02:30:37
2675,C-02,2026-08-15 05:00:00,1,2,274,2026-09-04 02:30:37
2676,C-02,2026-08-15 05:00:00,1,3,96,2026-09-04 02:30:37
2677,C-02,2026-08-15 05:00:00,2,1,471,2026-09-04 02:30:37
2678,C-02,2026-08-15 05:00:00,2,2,242,2026-09-04 02:30:37
2679,C-02,2026-08-15 05:00:00,2,3,124,2026-09-04 02:30:37
2680,C-02,2026-08-15 06:00:00,1,1,364,2026-09-04 02:30:37
2681,C-02,2026-08-15 06:00:00,1,2,369,2026-09-04 02:30:37
2682,C-02,2026-08-15 06:00:00,1,3,173,2026-09-04 02:30:37
2683,C-02,2026-08-15 06:00:00,2,1,641,2026-09-04 02:30:37
2684,C-02,2026-08-15 06:00:00,2,2,338,2026-09-04 02:30:37
2685,C-02,2026-08-15 06:00:00,2,3,226,2026-09-04 02:30:37
2686,C-02,2026-08-15 07:00:00,1,1,403,2026-09-04 02:30:37
2687,C-02,2026-08-15 07:00:00,1,2,417,2026-09-04 02:30:37
2688,C-02,2026-08-15 07:00:00,1,3,192,2026-09-04 02:30:37
2689,C-02,2026-08-15 07:00:00,2,1,613,2026-09-04 02:30:37
2690,C-02,2026-08-15 07:00:00,2,2,342,2026-09-04 02:30:37
2691,C-02,2026-08-15 07:00:00,2,3,220,2026-09-04 02:30:37
2692,C-02,2026-08-15 08:00:00,1,1,525,2026-09-04 02:30:37
2693,C-02,2026-08-15 08:00:00,1,2,496,2026-09-04 02:30:37
2694,C-02,2026-08-15 08:00:00,1,3,226,2026-09-04 02:30:37
2695,C-02,2026-08-15 08:00:00,2,1,802,2026-09-04 02:30:37
2696,C-02,2026-08-15 08:00:00,2,2,496,2026-09-04 02:30:37
2697,C-02,2026-08-15 08:00:00,2,3,423,2026-09-04 02:30:37
2698,C-02,2026-08-15 09:00:00,1,1,886,2026-09-04 02:30:37
2699,C-02,2026-08-15 09:00:00,1,2,816,2026-09-04 02:30:37
2700,C-02,2026-08-15 09:00:00,1,3,541,2026-09-04 02:30:37
2701,C-02,2026-08-15 09:00:00,2,1,762,2026-09-04 02:30:37
2702,C-02,2026-08-15 09:00:00,2,2,585,2026-09-04 02:30:37
2703,C-02,2026-08-15 09:00:00,2,3,564,2026-09-04 02:30:37
2704,C-02,2026-08-15 10:00:00,1,1,1008,2026-09-04 02:30:38
2705,C-02,2026-08-15 10:00:00,1,2,888,2026-09-04 02:30:38
2706,C-02,2026-08-15 10:00:00,1,3,601,2026-09-04 02:30:38
2707,C-02,2026-08-15 10:00:00,2,1,573,2026-09-04 02:30:38
2708,C-02,2026-08-15 10:00:00,2,2,637,2026-09-04 02:30:38
2709,C-02,2026-08-15 10:00:00,2,3,636,2026-09-04 02:30:38
2710,C-02,2026-08-15 11:00:00,1,1,949,2026-09-04 02:30:38
2711,C-02,2026-08-15 11:00:00,1,2,803,2026-09-04 02:30:38
2712,C-02,2026-08-15 11:00:00,1,3,772,2026-09-04 02:30:38
2713,C-02,2026-08-15 11:00:00,2,1,787,2026-09-04 02:30:38
2714,C-02,2026-08-15 11:00:00,2,2,646,2026-09-04 02:30:38
2715,C-02,2026-08-15 11:00:00,2,3,574,2026-09-04 02:30:38
2716,C-02,2026-08-15 12:00:00,1,1,1011,2026-09-04 02:30:38
2717,C-02,2026-08-15 12:00:00,1,2,902,2026-09-04 02:30:38
2718,C-02,2026-08-15 12:00:00,1,3,690,2026-09-04 02:30:38
2719,C-02,2026-08-15 12:00:00,2,1,585,2026-09-04 02:30:38
2720,C-02,2026-08-15 12:00:00,2,2,516,2026-09-04 02:30:38
2721,C-02,2026-08-15 12:00:00,2,3,390,2026-09-04 02:30:38
2722,C-02,2026-08-15 13:00:00,1,1,879,2026-09-04 02:30:38
2723,C-02,2026-08-15 13:00:00,1,2,741,2026-09-04 02:30:38
2724,C-02,2026-08-15 13:00:00,1,3,605,2026-09-04 02:30:38
2725,C-02,2026-08-15 13:00:00,2,1,749,2026-09-04 02:30:38
2726,C-02,2026-08-15 13:00:00,2,2,684,2026-09-04 02:30:38
2727,C-02,2026-08-15 13:00:00,2,3,482,2026-09-04 02:30:38
2728,C-02,2026-08-15 14:00:00,1,1,979,2026-09-04 02:30:38
2729,C-02,2026-08-15 14:00:00,1,2,910,2026-09-04 02:30:38
2730,C-02,2026-08-15 14:00:00,1,3,441,2026-09-04 02:30:38
2731,C-02,2026-08-15 14:00:00,2,1,633,2026-09-04 02:30:38
2732,C-02,2026-08-15 14:00:00,2,2,640,2026-09-04 02:30:38
2733,C-02,2026-08-15 14:00:00,2,3,511,2026-09-04 02:30:38
2734,C-02,2026-08-15 15:00:00,1,1,990,2026-09-04 02:30:38
2735,C-02,2026-08-15 15:00:00,1,2,831,2026-09-04 02:30:38
2736,C-02,2026-08-15 15:00:00,1,3,532,2026-09-04 02:30:38
2737,C-02,2026-08-15 15:00:00,2,1,739,2026-09-04 02:30:38
2738,C-02,2026-08-15 15:00:00,2,2,693,2026-09-04 02:30:38
2739,C-02,2026-08-15 15:00:00,2,3,576,2026-09-04 02:30:38
2740,C-02,2026-08-15 16:00:00,1,1,895,2026-09-04 02:30:39
2741,C-02,2026-08-15 16:00:00,1,2,810,2026-09-04 02:30:39
2742,C-02,2026-08-15 16:00:00,1,3,456,2026-09-04 02:30:39
2743,C-02,2026-08-15 16:00:00,2,1,797,2026-09-04 02:30:39
2744,C-02,2026-08-15 16:00:00,2,2,852,2026-09-04 02:30:39
2745,C-02,2026-08-15 16:00:00,2,3,928,2026-09-04 02:30:39
2746,C-02,2026-08-15 17:00:00,1,1,892,2026-09-04 02:30:39
2747,C-02,2026-08-15 17:00:00,1,2,756,2026-09-04 02:30:39
2748,C-02,2026-08-15 17:00:00,1,3,505,2026-09-04 02:30:39
2749,C-02,2026-08-15 17:00:00,2,1,649,2026-09-04 02:30:39
2750,C-02,2026-08-15 17:00:00,2,2,894,2026-09-04 02:30:39
2751,C-02,2026-08-15 17:00:00,2,3,827,2026-09-04 02:30:39
2752,C-02,2026-08-15 18:00:00,1,1,587,2026-09-04 02:30:39
2753,C-02,2026-08-15 18:00:00,1,2,527,2026-09-04 02:30:39
2754,C-02,2026-08-15 18:00:00,1,3,258,2026-09-04 02:30:39
2755,C-02,2026-08-15 18:00:00,2,1,694,2026-09-04 02:30:39
2756,C-02,2026-08-15 18:00:00,2,2,712,2026-09-04 02:30:39
2757,C-02,2026-08-15 18:00:00,2,3,560,2026-09-04 02:30:39
2758,C-02,2026-08-15 19:00:00,1,1,651,2026-09-04 02:30:39
2759,C-02,2026-08-15 19:00:00,1,2,522,2026-09-04 02:30:39
2760,C-02,2026-08-15 19:00:00,1,3,272,2026-09-04 02:30:39
2761,C-02,2026-08-15 19:00:00,2,1,655,2026-09-04 02:30:39
2762,C-02,2026-08-15 19:00:00,2,2,549,2026-09-04 02:30:39
2763,C-02,2026-08-15 19:00:00,2,3,296,2026-09-04 02:30:39
2764,C-02,2026-08-15 20:00:00,1,1,634,2026-09-04 02:30:39
2765,C-02,2026-08-15 20:00:00,1,2,524,2026-09-04 02:30:39
2766,C-02,2026-08-15 20:00:00,1,3,261,2026-09-04 02:30:39
2767,C-02,2026-08-15 20:00:00,2,1,688,2026-09-04 02:30:39
2768,C-02,2026-08-15 20:00:00,2,2,512,2026-09-04 02:30:39
2769,C-02,2026-08-15 20:00:00,2,3,300,2026-09-04 02:30:39
2770,C-02,2026-08-15 21:00:00,1,1,673,2026-09-04 02:30:40
2771,C-02,2026-08-15 21:00:00,1,2,540,2026-09-04 02:30:40
2772,C-02,2026-08-15 21:00:00,1,3,213,2026-09-04 02:30:40
2773,C-02,2026-08-15 21:00:00,2,1,837,2026-09-04 02:30:40
2774,C-02,2026-08-15 21:00:00,2,2,559,2026-09-04 02:30:40
2775,C-02,2026-08-15 21:00:00,2,3,325,2026-09-04 02:30:40
2776,C-02,2026-08-15 22:00:00,1,1,522,2026-09-04 02:30:40
2777,C-02,2026-08-15 22:00:00,1,2,472,2026-09-04 02:30:40
2778,C-02,2026-08-15 22:00:00,1,3,210,2026-09-04 02:30:40
2779,C-02,2026-08-15 22:00:00,2,1,599,2026-09-04 02:30:40
2780,C-02,2026-08-15 22:00:00,2,2,488,2026-09-04 02:30:40
2781,C-02,2026-08-15 22:00:00,2,3,301,2026-09-04 02:30:40
2782,C-02,2026-08-15 23:00:00,1,1,374,2026-09-04 02:30:40
2783,C-02,2026-08-15 23:00:00,1,2,356,2026-09-04 02:30:40
2784,C-02,2026-08-15 23:00:00,1,3,86,2026-09-04 02:30:40
2785,C-02,2026-08-15 23:00:00,2,1,373,2026-09-04 02:30:40
2786,C-02,2026-08-15 23:00:00,2,2,259,2026-09-04 02:30:40
2787,C-02,2026-08-15 23:00:00,2,3,128,2026-09-04 02:30:40
2512,C-02,2026-08-16 01:00:00,1,1,210,2026-09-04 02:30:32
2513,C-02,2026-08-16 01:00:00,1,2,210,2026-09-04 02:30:32
2514,C-02,2026-08-16 01:00:00,1,3,49,2026-09-04 02:30:32
2515,C-02,2026-08-16 01:00:00,2,1,144,2026-09-04 02:30:32
2516,C-02,2026-08-16 01:00:00,2,2,147,2026-09-04 02:30:32
2517,C-02,2026-08-16 01:00:00,2,3,53,2026-09-04 02:30:32
2518,C-02,2026-08-16 02:00:00,1,1,180,2026-09-04 02:30:32
2519,C-02,2026-08-16 02:00:00,1,2,147,2026-09-04 02:30:32
2520,C-02,2026-08-16 02:00:00,1,3,12,2026-09-04 02:30:32
2521,C-02,2026-08-16 02:00:00,2,1,116,2026-09-04 02:30:32
2522,C-02,2026-08-16 02:00:00,2,2,108,2026-09-04 02:30:32
2523,C-02,2026-08-16 02:00:00,2,3,36,2026-09-04 02:30:32
2524,C-02,2026-08-16 03:00:00,1,1,131,2026-09-04 02:30:32
2525,C-02,2026-08-16 03:00:00,1,2,118,2026-09-04 02:30:32
2526,C-02,2026-08-16 03:00:00,1,3,14,2026-09-04 02:30:32
2527,C-02,2026-08-16 03:00:00,2,1,80,2026-09-04 02:30:32
2528,C-02,2026-08-16 03:00:00,2,2,63,2026-09-04 02:30:32
2529,C-02,2026-08-16 03:00:00,2,3,17,2026-09-04 02:30:32
2530,C-02,2026-08-16 04:00:00,1,1,130,2026-09-04 02:30:32
2531,C-02,2026-08-16 04:00:00,1,2,119,2026-09-04 02:30:32
2532,C-02,2026-08-16 04:00:00,1,3,15,2026-09-04 02:30:32
2533,C-02,2026-08-16 04:00:00,2,1,100,2026-09-04 02:30:32
2534,C-02,2026-08-16 04:00:00,2,2,72,2026-09-04 02:30:32
2535,C-02,2026-08-16 04:00:00,2,3,36,2026-09-04 02:30:32
2536,C-02,2026-08-16 05:00:00,1,1,153,2026-09-04 02:30:33
2537,C-02,2026-08-16 05:00:00,1,2,144,2026-09-04 02:30:33
2538,C-02,2026-08-16 05:00:00,1,3,34,2026-09-04 02:30:33
2539,C-02,2026-08-16 05:00:00,2,1,173,2026-09-04 02:30:33
2540,C-02,2026-08-16 05:00:00,2,2,107,2026-09-04 02:30:33
2541,C-02,2026-08-16 05:00:00,2,3,42,2026-09-04 02:30:33
2542,C-02,2026-08-16 06:00:00,1,1,212,2026-09-04 02:30:33
2543,C-02,2026-08-16 06:00:00,1,2,211,2026-09-04 02:30:33
2544,C-02,2026-08-16 06:00:00,1,3,77,2026-09-04 02:30:33
2545,C-02,2026-08-16 06:00:00,2,1,304,2026-09-04 02:30:33
2546,C-02,2026-08-16 06:00:00,2,2,156,2026-09-04 02:30:33
2547,C-02,2026-08-16 06:00:00,2,3,67,2026-09-04 02:30:33
2548,C-02,2026-08-16 07:00:00,1,1,268,2026-09-04 02:30:33
2549,C-02,2026-08-16 07:00:00,1,2,282,2026-09-04 02:30:33
2550,C-02,2026-08-16 07:00:00,1,3,117,2026-09-04 02:30:33
2551,C-02,2026-08-16 07:00:00,2,1,417,2026-09-04 02:30:33
2552,C-02,2026-08-16 07:00:00,2,2,215,2026-09-04 02:30:33
2553,C-02,2026-08-16 07:00:00,2,3,133,2026-09-04 02:30:33
2554,C-02,2026-08-16 08:00:00,1,1,422,2026-09-04 02:30:33
2555,C-02,2026-08-16 08:00:00,1,2,391,2026-09-04 02:30:33
2556,C-02,2026-08-16 08:00:00,1,3,196,2026-09-04 02:30:33
2557,C-02,2026-08-16 08:00:00,2,1,681,2026-09-04 02:30:33
2558,C-02,2026-08-16 08:00:00,2,2,347,2026-09-04 02:30:33
2559,C-02,2026-08-16 08:00:00,2,3,216,2026-09-04 02:30:33
2560,C-02,2026-08-16 09:00:00,1,1,620,2026-09-04 02:30:33
2561,C-02,2026-08-16 09:00:00,1,2,548,2026-09-04 02:30:33
2562,C-02,2026-08-16 09:00:00,1,3,424,2026-09-04 02:30:33
2563,C-02,2026-08-16 09:00:00,2,1,874,2026-09-04 02:30:33
2564,C-02,2026-08-16 09:00:00,2,2,461,2026-09-04 02:30:33
2565,C-02,2026-08-16 09:00:00,2,3,322,2026-09-04 02:30:33
2566,C-02,2026-08-16 10:00:00,1,1,793,2026-09-04 02:30:33
2567,C-02,2026-08-16 10:00:00,1,2,696,2026-09-04 02:30:33
2568,C-02,2026-08-16 10:00:00,1,3,416,2026-09-04 02:30:33
2569,C-02,2026-08-16 10:00:00,2,1,811,2026-09-04 02:30:33
2570,C-02,2026-08-16 10:00:00,2,2,567,2026-09-04 02:30:33
2571,C-02,2026-08-16 10:00:00,2,3,520,2026-09-04 02:30:34
2572,C-02,2026-08-16 11:00:00,1,1,995,2026-09-04 02:30:34
2573,C-02,2026-08-16 11:00:00,1,2,913,2026-09-04 02:30:34
2574,C-02,2026-08-16 11:00:00,1,3,515,2026-09-04 02:30:34
2575,C-02,2026-08-16 11:00:00,2,1,735,2026-09-04 02:30:34
2576,C-02,2026-08-16 11:00:00,2,2,582,2026-09-04 02:30:34
2577,C-02,2026-08-16 11:00:00,2,3,505,2026-09-04 02:30:34
2578,C-02,2026-08-16 12:00:00,1,1,1021,2026-09-04 02:30:34
2579,C-02,2026-08-16 12:00:00,1,2,956,2026-09-04 02:30:34
2580,C-02,2026-08-16 12:00:00,1,3,455,2026-09-04 02:30:34
2581,C-02,2026-08-16 12:00:00,2,1,537,2026-09-04 02:30:34
2582,C-02,2026-08-16 12:00:00,2,2,495,2026-09-04 02:30:34
2583,C-02,2026-08-16 12:00:00,2,3,408,2026-09-04 02:30:34
2584,C-02,2026-08-16 13:00:00,1,1,1089,2026-09-04 02:30:34
2585,C-02,2026-08-16 13:00:00,1,2,1014,2026-09-04 02:30:34
2586,C-02,2026-08-16 13:00:00,1,3,588,2026-09-04 02:30:34
2587,C-02,2026-08-16 13:00:00,2,1,627,2026-09-04 02:30:34
2588,C-02,2026-08-16 13:00:00,2,2,596,2026-09-04 02:30:34
2589,C-02,2026-08-16 13:00:00,2,3,487,2026-09-04 02:30:34
2590,C-02,2026-08-16 14:00:00,1,1,979,2026-09-04 02:30:34
2591,C-02,2026-08-16 14:00:00,1,2,884,2026-09-04 02:30:34
2592,C-02,2026-08-16 14:00:00,1,3,534,2026-09-04 02:30:34
2593,C-02,2026-08-16 14:00:00,2,1,668,2026-09-04 02:30:34
2594,C-02,2026-08-16 14:00:00,2,2,627,2026-09-04 02:30:34
2595,C-02,2026-08-16 14:00:00,2,3,577,2026-09-04 02:30:34
2596,C-02,2026-08-16 15:00:00,1,1,1067,2026-09-04 02:30:34
2597,C-02,2026-08-16 15:00:00,1,2,979,2026-09-04 02:30:34
2598,C-02,2026-08-16 15:00:00,1,3,647,2026-09-04 02:30:34
2599,C-02,2026-08-16 15:00:00,2,1,685,2026-09-04 02:30:34
2600,C-02,2026-08-16 15:00:00,2,2,710,2026-09-04 02:30:34
2601,C-02,2026-08-16 15:00:00,2,3,663,2026-09-04 02:30:34
2602,C-02,2026-08-16 16:00:00,1,1,835,2026-09-04 02:30:34
2603,C-02,2026-08-16 16:00:00,1,2,779,2026-09-04 02:30:34
2604,C-02,2026-08-16 16:00:00,1,3,327,2026-09-04 02:30:34
2605,C-02,2026-08-16 16:00:00,2,1,708,2026-09-04 02:30:35
2606,C-02,2026-08-16 16:00:00,2,2,733,2026-09-04 02:30:35
2607,C-02,2026-08-16 16:00:00,2,3,611,2026-09-04 02:30:35
2608,C-02,2026-08-16 17:00:00,1,1,882,2026-09-04 02:30:35
2609,C-02,2026-08-16 17:00:00,1,2,752,2026-09-04 02:30:35
2610,C-02,2026-08-16 17:00:00,1,3,314,2026-09-04 02:30:35
2611,C-02,2026-08-16 17:00:00,2,1,680,2026-09-04 02:30:35
2612,C-02,2026-08-16 17:00:00,2,2,660,2026-09-04 02:30:35
2613,C-02,2026-08-16 17:00:00,2,3,566,2026-09-04 02:30:35
2614,C-02,2026-08-16 18:00:00,1,1,682,2026-09-04 02:30:35
2615,C-02,2026-08-16 18:00:00,1,2,587,2026-09-04 02:30:35
2616,C-02,2026-08-16 18:00:00,1,3,384,2026-09-04 02:30:35
2617,C-02,2026-08-16 18:00:00,2,1,682,2026-09-04 02:30:35
2618,C-02,2026-08-16 18:00:00,2,2,611,2026-09-04 02:30:35
2619,C-02,2026-08-16 18:00:00,2,3,409,2026-09-04 02:30:35
2620,C-02,2026-08-16 19:00:00,1,1,692,2026-09-04 02:30:35
2621,C-02,2026-08-16 19:00:00,1,2,597,2026-09-04 02:30:35
2622,C-02,2026-08-16 19:00:00,1,3,304,2026-09-04 02:30:35
2623,C-02,2026-08-16 19:00:00,2,1,580,2026-09-04 02:30:35
2624,C-02,2026-08-16 19:00:00,2,2,461,2026-09-04 02:30:35
2625,C-02,2026-08-16 19:00:00,2,3,260,2026-09-04 02:30:35
2626,C-02,2026-08-16 20:00:00,1,1,637,2026-09-04 02:30:35
2627,C-02,2026-08-16 20:00:00,1,2,533,2026-09-04 02:30:35
2628,C-02,2026-08-16 20:00:00,1,3,305,2026-09-04 02:30:35
2629,C-02,2026-08-16 20:00:00,2,1,692,2026-09-04 02:30:35
2630,C-02,2026-08-16 20:00:00,2,2,529,2026-09-04 02:30:35
2631,C-02,2026-08-16 20:00:00,2,3,290,2026-09-04 02:30:35
2632,C-02,2026-08-16 21:00:00,1,1,667,2026-09-04 02:30:35
2633,C-02,2026-08-16 21:00:00,1,2,551,2026-09-04 02:30:35
2634,C-02,2026-08-16 21:00:00,1,3,289,2026-09-04 02:30:35
2635,C-02,2026-08-16 21:00:00,2,1,716,2026-09-04 02:30:35
2636,C-02,2026-08-16 21:00:00,2,2,488,2026-09-04 02:30:35
2637,C-02,2026-08-16 21:00:00,2,3,238,2026-09-04 02:30:35
2638,C-02,2026-08-16 22:00:00,1,1,586,2026-09-04 02:30:36
2639,C-02,2026-08-16 22:00:00,1,2,469,2026-09-04 02:30:36
2640,C-02,2026-08-16 22:00:00,1,3,166,2026-09-04 02:30:36
2641,C-02,2026-08-16 22:00:00,2,1,552,2026-09-04 02:30:36
2642,C-02,2026-08-16 22:00:00,2,2,372,2026-09-04 02:30:36
2643,C-02,2026-08-16 22:00:00,2,3,189,2026-09-04 02:30:36
2644,C-02,2026-08-16 23:00:00,1,1,445,2026-09-04 02:30:36
2645,C-02,2026-08-16 23:00:00,1,2,367,2026-09-04 02:30:36
2646,C-02,2026-08-16 23:00:00,1,3,93,2026-09-04 02:30:36
2647,C-02,2026-08-16 23:00:00,2,1,337,2026-09-04 02:30:36
2648,C-02,2026-08-16 23:00:00,2,2,262,2026-09-04 02:30:36
2649,C-02,2026-08-16 23:00:00,2,3,87,2026-09-04 02:30:36
2374,C-02,2026-08-17 01:00:00,1,1,186,2026-09-04 02:30:28
2375,C-02,2026-08-17 01:00:00,1,2,195,2026-09-04 02:30:28
2376,C-02,2026-08-17 01:00:00,1,3,21,2026-09-04 02:30:28
2377,C-02,2026-08-17 01:00:00,2,1,125,2026-09-04 02:30:28
2378,C-02,2026-08-17 01:00:00,2,2,114,2026-09-04 02:30:28
2379,C-02,2026-08-17 01:00:00,2,3,42,2026-09-04 02:30:28
2380,C-02,2026-08-17 02:00:00,1,1,144,2026-09-04 02:30:28
2381,C-02,2026-08-17 02:00:00,1,2,151,2026-09-04 02:30:28
2382,C-02,2026-08-17 02:00:00,1,3,28,2026-09-04 02:30:28
2383,C-02,2026-08-17 02:00:00,2,1,129,2026-09-04 02:30:28
2384,C-02,2026-08-17 02:00:00,2,2,105,2026-09-04 02:30:28
2385,C-02,2026-08-17 02:00:00,2,3,34,2026-09-04 02:30:28
2386,C-02,2026-08-17 03:00:00,1,1,108,2026-09-04 02:30:28
2387,C-02,2026-08-17 03:00:00,1,2,145,2026-09-04 02:30:28
2388,C-02,2026-08-17 03:00:00,1,3,29,2026-09-04 02:30:28
2389,C-02,2026-08-17 03:00:00,2,1,110,2026-09-04 02:30:28
2390,C-02,2026-08-17 03:00:00,2,2,83,2026-09-04 02:30:28
2391,C-02,2026-08-17 03:00:00,2,3,27,2026-09-04 02:30:28
2392,C-02,2026-08-17 04:00:00,1,1,140,2026-09-04 02:30:28
2393,C-02,2026-08-17 04:00:00,1,2,165,2026-09-04 02:30:28
2394,C-02,2026-08-17 04:00:00,1,3,32,2026-09-04 02:30:28
2395,C-02,2026-08-17 04:00:00,2,1,162,2026-09-04 02:30:28
2396,C-02,2026-08-17 04:00:00,2,2,96,2026-09-04 02:30:28
2397,C-02,2026-08-17 04:00:00,2,3,44,2026-09-04 02:30:28
2398,C-02,2026-08-17 05:00:00,1,1,277,2026-09-04 02:30:28
2399,C-02,2026-08-17 05:00:00,1,2,245,2026-09-04 02:30:28
2400,C-02,2026-08-17 05:00:00,1,3,76,2026-09-04 02:30:28
2401,C-02,2026-08-17 05:00:00,2,1,360,2026-09-04 02:30:28
2402,C-02,2026-08-17 05:00:00,2,2,183,2026-09-04 02:30:28
2403,C-02,2026-08-17 05:00:00,2,3,89,2026-09-04 02:30:29
2404,C-02,2026-08-17 06:00:00,1,1,295,2026-09-04 02:30:29
2405,C-02,2026-08-17 06:00:00,1,2,304,2026-09-04 02:30:29
2406,C-02,2026-08-17 06:00:00,1,3,124,2026-09-04 02:30:29
2407,C-02,2026-08-17 06:00:00,2,1,400,2026-09-04 02:30:29
2408,C-02,2026-08-17 06:00:00,2,2,245,2026-09-04 02:30:29
2409,C-02,2026-08-17 06:00:00,2,3,149,2026-09-04 02:30:29
2410,C-02,2026-08-17 07:00:00,1,1,320,2026-09-04 02:30:29
2411,C-02,2026-08-17 07:00:00,1,2,322,2026-09-04 02:30:29
2412,C-02,2026-08-17 07:00:00,1,3,131,2026-09-04 02:30:29
2413,C-02,2026-08-17 07:00:00,2,1,429,2026-09-04 02:30:29
2414,C-02,2026-08-17 07:00:00,2,2,239,2026-09-04 02:30:29
2415,C-02,2026-08-17 07:00:00,2,3,153,2026-09-04 02:30:29
2416,C-02,2026-08-17 08:00:00,1,1,394,2026-09-04 02:30:29
2417,C-02,2026-08-17 08:00:00,1,2,389,2026-09-04 02:30:29
2418,C-02,2026-08-17 08:00:00,1,3,178,2026-09-04 02:30:29
2419,C-02,2026-08-17 08:00:00,2,1,507,2026-09-04 02:30:29
2420,C-02,2026-08-17 08:00:00,2,2,360,2026-09-04 02:30:29
2421,C-02,2026-08-17 08:00:00,2,3,214,2026-09-04 02:30:29
2422,C-02,2026-08-17 09:00:00,1,1,551,2026-09-04 02:30:29
2423,C-02,2026-08-17 09:00:00,1,2,521,2026-09-04 02:30:29
2424,C-02,2026-08-17 09:00:00,1,3,237,2026-09-04 02:30:29
2425,C-02,2026-08-17 09:00:00,2,1,624,2026-09-04 02:30:29
2426,C-02,2026-08-17 09:00:00,2,2,425,2026-09-04 02:30:29
2427,C-02,2026-08-17 09:00:00,2,3,319,2026-09-04 02:30:29
2428,C-02,2026-08-17 10:00:00,1,1,758,2026-09-04 02:30:29
2429,C-02,2026-08-17 10:00:00,1,2,673,2026-09-04 02:30:29
2430,C-02,2026-08-17 10:00:00,1,3,302,2026-09-04 02:30:29
2431,C-02,2026-08-17 10:00:00,2,1,757,2026-09-04 02:30:29
2432,C-02,2026-08-17 10:00:00,2,2,516,2026-09-04 02:30:29
2433,C-02,2026-08-17 10:00:00,2,3,411,2026-09-04 02:30:29
2434,C-02,2026-08-17 11:00:00,1,1,874,2026-09-04 02:30:29
2435,C-02,2026-08-17 11:00:00,1,2,858,2026-09-04 02:30:29
2436,C-02,2026-08-17 11:00:00,1,3,347,2026-09-04 02:30:29
2437,C-02,2026-08-17 11:00:00,2,1,707,2026-09-04 02:30:29
2438,C-02,2026-08-17 11:00:00,2,2,539,2026-09-04 02:30:29
2439,C-02,2026-08-17 11:00:00,2,3,467,2026-09-04 02:30:29
2440,C-02,2026-08-17 12:00:00,1,1,834,2026-09-04 02:30:30
2441,C-02,2026-08-17 12:00:00,1,2,796,2026-09-04 02:30:30
2442,C-02,2026-08-17 12:00:00,1,3,520,2026-09-04 02:30:30
2443,C-02,2026-08-17 12:00:00,2,1,667,2026-09-04 02:30:30
2444,C-02,2026-08-17 12:00:00,2,2,596,2026-09-04 02:30:30
2445,C-02,2026-08-17 12:00:00,2,3,372,2026-09-04 02:30:30
2446,C-02,2026-08-17 13:00:00,1,1,735,2026-09-04 02:30:30
2447,C-02,2026-08-17 13:00:00,1,2,675,2026-09-04 02:30:30
2448,C-02,2026-08-17 13:00:00,1,3,343,2026-09-04 02:30:30
2449,C-02,2026-08-17 13:00:00,2,1,736,2026-09-04 02:30:30
2450,C-02,2026-08-17 13:00:00,2,2,622,2026-09-04 02:30:30
2451,C-02,2026-08-17 13:00:00,2,3,468,2026-09-04 02:30:30
2452,C-02,2026-08-17 14:00:00,1,1,788,2026-09-04 02:30:30
2453,C-02,2026-08-17 14:00:00,1,2,656,2026-09-04 02:30:30
2454,C-02,2026-08-17 14:00:00,1,3,423,2026-09-04 02:30:30
2455,C-02,2026-08-17 14:00:00,2,1,628,2026-09-04 02:30:30
2456,C-02,2026-08-17 14:00:00,2,2,663,2026-09-04 02:30:30
2457,C-02,2026-08-17 14:00:00,2,3,491,2026-09-04 02:30:30
2458,C-02,2026-08-17 15:00:00,1,1,843,2026-09-04 02:30:30
2459,C-02,2026-08-17 15:00:00,1,2,709,2026-09-04 02:30:30
2460,C-02,2026-08-17 15:00:00,1,3,377,2026-09-04 02:30:30
2461,C-02,2026-08-17 15:00:00,2,1,594,2026-09-04 02:30:30
2462,C-02,2026-08-17 15:00:00,2,2,620,2026-09-04 02:30:30
2463,C-02,2026-08-17 15:00:00,2,3,468,2026-09-04 02:30:30
2464,C-02,2026-08-17 16:00:00,1,1,867,2026-09-04 02:30:30
2465,C-02,2026-08-17 16:00:00,1,2,668,2026-09-04 02:30:30
2466,C-02,2026-08-17 16:00:00,1,3,331,2026-09-04 02:30:30
2467,C-02,2026-08-17 16:00:00,2,1,691,2026-09-04 02:30:30
2468,C-02,2026-08-17 16:00:00,2,2,773,2026-09-04 02:30:30
2469,C-02,2026-08-17 16:00:00,2,3,636,2026-09-04 02:30:30
2470,C-02,2026-08-17 17:00:00,1,1,838,2026-09-04 02:30:30
2471,C-02,2026-08-17 17:00:00,1,2,690,2026-09-04 02:30:30
2472,C-02,2026-08-17 17:00:00,1,3,359,2026-09-04 02:30:30
2473,C-02,2026-08-17 17:00:00,2,1,754,2026-09-04 02:30:30
2474,C-02,2026-08-17 17:00:00,2,2,705,2026-09-04 02:30:30
2475,C-02,2026-08-17 17:00:00,2,3,571,2026-09-04 02:30:30
2476,C-02,2026-08-17 18:00:00,1,1,698,2026-09-04 02:30:31
2477,C-02,2026-08-17 18:00:00,1,2,614,2026-09-04 02:30:31
2478,C-02,2026-08-17 18:00:00,1,3,193,2026-09-04 02:30:31
2479,C-02,2026-08-17 18:00:00,2,1,623,2026-09-04 02:30:31
2480,C-02,2026-08-17 18:00:00,2,2,493,2026-09-04 02:30:31
2481,C-02,2026-08-17 18:00:00,2,3,317,2026-09-04 02:30:31
2482,C-02,2026-08-17 19:00:00,1,1,672,2026-09-04 02:30:31
2483,C-02,2026-08-17 19:00:00,1,2,503,2026-09-04 02:30:31
2484,C-02,2026-08-17 19:00:00,1,3,202,2026-09-04 02:30:31
2485,C-02,2026-08-17 19:00:00,2,1,595,2026-09-04 02:30:31
2486,C-02,2026-08-17 19:00:00,2,2,446,2026-09-04 02:30:31
2487,C-02,2026-08-17 19:00:00,2,3,258,2026-09-04 02:30:31
2488,C-02,2026-08-17 20:00:00,1,1,695,2026-09-04 02:30:31
2489,C-02,2026-08-17 20:00:00,1,2,535,2026-09-04 02:30:31
2490,C-02,2026-08-17 20:00:00,1,3,197,2026-09-04 02:30:31
2491,C-02,2026-08-17 20:00:00,2,1,772,2026-09-04 02:30:31
2492,C-02,2026-08-17 20:00:00,2,2,494,2026-09-04 02:30:31
2493,C-02,2026-08-17 20:00:00,2,3,225,2026-09-04 02:30:31
2494,C-02,2026-08-17 21:00:00,1,1,558,2026-09-04 02:30:31
2495,C-02,2026-08-17 21:00:00,1,2,501,2026-09-04 02:30:31
2496,C-02,2026-08-17 21:00:00,1,3,190,2026-09-04 02:30:31
2497,C-02,2026-08-17 21:00:00,2,1,678,2026-09-04 02:30:31
2498,C-02,2026-08-17 21:00:00,2,2,450,2026-09-04 02:30:31
2499,C-02,2026-08-17 21:00:00,2,3,198,2026-09-04 02:30:31
2500,C-02,2026-08-17 22:00:00,1,1,508,2026-09-04 02:30:31
2501,C-02,2026-08-17 22:00:00,1,2,468,2026-09-04 02:30:31
2502,C-02,2026-08-17 22:00:00,1,3,123,2026-09-04 02:30:31
2503,C-02,2026-08-17 22:00:00,2,1,478,2026-09-04 02:30:31
2504,C-02,2026-08-17 22:00:00,2,2,318,2026-09-04 02:30:31
2505,C-02,2026-08-17 22:00:00,2,3,141,2026-09-04 02:30:31
2506,C-02,2026-08-17 23:00:00,1,1,349,2026-09-04 02:30:32
2507,C-02,2026-08-17 23:00:00,1,2,295,2026-09-04 02:30:32
2508,C-02,2026-08-17 23:00:00,1,3,75,2026-09-04 02:30:32
2509,C-02,2026-08-17 23:00:00,2,1,324,2026-09-04 02:30:32
2510,C-02,2026-08-17 23:00:00,2,2,221,2026-09-04 02:30:32
2511,C-02,2026-08-17 23:00:00,2,3,74,2026-09-04 02:30:32
2236,C-02,2026-08-18 01:00:00,1,1,132,2026-09-04 02:30:24
2237,C-02,2026-08-18 01:00:00,1,2,158,2026-09-04 02:30:24
2238,C-02,2026-08-18 01:00:00,1,3,19,2026-09-04 02:30:24
2239,C-02,2026-08-18 01:00:00,2,1,134,2026-09-04 02:30:24
2240,C-02,2026-08-18 01:00:00,2,2,116,2026-09-04 02:30:24
2241,C-02,2026-08-18 01:00:00,2,3,38,2026-09-04 02:30:24
2242,C-02,2026-08-18 02:00:00,1,1,83,2026-09-04 02:30:24
2243,C-02,2026-08-18 02:00:00,1,2,110,2026-09-04 02:30:24
2244,C-02,2026-08-18 02:00:00,1,3,12,2026-09-04 02:30:24
2245,C-02,2026-08-18 02:00:00,2,1,109,2026-09-04 02:30:24
2246,C-02,2026-08-18 02:00:00,2,2,70,2026-09-04 02:30:24
2247,C-02,2026-08-18 02:00:00,2,3,21,2026-09-04 02:30:24
2248,C-02,2026-08-18 03:00:00,1,1,97,2026-09-04 02:30:24
2249,C-02,2026-08-18 03:00:00,1,2,111,2026-09-04 02:30:24
2250,C-02,2026-08-18 03:00:00,1,3,24,2026-09-04 02:30:24
2251,C-02,2026-08-18 03:00:00,2,1,114,2026-09-04 02:30:24
2252,C-02,2026-08-18 03:00:00,2,2,85,2026-09-04 02:30:24
2253,C-02,2026-08-18 03:00:00,2,3,27,2026-09-04 02:30:24
2254,C-02,2026-08-18 04:00:00,1,1,140,2026-09-04 02:30:24
2255,C-02,2026-08-18 04:00:00,1,2,164,2026-09-04 02:30:24
2256,C-02,2026-08-18 04:00:00,1,3,40,2026-09-04 02:30:24
2257,C-02,2026-08-18 04:00:00,2,1,263,2026-09-04 02:30:24
2258,C-02,2026-08-18 04:00:00,2,2,114,2026-09-04 02:30:24
2259,C-02,2026-08-18 04:00:00,2,3,48,2026-09-04 02:30:24
2260,C-02,2026-08-18 05:00:00,1,1,363,2026-09-04 02:30:24
2261,C-02,2026-08-18 05:00:00,1,2,329,2026-09-04 02:30:24
2262,C-02,2026-08-18 05:00:00,1,3,138,2026-09-04 02:30:24
2263,C-02,2026-08-18 05:00:00,2,1,797,2026-09-04 02:30:24
2264,C-02,2026-08-18 05:00:00,2,2,256,2026-09-04 02:30:24
2265,C-02,2026-08-18 05:00:00,2,3,145,2026-09-04 02:30:24
2266,C-02,2026-08-18 06:00:00,1,1,674,2026-09-04 02:30:25
2267,C-02,2026-08-18 06:00:00,1,2,567,2026-09-04 02:30:25
2268,C-02,2026-08-18 06:00:00,1,3,497,2026-09-04 02:30:25
2269,C-02,2026-08-18 06:00:00,2,1,1119,2026-09-04 02:30:25
2270,C-02,2026-08-18 06:00:00,2,2,613,2026-09-04 02:30:25
2271,C-02,2026-08-18 06:00:00,2,3,693,2026-09-04 02:30:25
2272,C-02,2026-08-18 07:00:00,1,1,969,2026-09-04 02:30:25
2273,C-02,2026-08-18 07:00:00,1,2,849,2026-09-04 02:30:25
2274,C-02,2026-08-18 07:00:00,1,3,599,2026-09-04 02:30:25
2275,C-02,2026-08-18 07:00:00,2,1,931,2026-09-04 02:30:25
2276,C-02,2026-08-18 07:00:00,2,2,846,2026-09-04 02:30:25
2277,C-02,2026-08-18 07:00:00,2,3,1095,2026-09-04 02:30:25
2278,C-02,2026-08-18 08:00:00,1,1,1155,2026-09-04 02:30:25
2279,C-02,2026-08-18 08:00:00,1,2,912,2026-09-04 02:30:25
2280,C-02,2026-08-18 08:00:00,1,3,553,2026-09-04 02:30:25
2281,C-02,2026-08-18 08:00:00,2,1,1058,2026-09-04 02:30:25
2282,C-02,2026-08-18 08:00:00,2,2,978,2026-09-04 02:30:25
2283,C-02,2026-08-18 08:00:00,2,3,981,2026-09-04 02:30:25
2284,C-02,2026-08-18 09:00:00,1,1,1048,2026-09-04 02:30:25
2285,C-02,2026-08-18 09:00:00,1,2,885,2026-09-04 02:30:25
2286,C-02,2026-08-18 09:00:00,1,3,605,2026-09-04 02:30:25
2287,C-02,2026-08-18 09:00:00,2,1,1024,2026-09-04 02:30:25
2288,C-02,2026-08-18 09:00:00,2,2,773,2026-09-04 02:30:25
2289,C-02,2026-08-18 09:00:00,2,3,735,2026-09-04 02:30:25
2290,C-02,2026-08-18 10:00:00,1,1,762,2026-09-04 02:30:25
2291,C-02,2026-08-18 10:00:00,1,2,760,2026-09-04 02:30:25
2292,C-02,2026-08-18 10:00:00,1,3,306,2026-09-04 02:30:25
2293,C-02,2026-08-18 10:00:00,2,1,827,2026-09-04 02:30:25
2294,C-02,2026-08-18 10:00:00,2,2,787,2026-09-04 02:30:25
2295,C-02,2026-08-18 10:00:00,2,3,675,2026-09-04 02:30:25
2296,C-02,2026-08-18 11:00:00,1,1,908,2026-09-04 02:30:25
2297,C-02,2026-08-18 11:00:00,1,2,870,2026-09-04 02:30:25
2298,C-02,2026-08-18 11:00:00,1,3,493,2026-09-04 02:30:25
2299,C-02,2026-08-18 11:00:00,2,1,642,2026-09-04 02:30:26
2300,C-02,2026-08-18 11:00:00,2,2,682,2026-09-04 02:30:26
2301,C-02,2026-08-18 11:00:00,2,3,449,2026-09-04 02:30:26
2302,C-02,2026-08-18 12:00:00,1,1,754,2026-09-04 02:30:26
2303,C-02,2026-08-18 12:00:00,1,2,719,2026-09-04 02:30:26
2304,C-02,2026-08-18 12:00:00,1,3,431,2026-09-04 02:30:26
2305,C-02,2026-08-18 12:00:00,2,1,773,2026-09-04 02:30:26
2306,C-02,2026-08-18 12:00:00,2,2,643,2026-09-04 02:30:26
2307,C-02,2026-08-18 12:00:00,2,3,416,2026-09-04 02:30:26
2308,C-02,2026-08-18 13:00:00,1,1,899,2026-09-04 02:30:26
2309,C-02,2026-08-18 13:00:00,1,2,779,2026-09-04 02:30:26
2310,C-02,2026-08-18 13:00:00,1,3,512,2026-09-04 02:30:26
2311,C-02,2026-08-18 13:00:00,2,1,678,2026-09-04 02:30:26
2312,C-02,2026-08-18 13:00:00,2,2,672,2026-09-04 02:30:26
2313,C-02,2026-08-18 13:00:00,2,3,546,2026-09-04 02:30:26
2314,C-02,2026-08-18 14:00:00,1,1,847,2026-09-04 02:30:26
2315,C-02,2026-08-18 14:00:00,1,2,754,2026-09-04 02:30:26
2316,C-02,2026-08-18 14:00:00,1,3,486,2026-09-04 02:30:26
2317,C-02,2026-08-18 14:00:00,2,1,655,2026-09-04 02:30:26
2318,C-02,2026-08-18 14:00:00,2,2,662,2026-09-04 02:30:26
2319,C-02,2026-08-18 14:00:00,2,3,486,2026-09-04 02:30:26
2320,C-02,2026-08-18 15:00:00,1,1,967,2026-09-04 02:30:26
2321,C-02,2026-08-18 15:00:00,1,2,879,2026-09-04 02:30:26
2322,C-02,2026-08-18 15:00:00,1,3,421,2026-09-04 02:30:26
2323,C-02,2026-08-18 15:00:00,2,1,794,2026-09-04 02:30:26
2324,C-02,2026-08-18 15:00:00,2,2,781,2026-09-04 02:30:26
2325,C-02,2026-08-18 15:00:00,2,3,583,2026-09-04 02:30:26
2326,C-02,2026-08-18 16:00:00,1,1,1212,2026-09-04 02:30:26
2327,C-02,2026-08-18 16:00:00,1,2,1054,2026-09-04 02:30:26
2328,C-02,2026-08-18 16:00:00,1,3,536,2026-09-04 02:30:26
2329,C-02,2026-08-18 16:00:00,2,1,724,2026-09-04 02:30:26
2330,C-02,2026-08-18 16:00:00,2,2,888,2026-09-04 02:30:26
2331,C-02,2026-08-18 16:00:00,2,3,674,2026-09-04 02:30:26
2332,C-02,2026-08-18 17:00:00,1,1,1181,2026-09-04 02:30:26
2333,C-02,2026-08-18 17:00:00,1,2,1111,2026-09-04 02:30:26
2334,C-02,2026-08-18 17:00:00,1,3,545,2026-09-04 02:30:26
2335,C-02,2026-08-18 17:00:00,2,1,804,2026-09-04 02:30:26
2336,C-02,2026-08-18 17:00:00,2,2,919,2026-09-04 02:30:26
2337,C-02,2026-08-18 17:00:00,2,3,728,2026-09-04 02:30:26
2338,C-02,2026-08-18 18:00:00,1,1,1257,2026-09-04 02:30:27
2339,C-02,2026-08-18 18:00:00,1,2,1115,2026-09-04 02:30:27
2340,C-02,2026-08-18 18:00:00,1,3,659,2026-09-04 02:30:27
2341,C-02,2026-08-18 18:00:00,2,1,800,2026-09-04 02:30:27
2342,C-02,2026-08-18 18:00:00,2,2,875,2026-09-04 02:30:27
2343,C-02,2026-08-18 18:00:00,2,3,691,2026-09-04 02:30:27
2344,C-02,2026-08-18 19:00:00,1,1,1179,2026-09-04 02:30:27
2345,C-02,2026-08-18 19:00:00,1,2,1010,2026-09-04 02:30:27
2346,C-02,2026-08-18 19:00:00,1,3,560,2026-09-04 02:30:27
2347,C-02,2026-08-18 19:00:00,2,1,723,2026-09-04 02:30:27
2348,C-02,2026-08-18 19:00:00,2,2,613,2026-09-04 02:30:27
2349,C-02,2026-08-18 19:00:00,2,3,412,2026-09-04 02:30:27
2350,C-02,2026-08-18 20:00:00,1,1,894,2026-09-04 02:30:27
2351,C-02,2026-08-18 20:00:00,1,2,821,2026-09-04 02:30:27
2352,C-02,2026-08-18 20:00:00,1,3,327,2026-09-04 02:30:27
2353,C-02,2026-08-18 20:00:00,2,1,779,2026-09-04 02:30:27
2354,C-02,2026-08-18 20:00:00,2,2,548,2026-09-04 02:30:27
2355,C-02,2026-08-18 20:00:00,2,3,268,2026-09-04 02:30:27
2356,C-02,2026-08-18 21:00:00,1,1,663,2026-09-04 02:30:27
2357,C-02,2026-08-18 21:00:00,1,2,654,2026-09-04 02:30:27
2358,C-02,2026-08-18 21:00:00,1,3,237,2026-09-04 02:30:27
2359,C-02,2026-08-18 21:00:00,2,1,577,2026-09-04 02:30:27
2360,C-02,2026-08-18 21:00:00,2,2,421,2026-09-04 02:30:27
2361,C-02,2026-08-18 21:00:00,2,3,201,2026-09-04 02:30:27
2362,C-02,2026-08-18 22:00:00,1,1,658,2026-09-04 02:30:27
2363,C-02,2026-08-18 22:00:00,1,2,627,2026-09-04 02:30:27
2364,C-02,2026-08-18 22:00:00,1,3,180,2026-09-04 02:30:27
2365,C-02,2026-08-18 22:00:00,2,1,559,2026-09-04 02:30:27
2366,C-02,2026-08-18 22:00:00,2,2,386,2026-09-04 02:30:27
2367,C-02,2026-08-18 22:00:00,2,3,150,2026-09-04 02:30:27
2368,C-02,2026-08-18 23:00:00,1,1,456,2026-09-04 02:30:27
2369,C-02,2026-08-18 23:00:00,1,2,396,2026-09-04 02:30:27
2370,C-02,2026-08-18 23:00:00,1,3,110,2026-09-04 02:30:27
2371,C-02,2026-08-18 23:00:00,2,1,342,2026-09-04 02:30:27
2372,C-02,2026-08-18 23:00:00,2,2,234,2026-09-04 02:30:27
2373,C-02,2026-08-18 23:00:00,2,3,99,2026-09-04 02:30:27
2098,C-02,2026-08-19 01:00:00,1,1,210,2026-09-04 02:30:18
2099,C-02,2026-08-19 01:00:00,1,2,217,2026-09-04 02:30:18
2100,C-02,2026-08-19 01:00:00,1,3,40,2026-09-04 02:30:18
2101,C-02,2026-08-19 01:00:00,2,1,143,2026-09-04 02:30:18
2102,C-02,2026-08-19 01:00:00,2,2,143,2026-09-04 02:30:18
2103,C-02,2026-08-19 01:00:00,2,3,53,2026-09-04 02:30:18
2104,C-02,2026-08-19 02:00:00,1,1,141,2026-09-04 02:30:18
2105,C-02,2026-08-19 02:00:00,1,2,153,2026-09-04 02:30:18
2106,C-02,2026-08-19 02:00:00,1,3,19,2026-09-04 02:30:18
2107,C-02,2026-08-19 02:00:00,2,1,107,2026-09-04 02:30:18
2108,C-02,2026-08-19 02:00:00,2,2,98,2026-09-04 02:30:18
2109,C-02,2026-08-19 02:00:00,2,3,27,2026-09-04 02:30:18
2110,C-02,2026-08-19 03:00:00,1,1,103,2026-09-04 02:30:18
2111,C-02,2026-08-19 03:00:00,1,2,131,2026-09-04 02:30:18
2112,C-02,2026-08-19 03:00:00,1,3,25,2026-09-04 02:30:18
2113,C-02,2026-08-19 03:00:00,2,1,150,2026-09-04 02:30:18
2114,C-02,2026-08-19 03:00:00,2,2,88,2026-09-04 02:30:18
2115,C-02,2026-08-19 03:00:00,2,3,32,2026-09-04 02:30:18
2116,C-02,2026-08-19 04:00:00,1,1,163,2026-09-04 02:30:18
2117,C-02,2026-08-19 04:00:00,1,2,187,2026-09-04 02:30:18
2118,C-02,2026-08-19 04:00:00,1,3,30,2026-09-04 02:30:18
2119,C-02,2026-08-19 04:00:00,2,1,248,2026-09-04 02:30:18
2120,C-02,2026-08-19 04:00:00,2,2,105,2026-09-04 02:30:18
2121,C-02,2026-08-19 04:00:00,2,3,40,2026-09-04 02:30:18
2122,C-02,2026-08-19 05:00:00,1,1,346,2026-09-04 02:30:19
2123,C-02,2026-08-19 05:00:00,1,2,312,2026-09-04 02:30:19
2124,C-02,2026-08-19 05:00:00,1,3,128,2026-09-04 02:30:19
2125,C-02,2026-08-19 05:00:00,2,1,699,2026-09-04 02:30:19
2126,C-02,2026-08-19 05:00:00,2,2,250,2026-09-04 02:30:19
2127,C-02,2026-08-19 05:00:00,2,3,116,2026-09-04 02:30:19
2128,C-02,2026-08-19 06:00:00,1,1,645,2026-09-04 02:30:19
2129,C-02,2026-08-19 06:00:00,1,2,570,2026-09-04 02:30:19
2130,C-02,2026-08-19 06:00:00,1,3,461,2026-09-04 02:30:19
2131,C-02,2026-08-19 06:00:00,2,1,1102,2026-09-04 02:30:19
2132,C-02,2026-08-19 06:00:00,2,2,570,2026-09-04 02:30:19
2133,C-02,2026-08-19 06:00:00,2,3,535,2026-09-04 02:30:19
2134,C-02,2026-08-19 07:00:00,1,1,1013,2026-09-04 02:30:19
2135,C-02,2026-08-19 07:00:00,1,2,855,2026-09-04 02:30:19
2136,C-02,2026-08-19 07:00:00,1,3,553,2026-09-04 02:30:19
2137,C-02,2026-08-19 07:00:00,2,1,1102,2026-09-04 02:30:19
2138,C-02,2026-08-19 07:00:00,2,2,893,2026-09-04 02:30:19
2139,C-02,2026-08-19 07:00:00,2,3,988,2026-09-04 02:30:19
2140,C-02,2026-08-19 08:00:00,1,1,1109,2026-09-04 02:30:19
2141,C-02,2026-08-19 08:00:00,1,2,901,2026-09-04 02:30:19
2142,C-02,2026-08-19 08:00:00,1,3,545,2026-09-04 02:30:19
2143,C-02,2026-08-19 08:00:00,2,1,979,2026-09-04 02:30:19
2144,C-02,2026-08-19 08:00:00,2,2,978,2026-09-04 02:30:19
2145,C-02,2026-08-19 08:00:00,2,3,1112,2026-09-04 02:30:19
2146,C-02,2026-08-19 09:00:00,1,1,1026,2026-09-04 02:30:19
2147,C-02,2026-08-19 09:00:00,1,2,925,2026-09-04 02:30:19
2148,C-02,2026-08-19 09:00:00,1,3,614,2026-09-04 02:30:19
2149,C-02,2026-08-19 09:00:00,2,1,980,2026-09-04 02:30:19
2150,C-02,2026-08-19 09:00:00,2,2,839,2026-09-04 02:30:19
2151,C-02,2026-08-19 09:00:00,2,3,901,2026-09-04 02:30:19
2152,C-02,2026-08-19 10:00:00,1,1,872,2026-09-04 02:30:19
2153,C-02,2026-08-19 10:00:00,1,2,816,2026-09-04 02:30:19
2154,C-02,2026-08-19 10:00:00,1,3,505,2026-09-04 02:30:19
2155,C-02,2026-08-19 10:00:00,2,1,744,2026-09-04 02:30:19
2156,C-02,2026-08-19 10:00:00,2,2,838,2026-09-04 02:30:19
2157,C-02,2026-08-19 10:00:00,2,3,761,2026-09-04 02:30:19
2158,C-02,2026-08-19 11:00:00,1,1,868,2026-09-04 02:30:20
2159,C-02,2026-08-19 11:00:00,1,2,825,2026-09-04 02:30:20
2160,C-02,2026-08-19 11:00:00,1,3,452,2026-09-04 02:30:20
2161,C-02,2026-08-19 11:00:00,2,1,604,2026-09-04 02:30:20
2162,C-02,2026-08-19 11:00:00,2,2,698,2026-09-04 02:30:20
2163,C-02,2026-08-19 11:00:00,2,3,498,2026-09-04 02:30:20
2164,C-02,2026-08-19 12:00:00,1,1,788,2026-09-04 02:30:20
2165,C-02,2026-08-19 12:00:00,1,2,742,2026-09-04 02:30:20
2166,C-02,2026-08-19 12:00:00,1,3,360,2026-09-04 02:30:20
2167,C-02,2026-08-19 12:00:00,2,1,652,2026-09-04 02:30:20
2168,C-02,2026-08-19 12:00:00,2,2,619,2026-09-04 02:30:20
2169,C-02,2026-08-19 12:00:00,2,3,454,2026-09-04 02:30:20
2170,C-02,2026-08-19 13:00:00,1,1,914,2026-09-04 02:30:20
2171,C-02,2026-08-19 13:00:00,1,2,866,2026-09-04 02:30:20
2172,C-02,2026-08-19 13:00:00,1,3,532,2026-09-04 02:30:20
2173,C-02,2026-08-19 13:00:00,2,1,569,2026-09-04 02:30:20
2174,C-02,2026-08-19 13:00:00,2,2,648,2026-09-04 02:30:20
2175,C-02,2026-08-19 13:00:00,2,3,466,2026-09-04 02:30:20
2176,C-02,2026-08-19 14:00:00,1,1,886,2026-09-04 02:30:21
2177,C-02,2026-08-19 14:00:00,1,2,834,2026-09-04 02:30:21
2178,C-02,2026-08-19 14:00:00,1,3,508,2026-09-04 02:30:21
2179,C-02,2026-08-19 14:00:00,2,1,631,2026-09-04 02:30:21
2180,C-02,2026-08-19 14:00:00,2,2,689,2026-09-04 02:30:21
2181,C-02,2026-08-19 14:00:00,2,3,502,2026-09-04 02:30:21
2182,C-02,2026-08-19 15:00:00,1,1,997,2026-09-04 02:30:21
2183,C-02,2026-08-19 15:00:00,1,2,928,2026-09-04 02:30:21
2184,C-02,2026-08-19 15:00:00,1,3,403,2026-09-04 02:30:21
2185,C-02,2026-08-19 15:00:00,2,1,757,2026-09-04 02:30:21
2186,C-02,2026-08-19 15:00:00,2,2,758,2026-09-04 02:30:21
2187,C-02,2026-08-19 15:00:00,2,3,532,2026-09-04 02:30:21
2188,C-02,2026-08-19 16:00:00,1,1,1181,2026-09-04 02:30:21
2189,C-02,2026-08-19 16:00:00,1,2,1038,2026-09-04 02:30:21
2190,C-02,2026-08-19 16:00:00,1,3,519,2026-09-04 02:30:21
2191,C-02,2026-08-19 16:00:00,2,1,803,2026-09-04 02:30:21
2192,C-02,2026-08-19 16:00:00,2,2,894,2026-09-04 02:30:21
2193,C-02,2026-08-19 16:00:00,2,3,746,2026-09-04 02:30:21
2194,C-02,2026-08-19 17:00:00,1,1,1210,2026-09-04 02:30:21
2195,C-02,2026-08-19 17:00:00,1,2,1118,2026-09-04 02:30:21
2196,C-02,2026-08-19 17:00:00,1,3,521,2026-09-04 02:30:21
2197,C-02,2026-08-19 17:00:00,2,1,638,2026-09-04 02:30:21
2198,C-02,2026-08-19 17:00:00,2,2,943,2026-09-04 02:30:21
2199,C-02,2026-08-19 17:00:00,2,3,860,2026-09-04 02:30:22
2200,C-02,2026-08-19 18:00:00,1,1,1210,2026-09-04 02:30:22
2201,C-02,2026-08-19 18:00:00,1,2,1109,2026-09-04 02:30:22
2202,C-02,2026-08-19 18:00:00,1,3,544,2026-09-04 02:30:22
2203,C-02,2026-08-19 18:00:00,2,1,744,2026-09-04 02:30:22
2204,C-02,2026-08-19 18:00:00,2,2,872,2026-09-04 02:30:22
2205,C-02,2026-08-19 18:00:00,2,3,684,2026-09-04 02:30:22
2206,C-02,2026-08-19 19:00:00,1,1,1072,2026-09-04 02:30:22
2207,C-02,2026-08-19 19:00:00,1,2,944,2026-09-04 02:30:22
2208,C-02,2026-08-19 19:00:00,1,3,430,2026-09-04 02:30:22
2209,C-02,2026-08-19 19:00:00,2,1,661,2026-09-04 02:30:22
2210,C-02,2026-08-19 19:00:00,2,2,544,2026-09-04 02:30:22
2211,C-02,2026-08-19 19:00:00,2,3,400,2026-09-04 02:30:22
2212,C-02,2026-08-19 20:00:00,1,1,940,2026-09-04 02:30:23
2213,C-02,2026-08-19 20:00:00,1,2,818,2026-09-04 02:30:23
2214,C-02,2026-08-19 20:00:00,1,3,323,2026-09-04 02:30:23
2215,C-02,2026-08-19 20:00:00,2,1,621,2026-09-04 02:30:23
2216,C-02,2026-08-19 20:00:00,2,2,480,2026-09-04 02:30:23
2217,C-02,2026-08-19 20:00:00,2,3,246,2026-09-04 02:30:23
2218,C-02,2026-08-19 21:00:00,1,1,690,2026-09-04 02:30:23
2219,C-02,2026-08-19 21:00:00,1,2,623,2026-09-04 02:30:23
2220,C-02,2026-08-19 21:00:00,1,3,260,2026-09-04 02:30:23
2221,C-02,2026-08-19 21:00:00,2,1,674,2026-09-04 02:30:23
2222,C-02,2026-08-19 21:00:00,2,2,461,2026-09-04 02:30:23
2223,C-02,2026-08-19 21:00:00,2,3,236,2026-09-04 02:30:23
2224,C-02,2026-08-19 22:00:00,1,1,680,2026-09-04 02:30:23
2225,C-02,2026-08-19 22:00:00,1,2,602,2026-09-04 02:30:23
2226,C-02,2026-08-19 22:00:00,1,3,207,2026-09-04 02:30:23
2227,C-02,2026-08-19 22:00:00,2,1,439,2026-09-04 02:30:23
2228,C-02,2026-08-19 22:00:00,2,2,379,2026-09-04 02:30:23
2229,C-02,2026-08-19 22:00:00,2,3,200,2026-09-04 02:30:23
2230,C-02,2026-08-19 23:00:00,1,1,437,2026-09-04 02:30:23
2231,C-02,2026-08-19 23:00:00,1,2,415,2026-09-04 02:30:23
2232,C-02,2026-08-19 23:00:00,1,3,90,2026-09-04 02:30:23
2233,C-02,2026-08-19 23:00:00,2,1,330,2026-09-04 02:30:23
2234,C-02,2026-08-19 23:00:00,2,2,268,2026-09-04 02:30:23
2235,C-02,2026-08-19 23:00:00,2,3,113,2026-09-04 02:30:23
1960,C-02,2026-08-20 01:00:00,1,1,188,2026-09-04 02:30:12
1961,C-02,2026-08-20 01:00:00,1,2,208,2026-09-04 02:30:12
1962,C-02,2026-08-20 01:00:00,1,3,29,2026-09-04 02:30:12
1963,C-02,2026-08-20 01:00:00,2,1,146,2026-09-04 02:30:12
1964,C-02,2026-08-20 01:00:00,2,2,141,2026-09-04 02:30:12
1965,C-02,2026-08-20 01:00:00,2,3,49,2026-09-04 02:30:12
1966,C-02,2026-08-20 02:00:00,1,1,138,2026-09-04 02:30:12
1967,C-02,2026-08-20 02:00:00,1,2,138,2026-09-04 02:30:12
1968,C-02,2026-08-20 02:00:00,1,3,32,2026-09-04 02:30:12
1969,C-02,2026-08-20 02:00:00,2,1,130,2026-09-04 02:30:12
1970,C-02,2026-08-20 02:00:00,2,2,103,2026-09-04 02:30:12
1971,C-02,2026-08-20 02:00:00,2,3,38,2026-09-04 02:30:12
1972,C-02,2026-08-20 03:00:00,1,1,118,2026-09-04 02:30:12
1973,C-02,2026-08-20 03:00:00,1,2,151,2026-09-04 02:30:12
1974,C-02,2026-08-20 03:00:00,1,3,14,2026-09-04 02:30:12
1975,C-02,2026-08-20 03:00:00,2,1,144,2026-09-04 02:30:12
1976,C-02,2026-08-20 03:00:00,2,2,82,2026-09-04 02:30:12
1977,C-02,2026-08-20 03:00:00,2,3,26,2026-09-04 02:30:12
1978,C-02,2026-08-20 04:00:00,1,1,177,2026-09-04 02:30:13
1979,C-02,2026-08-20 04:00:00,1,2,175,2026-09-04 02:30:13
1980,C-02,2026-08-20 04:00:00,1,3,41,2026-09-04 02:30:13
1981,C-02,2026-08-20 04:00:00,2,1,233,2026-09-04 02:30:13
1982,C-02,2026-08-20 04:00:00,2,2,132,2026-09-04 02:30:13
1983,C-02,2026-08-20 04:00:00,2,3,53,2026-09-04 02:30:13
1984,C-02,2026-08-20 05:00:00,1,1,347,2026-09-04 02:30:13
1985,C-02,2026-08-20 05:00:00,1,2,317,2026-09-04 02:30:13
1986,C-02,2026-08-20 05:00:00,1,3,124,2026-09-04 02:30:13
1987,C-02,2026-08-20 05:00:00,2,1,666,2026-09-04 02:30:13
1988,C-02,2026-08-20 05:00:00,2,2,243,2026-09-04 02:30:13
1989,C-02,2026-08-20 05:00:00,2,3,147,2026-09-04 02:30:13
1990,C-02,2026-08-20 06:00:00,1,1,669,2026-09-04 02:30:13
1991,C-02,2026-08-20 06:00:00,1,2,543,2026-09-04 02:30:13
1992,C-02,2026-08-20 06:00:00,1,3,452,2026-09-04 02:30:13
1993,C-02,2026-08-20 06:00:00,2,1,1096,2026-09-04 02:30:13
1994,C-02,2026-08-20 06:00:00,2,2,592,2026-09-04 02:30:13
1995,C-02,2026-08-20 06:00:00,2,3,584,2026-09-04 02:30:13
1996,C-02,2026-08-20 07:00:00,1,1,967,2026-09-04 02:30:13
1997,C-02,2026-08-20 07:00:00,1,2,851,2026-09-04 02:30:14
1998,C-02,2026-08-20 07:00:00,1,3,480,2026-09-04 02:30:14
1999,C-02,2026-08-20 07:00:00,2,1,998,2026-09-04 02:30:14
2000,C-02,2026-08-20 07:00:00,2,2,891,2026-09-04 02:30:14
2001,C-02,2026-08-20 07:00:00,2,3,1085,2026-09-04 02:30:14
2002,C-02,2026-08-20 08:00:00,1,1,1150,2026-09-04 02:30:14
2003,C-02,2026-08-20 08:00:00,1,2,902,2026-09-04 02:30:14
2004,C-02,2026-08-20 08:00:00,1,3,502,2026-09-04 02:30:14
2005,C-02,2026-08-20 08:00:00,2,1,1034,2026-09-04 02:30:14
2006,C-02,2026-08-20 08:00:00,2,2,982,2026-09-04 02:30:14
2007,C-02,2026-08-20 08:00:00,2,3,1071,2026-09-04 02:30:14
2008,C-02,2026-08-20 09:00:00,1,1,1101,2026-09-04 02:30:14
2009,C-02,2026-08-20 09:00:00,1,2,910,2026-09-04 02:30:14
2010,C-02,2026-08-20 09:00:00,1,3,679,2026-09-04 02:30:14
2011,C-02,2026-08-20 09:00:00,2,1,1077,2026-09-04 02:30:14
2012,C-02,2026-08-20 09:00:00,2,2,888,2026-09-04 02:30:14
2013,C-02,2026-08-20 09:00:00,2,3,846,2026-09-04 02:30:14
2014,C-02,2026-08-20 10:00:00,1,1,869,2026-09-04 02:30:15
2015,C-02,2026-08-20 10:00:00,1,2,794,2026-09-04 02:30:15
2016,C-02,2026-08-20 10:00:00,1,3,451,2026-09-04 02:30:15
2017,C-02,2026-08-20 10:00:00,2,1,782,2026-09-04 02:30:15
2018,C-02,2026-08-20 10:00:00,2,2,843,2026-09-04 02:30:15
2019,C-02,2026-08-20 10:00:00,2,3,780,2026-09-04 02:30:15
2020,C-02,2026-08-20 11:00:00,1,1,893,2026-09-04 02:30:15
2021,C-02,2026-08-20 11:00:00,1,2,882,2026-09-04 02:30:15
2022,C-02,2026-08-20 11:00:00,1,3,430,2026-09-04 02:30:15
2023,C-02,2026-08-20 11:00:00,2,1,488,2026-09-04 02:30:15
2024,C-02,2026-08-20 11:00:00,2,2,602,2026-09-04 02:30:15
2025,C-02,2026-08-20 11:00:00,2,3,492,2026-09-04 02:30:15
2026,C-02,2026-08-20 12:00:00,1,1,732,2026-09-04 02:30:15
2027,C-02,2026-08-20 12:00:00,1,2,726,2026-09-04 02:30:15
2028,C-02,2026-08-20 12:00:00,1,3,294,2026-09-04 02:30:15
2029,C-02,2026-08-20 12:00:00,2,1,764,2026-09-04 02:30:15
2030,C-02,2026-08-20 12:00:00,2,2,690,2026-09-04 02:30:15
2031,C-02,2026-08-20 12:00:00,2,3,512,2026-09-04 02:30:15
2032,C-02,2026-08-20 13:00:00,1,1,864,2026-09-04 02:30:15
2033,C-02,2026-08-20 13:00:00,1,2,818,2026-09-04 02:30:15
2034,C-02,2026-08-20 13:00:00,1,3,554,2026-09-04 02:30:15
2035,C-02,2026-08-20 13:00:00,2,1,304,2026-09-04 02:30:15
2036,C-02,2026-08-20 13:00:00,2,2,273,2026-09-04 02:30:15
2037,C-02,2026-08-20 13:00:00,2,3,210,2026-09-04 02:30:15
2038,C-02,2026-08-20 14:00:00,1,1,1007,2026-09-04 02:30:16
2039,C-02,2026-08-20 14:00:00,1,2,972,2026-09-04 02:30:16
2040,C-02,2026-08-20 14:00:00,1,3,451,2026-09-04 02:30:16
2041,C-02,2026-08-20 14:00:00,2,1,0,2026-09-04 02:30:16
2042,C-02,2026-08-20 14:00:00,2,2,0,2026-09-04 02:30:16
2043,C-02,2026-08-20 14:00:00,2,3,0,2026-09-04 02:30:16
2044,C-02,2026-08-20 15:00:00,1,1,996,2026-09-04 02:30:16
2045,C-02,2026-08-20 15:00:00,1,2,924,2026-09-04 02:30:16
2046,C-02,2026-08-20 15:00:00,1,3,362,2026-09-04 02:30:16
2047,C-02,2026-08-20 15:00:00,2,1,18,2026-09-04 02:30:16
2048,C-02,2026-08-20 15:00:00,2,2,32,2026-09-04 02:30:16
2049,C-02,2026-08-20 15:00:00,2,3,29,2026-09-04 02:30:16
2050,C-02,2026-08-20 16:00:00,1,1,1198,2026-09-04 02:30:16
2051,C-02,2026-08-20 16:00:00,1,2,1049,2026-09-04 02:30:16
2052,C-02,2026-08-20 16:00:00,1,3,523,2026-09-04 02:30:16
2053,C-02,2026-08-20 16:00:00,2,1,613,2026-09-04 02:30:16
2054,C-02,2026-08-20 16:00:00,2,2,881,2026-09-04 02:30:16
2055,C-02,2026-08-20 16:00:00,2,3,793,2026-09-04 02:30:16
2056,C-02,2026-08-20 17:00:00,1,1,1223,2026-09-04 02:30:16
2057,C-02,2026-08-20 17:00:00,1,2,1122,2026-09-04 02:30:16
2058,C-02,2026-08-20 17:00:00,1,3,521,2026-09-04 02:30:16
2059,C-02,2026-08-20 17:00:00,2,1,507,2026-09-04 02:30:16
2060,C-02,2026-08-20 17:00:00,2,2,888,2026-09-04 02:30:16
2061,C-02,2026-08-20 17:00:00,2,3,889,2026-09-04 02:30:16
2062,C-02,2026-08-20 18:00:00,1,1,1189,2026-09-04 02:30:17
2063,C-02,2026-08-20 18:00:00,1,2,1099,2026-09-04 02:30:17
2064,C-02,2026-08-20 18:00:00,1,3,510,2026-09-04 02:30:17
2065,C-02,2026-08-20 18:00:00,2,1,556,2026-09-04 02:30:17
2066,C-02,2026-08-20 18:00:00,2,2,580,2026-09-04 02:30:17
2067,C-02,2026-08-20 18:00:00,2,3,824,2026-09-04 02:30:17
2068,C-02,2026-08-20 19:00:00,1,1,1170,2026-09-04 02:30:17
2069,C-02,2026-08-20 19:00:00,1,2,1012,2026-09-04 02:30:17
2070,C-02,2026-08-20 19:00:00,1,3,486,2026-09-04 02:30:17
2071,C-02,2026-08-20 19:00:00,2,1,625,2026-09-04 02:30:17
2072,C-02,2026-08-20 19:00:00,2,2,556,2026-09-04 02:30:17
2073,C-02,2026-08-20 19:00:00,2,3,400,2026-09-04 02:30:17
2074,C-02,2026-08-20 20:00:00,1,1,933,2026-09-04 02:30:17
2075,C-02,2026-08-20 20:00:00,1,2,784,2026-09-04 02:30:17
2076,C-02,2026-08-20 20:00:00,1,3,300,2026-09-04 02:30:17
2077,C-02,2026-08-20 20:00:00,2,1,667,2026-09-04 02:30:17
2078,C-02,2026-08-20 20:00:00,2,2,562,2026-09-04 02:30:17
2079,C-02,2026-08-20 20:00:00,2,3,327,2026-09-04 02:30:17
2080,C-02,2026-08-20 21:00:00,1,1,714,2026-09-04 02:30:17
2081,C-02,2026-08-20 21:00:00,1,2,626,2026-09-04 02:30:17
2082,C-02,2026-08-20 21:00:00,1,3,267,2026-09-04 02:30:17
2083,C-02,2026-08-20 21:00:00,2,1,715,2026-09-04 02:30:17
2084,C-02,2026-08-20 21:00:00,2,2,470,2026-09-04 02:30:17
2085,C-02,2026-08-20 21:00:00,2,3,246,2026-09-04 02:30:17
2086,C-02,2026-08-20 22:00:00,1,1,712,2026-09-04 02:30:17
2087,C-02,2026-08-20 22:00:00,1,2,632,2026-09-04 02:30:17
2088,C-02,2026-08-20 22:00:00,1,3,239,2026-09-04 02:30:17
2089,C-02,2026-08-20 22:00:00,2,1,511,2026-09-04 02:30:17
2090,C-02,2026-08-20 22:00:00,2,2,434,2026-09-04 02:30:17
2091,C-02,2026-08-20 22:00:00,2,3,272,2026-09-04 02:30:17
2092,C-02,2026-08-20 23:00:00,1,1,553,2026-09-04 02:30:18
2093,C-02,2026-08-20 23:00:00,1,2,467,2026-09-04 02:30:18
2094,C-02,2026-08-20 23:00:00,1,3,139,2026-09-04 02:30:18
2095,C-02,2026-08-20 23:00:00,2,1,383,2026-09-04 02:30:18
2096,C-02,2026-08-20 23:00:00,2,2,304,2026-09-04 02:30:18
2097,C-02,2026-08-20 23:00:00,2,3,125,2026-09-04 02:30:18
1822,C-02,2026-08-21 01:00:00,1,1,201,2026-09-04 02:30:05
1823,C-02,2026-08-21 01:00:00,1,2,204,2026-09-04 02:30:05
1824,C-02,2026-08-21 01:00:00,1,3,30,2026-09-04 02:30:05
1825,C-02,2026-08-21 01:00:00,2,1,177,2026-09-04 02:30:05
1826,C-02,2026-08-21 01:00:00,2,2,129,2026-09-04 02:30:05
1827,C-02,2026-08-21 01:00:00,2,3,37,2026-09-04 02:30:05
1828,C-02,2026-08-21 02:00:00,1,1,149,2026-09-04 02:30:05
1829,C-02,2026-08-21 02:00:00,1,2,167,2026-09-04 02:30:05
1830,C-02,2026-08-21 02:00:00,1,3,32,2026-09-04 02:30:05
1831,C-02,2026-08-21 02:00:00,2,1,123,2026-09-04 02:30:05
1832,C-02,2026-08-21 02:00:00,2,2,109,2026-09-04 02:30:05
1833,C-02,2026-08-21 02:00:00,2,3,41,2026-09-04 02:30:05
1834,C-02,2026-08-21 03:00:00,1,1,131,2026-09-04 02:30:05
1835,C-02,2026-08-21 03:00:00,1,2,130,2026-09-04 02:30:05
1836,C-02,2026-08-21 03:00:00,1,3,20,2026-09-04 02:30:05
1837,C-02,2026-08-21 03:00:00,2,1,134,2026-09-04 02:30:05
1838,C-02,2026-08-21 03:00:00,2,2,90,2026-09-04 02:30:05
1839,C-02,2026-08-21 03:00:00,2,3,28,2026-09-04 02:30:05
1840,C-02,2026-08-21 04:00:00,1,1,150,2026-09-04 02:30:06
1841,C-02,2026-08-21 04:00:00,1,2,187,2026-09-04 02:30:06
1842,C-02,2026-08-21 04:00:00,1,3,37,2026-09-04 02:30:06
1843,C-02,2026-08-21 04:00:00,2,1,263,2026-09-04 02:30:06
1844,C-02,2026-08-21 04:00:00,2,2,131,2026-09-04 02:30:06
1845,C-02,2026-08-21 04:00:00,2,3,34,2026-09-04 02:30:06
1846,C-02,2026-08-21 05:00:00,1,1,349,2026-09-04 02:30:06
1847,C-02,2026-08-21 05:00:00,1,2,299,2026-09-04 02:30:06
1848,C-02,2026-08-21 05:00:00,1,3,120,2026-09-04 02:30:06
1849,C-02,2026-08-21 05:00:00,2,1,646,2026-09-04 02:30:06
1850,C-02,2026-08-21 05:00:00,2,2,243,2026-09-04 02:30:06
1851,C-02,2026-08-21 05:00:00,2,3,125,2026-09-04 02:30:06
1852,C-02,2026-08-21 06:00:00,1,1,572,2026-09-04 02:30:06
1853,C-02,2026-08-21 06:00:00,1,2,496,2026-09-04 02:30:06
1854,C-02,2026-08-21 06:00:00,1,3,378,2026-09-04 02:30:06
1855,C-02,2026-08-21 06:00:00,2,1,1086,2026-09-04 02:30:06
1856,C-02,2026-08-21 06:00:00,2,2,514,2026-09-04 02:30:06
1857,C-02,2026-08-21 06:00:00,2,3,489,2026-09-04 02:30:06
1858,C-02,2026-08-21 07:00:00,1,1,945,2026-09-04 02:30:06
1859,C-02,2026-08-21 07:00:00,1,2,787,2026-09-04 02:30:06
1860,C-02,2026-08-21 07:00:00,1,3,544,2026-09-04 02:30:06
1861,C-02,2026-08-21 07:00:00,2,1,1048,2026-09-04 02:30:07
1862,C-02,2026-08-21 07:00:00,2,2,843,2026-09-04 02:30:07
1863,C-02,2026-08-21 07:00:00,2,3,1064,2026-09-04 02:30:07
1864,C-02,2026-08-21 08:00:00,1,1,1174,2026-09-04 02:30:07
1865,C-02,2026-08-21 08:00:00,1,2,898,2026-09-04 02:30:07
1866,C-02,2026-08-21 08:00:00,1,3,503,2026-09-04 02:30:07
1867,C-02,2026-08-21 08:00:00,2,1,1044,2026-09-04 02:30:07
1868,C-02,2026-08-21 08:00:00,2,2,930,2026-09-04 02:30:07
1869,C-02,2026-08-21 08:00:00,2,3,947,2026-09-04 02:30:07
1870,C-02,2026-08-21 09:00:00,1,1,1013,2026-09-04 02:30:07
1871,C-02,2026-08-21 09:00:00,1,2,877,2026-09-04 02:30:07
1872,C-02,2026-08-21 09:00:00,1,3,538,2026-09-04 02:30:07
1873,C-02,2026-08-21 09:00:00,2,1,1104,2026-09-04 02:30:07
1874,C-02,2026-08-21 09:00:00,2,2,781,2026-09-04 02:30:07
1875,C-02,2026-08-21 09:00:00,2,3,726,2026-09-04 02:30:07
1876,C-02,2026-08-21 10:00:00,1,1,857,2026-09-04 02:30:07
1877,C-02,2026-08-21 10:00:00,1,2,779,2026-09-04 02:30:07
1878,C-02,2026-08-21 10:00:00,1,3,409,2026-09-04 02:30:07
1879,C-02,2026-08-21 10:00:00,2,1,750,2026-09-04 02:30:07
1880,C-02,2026-08-21 10:00:00,2,2,747,2026-09-04 02:30:07
1881,C-02,2026-08-21 10:00:00,2,3,743,2026-09-04 02:30:07
1882,C-02,2026-08-21 11:00:00,1,1,952,2026-09-04 02:30:08
1883,C-02,2026-08-21 11:00:00,1,2,873,2026-09-04 02:30:08
1884,C-02,2026-08-21 11:00:00,1,3,432,2026-09-04 02:30:08
1885,C-02,2026-08-21 11:00:00,2,1,586,2026-09-04 02:30:08
1886,C-02,2026-08-21 11:00:00,2,2,746,2026-09-04 02:30:08
1887,C-02,2026-08-21 11:00:00,2,3,712,2026-09-04 02:30:08
1888,C-02,2026-08-21 12:00:00,1,1,782,2026-09-04 02:30:08
1889,C-02,2026-08-21 12:00:00,1,2,717,2026-09-04 02:30:08
1890,C-02,2026-08-21 12:00:00,1,3,367,2026-09-04 02:30:08
1891,C-02,2026-08-21 12:00:00,2,1,543,2026-09-04 02:30:08
1892,C-02,2026-08-21 12:00:00,2,2,596,2026-09-04 02:30:08
1893,C-02,2026-08-21 12:00:00,2,3,450,2026-09-04 02:30:08
1894,C-02,2026-08-21 13:00:00,1,1,940,2026-09-04 02:30:08
1895,C-02,2026-08-21 13:00:00,1,2,852,2026-09-04 02:30:08
1896,C-02,2026-08-21 13:00:00,1,3,466,2026-09-04 02:30:08
1897,C-02,2026-08-21 13:00:00,2,1,413,2026-09-04 02:30:08
1898,C-02,2026-08-21 13:00:00,2,2,589,2026-09-04 02:30:08
1899,C-02,2026-08-21 13:00:00,2,3,598,2026-09-04 02:30:08
1900,C-02,2026-08-21 14:00:00,1,1,1022,2026-09-04 02:30:08
1901,C-02,2026-08-21 14:00:00,1,2,897,2026-09-04 02:30:08
1902,C-02,2026-08-21 14:00:00,1,3,557,2026-09-04 02:30:08
1903,C-02,2026-08-21 14:00:00,2,1,679,2026-09-04 02:30:09
1904,C-02,2026-08-21 14:00:00,2,2,713,2026-09-04 02:30:09
1905,C-02,2026-08-21 14:00:00,2,3,627,2026-09-04 02:30:09
1906,C-02,2026-08-21 15:00:00,1,1,1035,2026-09-04 02:30:09
1907,C-02,2026-08-21 15:00:00,1,2,1017,2026-09-04 02:30:09
1908,C-02,2026-08-21 15:00:00,1,3,432,2026-09-04 02:30:09
1909,C-02,2026-08-21 15:00:00,2,1,682,2026-09-04 02:30:09
1910,C-02,2026-08-21 15:00:00,2,2,816,2026-09-04 02:30:09
1911,C-02,2026-08-21 15:00:00,2,3,718,2026-09-04 02:30:09
1912,C-02,2026-08-21 16:00:00,1,1,1176,2026-09-04 02:30:09
1913,C-02,2026-08-21 16:00:00,1,2,1052,2026-09-04 02:30:09
1914,C-02,2026-08-21 16:00:00,1,3,520,2026-09-04 02:30:09
1915,C-02,2026-08-21 16:00:00,2,1,813,2026-09-04 02:30:09
1916,C-02,2026-08-21 16:00:00,2,2,846,2026-09-04 02:30:09
1917,C-02,2026-08-21 16:00:00,2,3,706,2026-09-04 02:30:09
1918,C-02,2026-08-21 17:00:00,1,1,1186,2026-09-04 02:30:09
1919,C-02,2026-08-21 17:00:00,1,2,1052,2026-09-04 02:30:09
1920,C-02,2026-08-21 17:00:00,1,3,553,2026-09-04 02:30:09
1921,C-02,2026-08-21 17:00:00,2,1,827,2026-09-04 02:30:09
1922,C-02,2026-08-21 17:00:00,2,2,893,2026-09-04 02:30:09
1923,C-02,2026-08-21 17:00:00,2,3,860,2026-09-04 02:30:10
1924,C-02,2026-08-21 18:00:00,1,1,1237,2026-09-04 02:30:10
1925,C-02,2026-08-21 18:00:00,1,2,1182,2026-09-04 02:30:10
1926,C-02,2026-08-21 18:00:00,1,3,524,2026-09-04 02:30:10
1927,C-02,2026-08-21 18:00:00,2,1,900,2026-09-04 02:30:10
1928,C-02,2026-08-21 18:00:00,2,2,912,2026-09-04 02:30:10
1929,C-02,2026-08-21 18:00:00,2,3,805,2026-09-04 02:30:10
1930,C-02,2026-08-21 19:00:00,1,1,1076,2026-09-04 02:30:10
1931,C-02,2026-08-21 19:00:00,1,2,952,2026-09-04 02:30:10
1932,C-02,2026-08-21 19:00:00,1,3,341,2026-09-04 02:30:10
1933,C-02,2026-08-21 19:00:00,2,1,745,2026-09-04 02:30:10
1934,C-02,2026-08-21 19:00:00,2,2,620,2026-09-04 02:30:10
1935,C-02,2026-08-21 19:00:00,2,3,474,2026-09-04 02:30:10
1936,C-02,2026-08-21 20:00:00,1,1,1132,2026-09-04 02:30:10
1937,C-02,2026-08-21 20:00:00,1,2,975,2026-09-04 02:30:10
1938,C-02,2026-08-21 20:00:00,1,3,499,2026-09-04 02:30:10
1939,C-02,2026-08-21 20:00:00,2,1,769,2026-09-04 02:30:10
1940,C-02,2026-08-21 20:00:00,2,2,514,2026-09-04 02:30:10
1941,C-02,2026-08-21 20:00:00,2,3,301,2026-09-04 02:30:10
1942,C-02,2026-08-21 21:00:00,1,1,794,2026-09-04 02:30:11
1943,C-02,2026-08-21 21:00:00,1,2,701,2026-09-04 02:30:11
1944,C-02,2026-08-21 21:00:00,1,3,368,2026-09-04 02:30:11
1945,C-02,2026-08-21 21:00:00,2,1,646,2026-09-04 02:30:11
1946,C-02,2026-08-21 21:00:00,2,2,476,2026-09-04 02:30:11
1947,C-02,2026-08-21 21:00:00,2,3,261,2026-09-04 02:30:11
1948,C-02,2026-08-21 22:00:00,1,1,798,2026-09-04 02:30:11
1949,C-02,2026-08-21 22:00:00,1,2,673,2026-09-04 02:30:11
1950,C-02,2026-08-21 22:00:00,1,3,252,2026-09-04 02:30:11
1951,C-02,2026-08-21 22:00:00,2,1,577,2026-09-04 02:30:11
1952,C-02,2026-08-21 22:00:00,2,2,410,2026-09-04 02:30:11
1953,C-02,2026-08-21 22:00:00,2,3,268,2026-09-04 02:30:11
1954,C-02,2026-08-21 23:00:00,1,1,475,2026-09-04 02:30:11
1955,C-02,2026-08-21 23:00:00,1,2,435,2026-09-04 02:30:11
1956,C-02,2026-08-21 23:00:00,1,3,123,2026-09-04 02:30:11
1957,C-02,2026-08-21 23:00:00,2,1,509,2026-09-04 02:30:11
1958,C-02,2026-08-21 23:00:00,2,2,315,2026-09-04 02:30:11
1959,C-02,2026-08-21 23:00:00,2,3,182,2026-09-04 02:30:11
1684,C-02,2026-08-22 01:00:00,1,1,291,2026-09-04 02:29:58
1685,C-02,2026-08-22 01:00:00,1,2,246,2026-09-04 02:29:58
1686,C-02,2026-08-22 01:00:00,1,3,46,2026-09-04 02:29:58
1687,C-02,2026-08-22 01:00:00,2,1,178,2026-09-04 02:29:58
1688,C-02,2026-08-22 01:00:00,2,2,156,2026-09-04 02:29:58
1689,C-02,2026-08-22 01:00:00,2,3,76,2026-09-04 02:29:58
1690,C-02,2026-08-22 02:00:00,1,1,230,2026-09-04 02:29:59
1691,C-02,2026-08-22 02:00:00,1,2,224,2026-09-04 02:29:59
1692,C-02,2026-08-22 02:00:00,1,3,35,2026-09-04 02:29:59
1693,C-02,2026-08-22 02:00:00,2,1,162,2026-09-04 02:29:59
1694,C-02,2026-08-22 02:00:00,2,2,136,2026-09-04 02:29:59
1695,C-02,2026-08-22 02:00:00,2,3,57,2026-09-04 02:29:59
1696,C-02,2026-08-22 03:00:00,1,1,176,2026-09-04 02:29:59
1697,C-02,2026-08-22 03:00:00,1,2,187,2026-09-04 02:29:59
1698,C-02,2026-08-22 03:00:00,1,3,23,2026-09-04 02:29:59
1699,C-02,2026-08-22 03:00:00,2,1,170,2026-09-04 02:29:59
1700,C-02,2026-08-22 03:00:00,2,2,111,2026-09-04 02:29:59
1701,C-02,2026-08-22 03:00:00,2,3,39,2026-09-04 02:29:59
1702,C-02,2026-08-22 04:00:00,1,1,193,2026-09-04 02:29:59
1703,C-02,2026-08-22 04:00:00,1,2,197,2026-09-04 02:29:59
1704,C-02,2026-08-22 04:00:00,1,3,46,2026-09-04 02:29:59
1705,C-02,2026-08-22 04:00:00,2,1,174,2026-09-04 02:29:59
1706,C-02,2026-08-22 04:00:00,2,2,147,2026-09-04 02:29:59
1707,C-02,2026-08-22 04:00:00,2,3,61,2026-09-04 02:29:59
1708,C-02,2026-08-22 05:00:00,1,1,300,2026-09-04 02:29:59
1709,C-02,2026-08-22 05:00:00,1,2,264,2026-09-04 02:29:59
1710,C-02,2026-08-22 05:00:00,1,3,110,2026-09-04 02:29:59
1711,C-02,2026-08-22 05:00:00,2,1,434,2026-09-04 02:29:59
1712,C-02,2026-08-22 05:00:00,2,2,201,2026-09-04 02:29:59
1713,C-02,2026-08-22 05:00:00,2,3,93,2026-09-04 02:29:59
1714,C-02,2026-08-22 06:00:00,1,1,417,2026-09-04 02:29:59
1715,C-02,2026-08-22 06:00:00,1,2,379,2026-09-04 02:29:59
1716,C-02,2026-08-22 06:00:00,1,3,154,2026-09-04 02:29:59
1717,C-02,2026-08-22 06:00:00,2,1,597,2026-09-04 02:29:59
1718,C-02,2026-08-22 06:00:00,2,2,288,2026-09-04 02:29:59
1719,C-02,2026-08-22 06:00:00,2,3,162,2026-09-04 02:29:59
1720,C-02,2026-08-22 07:00:00,1,1,481,2026-09-04 02:29:59
1721,C-02,2026-08-22 07:00:00,1,2,421,2026-09-04 02:29:59
1722,C-02,2026-08-22 07:00:00,1,3,268,2026-09-04 02:29:59
1723,C-02,2026-08-22 07:00:00,2,1,761,2026-09-04 02:29:59
1724,C-02,2026-08-22 07:00:00,2,2,352,2026-09-04 02:29:59
1725,C-02,2026-08-22 07:00:00,2,3,241,2026-09-04 02:29:59
1726,C-02,2026-08-22 08:00:00,1,1,684,2026-09-04 02:30:00
1727,C-02,2026-08-22 08:00:00,1,2,585,2026-09-04 02:30:00
1728,C-02,2026-08-22 08:00:00,1,3,337,2026-09-04 02:30:00
1729,C-02,2026-08-22 08:00:00,2,1,906,2026-09-04 02:30:00
1730,C-02,2026-08-22 08:00:00,2,2,562,2026-09-04 02:30:00
1731,C-02,2026-08-22 08:00:00,2,3,405,2026-09-04 02:30:00
1732,C-02,2026-08-22 09:00:00,1,1,976,2026-09-04 02:30:00
1733,C-02,2026-08-22 09:00:00,1,2,818,2026-09-04 02:30:00
1734,C-02,2026-08-22 09:00:00,1,3,544,2026-09-04 02:30:00
1735,C-02,2026-08-22 09:00:00,2,1,720,2026-09-04 02:30:00
1736,C-02,2026-08-22 09:00:00,2,2,625,2026-09-04 02:30:00
1737,C-02,2026-08-22 09:00:00,2,3,594,2026-09-04 02:30:00
1738,C-02,2026-08-22 10:00:00,1,1,1078,2026-09-04 02:30:01
1739,C-02,2026-08-22 10:00:00,1,2,973,2026-09-04 02:30:01
1740,C-02,2026-08-22 10:00:00,1,3,534,2026-09-04 02:30:01
1741,C-02,2026-08-22 10:00:00,2,1,544,2026-09-04 02:30:01
1742,C-02,2026-08-22 10:00:00,2,2,666,2026-09-04 02:30:01
1743,C-02,2026-08-22 10:00:00,2,3,683,2026-09-04 02:30:01
1744,C-02,2026-08-22 11:00:00,1,1,1000,2026-09-04 02:30:01
1745,C-02,2026-08-22 11:00:00,1,2,977,2026-09-04 02:30:01
1746,C-02,2026-08-22 11:00:00,1,3,678,2026-09-04 02:30:01
1747,C-02,2026-08-22 11:00:00,2,1,633,2026-09-04 02:30:01
1748,C-02,2026-08-22 11:00:00,2,2,639,2026-09-04 02:30:01
1749,C-02,2026-08-22 11:00:00,2,3,715,2026-09-04 02:30:01
1750,C-02,2026-08-22 12:00:00,1,1,1009,2026-09-04 02:30:01
1751,C-02,2026-08-22 12:00:00,1,2,891,2026-09-04 02:30:01
1752,C-02,2026-08-22 12:00:00,1,3,652,2026-09-04 02:30:01
1753,C-02,2026-08-22 12:00:00,2,1,484,2026-09-04 02:30:01
1754,C-02,2026-08-22 12:00:00,2,2,635,2026-09-04 02:30:01
1755,C-02,2026-08-22 12:00:00,2,3,579,2026-09-04 02:30:01
1756,C-02,2026-08-22 13:00:00,1,1,965,2026-09-04 02:30:01
1757,C-02,2026-08-22 13:00:00,1,2,879,2026-09-04 02:30:01
1758,C-02,2026-08-22 13:00:00,1,3,581,2026-09-04 02:30:01
1759,C-02,2026-08-22 13:00:00,2,1,620,2026-09-04 02:30:01
1760,C-02,2026-08-22 13:00:00,2,2,740,2026-09-04 02:30:01
1761,C-02,2026-08-22 13:00:00,2,3,677,2026-09-04 02:30:01
1762,C-02,2026-08-22 14:00:00,1,1,1033,2026-09-04 02:30:02
1763,C-02,2026-08-22 14:00:00,1,2,894,2026-09-04 02:30:02
1764,C-02,2026-08-22 14:00:00,1,3,652,2026-09-04 02:30:02
1765,C-02,2026-08-22 14:00:00,2,1,779,2026-09-04 02:30:02
1766,C-02,2026-08-22 14:00:00,2,2,763,2026-09-04 02:30:02
1767,C-02,2026-08-22 14:00:00,2,3,750,2026-09-04 02:30:02
1768,C-02,2026-08-22 15:00:00,1,1,1048,2026-09-04 02:30:02
1769,C-02,2026-08-22 15:00:00,1,2,950,2026-09-04 02:30:02
1770,C-02,2026-08-22 15:00:00,1,3,552,2026-09-04 02:30:02
1771,C-02,2026-08-22 15:00:00,2,1,720,2026-09-04 02:30:02
1772,C-02,2026-08-22 15:00:00,2,2,814,2026-09-04 02:30:02
1773,C-02,2026-08-22 15:00:00,2,3,836,2026-09-04 02:30:02
1774,C-02,2026-08-22 16:00:00,1,1,989,2026-09-04 02:30:03
1775,C-02,2026-08-22 16:00:00,1,2,863,2026-09-04 02:30:03
1776,C-02,2026-08-22 16:00:00,1,3,514,2026-09-04 02:30:03
1777,C-02,2026-08-22 16:00:00,2,1,614,2026-09-04 02:30:03
1778,C-02,2026-08-22 16:00:00,2,2,908,2026-09-04 02:30:03
1779,C-02,2026-08-22 16:00:00,2,3,939,2026-09-04 02:30:03
1780,C-02,2026-08-22 17:00:00,1,1,840,2026-09-04 02:30:03
1781,C-02,2026-08-22 17:00:00,1,2,777,2026-09-04 02:30:03
1782,C-02,2026-08-22 17:00:00,1,3,541,2026-09-04 02:30:03
1783,C-02,2026-08-22 17:00:00,2,1,518,2026-09-04 02:30:03
1784,C-02,2026-08-22 17:00:00,2,2,704,2026-09-04 02:30:03
1785,C-02,2026-08-22 17:00:00,2,3,821,2026-09-04 02:30:03
1786,C-02,2026-08-22 18:00:00,1,1,973,2026-09-04 02:30:03
1787,C-02,2026-08-22 18:00:00,1,2,903,2026-09-04 02:30:03
1788,C-02,2026-08-22 18:00:00,1,3,483,2026-09-04 02:30:03
1789,C-02,2026-08-22 18:00:00,2,1,686,2026-09-04 02:30:03
1790,C-02,2026-08-22 18:00:00,2,2,795,2026-09-04 02:30:03
1791,C-02,2026-08-22 18:00:00,2,3,771,2026-09-04 02:30:03
1792,C-02,2026-08-22 19:00:00,1,1,793,2026-09-04 02:30:04
1793,C-02,2026-08-22 19:00:00,1,2,659,2026-09-04 02:30:04
1794,C-02,2026-08-22 19:00:00,1,3,319,2026-09-04 02:30:04
1795,C-02,2026-08-22 19:00:00,2,1,557,2026-09-04 02:30:04
1796,C-02,2026-08-22 19:00:00,2,2,504,2026-09-04 02:30:04
1797,C-02,2026-08-22 19:00:00,2,3,318,2026-09-04 02:30:04
1798,C-02,2026-08-22 20:00:00,1,1,697,2026-09-04 02:30:04
1799,C-02,2026-08-22 20:00:00,1,2,543,2026-09-04 02:30:04
1800,C-02,2026-08-22 20:00:00,1,3,261,2026-09-04 02:30:04
1801,C-02,2026-08-22 20:00:00,2,1,703,2026-09-04 02:30:04
1802,C-02,2026-08-22 20:00:00,2,2,494,2026-09-04 02:30:04
1803,C-02,2026-08-22 20:00:00,2,3,277,2026-09-04 02:30:04
1804,C-02,2026-08-22 21:00:00,1,1,744,2026-09-04 02:30:04
1805,C-02,2026-08-22 21:00:00,1,2,577,2026-09-04 02:30:04
1806,C-02,2026-08-22 21:00:00,1,3,293,2026-09-04 02:30:04
1807,C-02,2026-08-22 21:00:00,2,1,711,2026-09-04 02:30:04
1808,C-02,2026-08-22 21:00:00,2,2,489,2026-09-04 02:30:04
1809,C-02,2026-08-22 21:00:00,2,3,301,2026-09-04 02:30:04
1810,C-02,2026-08-22 22:00:00,1,1,649,2026-09-04 02:30:04
1811,C-02,2026-08-22 22:00:00,1,2,542,2026-09-04 02:30:04
1812,C-02,2026-08-22 22:00:00,1,3,240,2026-09-04 02:30:04
1813,C-02,2026-08-22 22:00:00,2,1,600,2026-09-04 02:30:04
1814,C-02,2026-08-22 22:00:00,2,2,372,2026-09-04 02:30:04
1815,C-02,2026-08-22 22:00:00,2,3,181,2026-09-04 02:30:04
1816,C-02,2026-08-22 23:00:00,1,1,429,2026-09-04 02:30:04
1817,C-02,2026-08-22 23:00:00,1,2,348,2026-09-04 02:30:04
1818,C-02,2026-08-22 23:00:00,1,3,97,2026-09-04 02:30:04
1819,C-02,2026-08-22 23:00:00,2,1,360,2026-09-04 02:30:04
1820,C-02,2026-08-22 23:00:00,2,2,280,2026-09-04 02:30:04
1821,C-02,2026-08-22 23:00:00,2,3,146,2026-09-04 02:30:04
1546,C-02,2026-08-23 01:00:00,1,1,238,2026-09-04 02:29:54
1547,C-02,2026-08-23 01:00:00,1,2,213,2026-09-04 02:29:54
1548,C-02,2026-08-23 01:00:00,1,3,35,2026-09-04 02:29:54
1549,C-02,2026-08-23 01:00:00,2,1,170,2026-09-04 02:29:54
1550,C-02,2026-08-23 01:00:00,2,2,144,2026-09-04 02:29:54
1551,C-02,2026-08-23 01:00:00,2,3,49,2026-09-04 02:29:54
1552,C-02,2026-08-23 02:00:00,1,1,173,2026-09-04 02:29:54
1553,C-02,2026-08-23 02:00:00,1,2,163,2026-09-04 02:29:54
1554,C-02,2026-08-23 02:00:00,1,3,29,2026-09-04 02:29:54
1555,C-02,2026-08-23 02:00:00,2,1,131,2026-09-04 02:29:54
1556,C-02,2026-08-23 02:00:00,2,2,129,2026-09-04 02:29:54
1557,C-02,2026-08-23 02:00:00,2,3,45,2026-09-04 02:29:54
1558,C-02,2026-08-23 03:00:00,1,1,127,2026-09-04 02:29:55
1559,C-02,2026-08-23 03:00:00,1,2,130,2026-09-04 02:29:55
1560,C-02,2026-08-23 03:00:00,1,3,23,2026-09-04 02:29:55
1561,C-02,2026-08-23 03:00:00,2,1,87,2026-09-04 02:29:55
1562,C-02,2026-08-23 03:00:00,2,2,84,2026-09-04 02:29:55
1563,C-02,2026-08-23 03:00:00,2,3,37,2026-09-04 02:29:55
1564,C-02,2026-08-23 04:00:00,1,1,111,2026-09-04 02:29:55
1565,C-02,2026-08-23 04:00:00,1,2,130,2026-09-04 02:29:55
1566,C-02,2026-08-23 04:00:00,1,3,30,2026-09-04 02:29:55
1567,C-02,2026-08-23 04:00:00,2,1,122,2026-09-04 02:29:55
1568,C-02,2026-08-23 04:00:00,2,2,77,2026-09-04 02:29:55
1569,C-02,2026-08-23 04:00:00,2,3,36,2026-09-04 02:29:55
1570,C-02,2026-08-23 05:00:00,1,1,178,2026-09-04 02:29:55
1571,C-02,2026-08-23 05:00:00,1,2,215,2026-09-04 02:29:55
1572,C-02,2026-08-23 05:00:00,1,3,57,2026-09-04 02:29:55
1573,C-02,2026-08-23 05:00:00,2,1,203,2026-09-04 02:29:55
1574,C-02,2026-08-23 05:00:00,2,2,121,2026-09-04 02:29:55
1575,C-02,2026-08-23 05:00:00,2,3,72,2026-09-04 02:29:55
1576,C-02,2026-08-23 06:00:00,1,1,236,2026-09-04 02:29:55
1577,C-02,2026-08-23 06:00:00,1,2,275,2026-09-04 02:29:55
1578,C-02,2026-08-23 06:00:00,1,3,93,2026-09-04 02:29:55
1579,C-02,2026-08-23 06:00:00,2,1,295,2026-09-04 02:29:55
1580,C-02,2026-08-23 06:00:00,2,2,185,2026-09-04 02:29:55
1581,C-02,2026-08-23 06:00:00,2,3,91,2026-09-04 02:29:55
1582,C-02,2026-08-23 07:00:00,1,1,291,2026-09-04 02:29:55
1583,C-02,2026-08-23 07:00:00,1,2,316,2026-09-04 02:29:55
1584,C-02,2026-08-23 07:00:00,1,3,132,2026-09-04 02:29:55
1585,C-02,2026-08-23 07:00:00,2,1,414,2026-09-04 02:29:55
1586,C-02,2026-08-23 07:00:00,2,2,255,2026-09-04 02:29:55
1587,C-02,2026-08-23 07:00:00,2,3,146,2026-09-04 02:29:55
1588,C-02,2026-08-23 08:00:00,1,1,449,2026-09-04 02:29:55
1589,C-02,2026-08-23 08:00:00,1,2,427,2026-09-04 02:29:55
1590,C-02,2026-08-23 08:00:00,1,3,232,2026-09-04 02:29:56
1591,C-02,2026-08-23 08:00:00,2,1,761,2026-09-04 02:29:56
1592,C-02,2026-08-23 08:00:00,2,2,405,2026-09-04 02:29:56
1593,C-02,2026-08-23 08:00:00,2,3,311,2026-09-04 02:29:56
1594,C-02,2026-08-23 09:00:00,1,1,666,2026-09-04 02:29:56
1595,C-02,2026-08-23 09:00:00,1,2,558,2026-09-04 02:29:56
1596,C-02,2026-08-23 09:00:00,1,3,400,2026-09-04 02:29:56
1597,C-02,2026-08-23 09:00:00,2,1,866,2026-09-04 02:29:56
1598,C-02,2026-08-23 09:00:00,2,2,554,2026-09-04 02:29:56
1599,C-02,2026-08-23 09:00:00,2,3,360,2026-09-04 02:29:56
1600,C-02,2026-08-23 10:00:00,1,1,840,2026-09-04 02:29:56
1601,C-02,2026-08-23 10:00:00,1,2,744,2026-09-04 02:29:56
1602,C-02,2026-08-23 10:00:00,1,3,449,2026-09-04 02:29:56
1603,C-02,2026-08-23 10:00:00,2,1,920,2026-09-04 02:29:56
1604,C-02,2026-08-23 10:00:00,2,2,634,2026-09-04 02:29:56
1605,C-02,2026-08-23 10:00:00,2,3,690,2026-09-04 02:29:56
1606,C-02,2026-08-23 11:00:00,1,1,939,2026-09-04 02:29:56
1607,C-02,2026-08-23 11:00:00,1,2,859,2026-09-04 02:29:56
1608,C-02,2026-08-23 11:00:00,1,3,439,2026-09-04 02:29:56
1609,C-02,2026-08-23 11:00:00,2,1,704,2026-09-04 02:29:56
1610,C-02,2026-08-23 11:00:00,2,2,617,2026-09-04 02:29:56
1611,C-02,2026-08-23 11:00:00,2,3,555,2026-09-04 02:29:56
1612,C-02,2026-08-23 12:00:00,1,1,936,2026-09-04 02:29:56
1613,C-02,2026-08-23 12:00:00,1,2,880,2026-09-04 02:29:56
1614,C-02,2026-08-23 12:00:00,1,3,531,2026-09-04 02:29:56
1615,C-02,2026-08-23 12:00:00,2,1,676,2026-09-04 02:29:56
1616,C-02,2026-08-23 12:00:00,2,2,673,2026-09-04 02:29:56
1617,C-02,2026-08-23 12:00:00,2,3,575,2026-09-04 02:29:56
1618,C-02,2026-08-23 13:00:00,1,1,993,2026-09-04 02:29:56
1619,C-02,2026-08-23 13:00:00,1,2,989,2026-09-04 02:29:56
1620,C-02,2026-08-23 13:00:00,1,3,473,2026-09-04 02:29:56
1621,C-02,2026-08-23 13:00:00,2,1,706,2026-09-04 02:29:56
1622,C-02,2026-08-23 13:00:00,2,2,681,2026-09-04 02:29:56
1623,C-02,2026-08-23 13:00:00,2,3,638,2026-09-04 02:29:56
1624,C-02,2026-08-23 14:00:00,1,1,1083,2026-09-04 02:29:57
1625,C-02,2026-08-23 14:00:00,1,2,1051,2026-09-04 02:29:57
1626,C-02,2026-08-23 14:00:00,1,3,572,2026-09-04 02:29:57
1627,C-02,2026-08-23 14:00:00,2,1,576,2026-09-04 02:29:57
1628,C-02,2026-08-23 14:00:00,2,2,661,2026-09-04 02:29:57
1629,C-02,2026-08-23 14:00:00,2,3,584,2026-09-04 02:29:57
1630,C-02,2026-08-23 15:00:00,1,1,1131,2026-09-04 02:29:57
1631,C-02,2026-08-23 15:00:00,1,2,1059,2026-09-04 02:29:57
1632,C-02,2026-08-23 15:00:00,1,3,623,2026-09-04 02:29:57
1633,C-02,2026-08-23 15:00:00,2,1,773,2026-09-04 02:29:57
1634,C-02,2026-08-23 15:00:00,2,2,773,2026-09-04 02:29:57
1635,C-02,2026-08-23 15:00:00,2,3,722,2026-09-04 02:29:57
1636,C-02,2026-08-23 16:00:00,1,1,999,2026-09-04 02:29:57
1637,C-02,2026-08-23 16:00:00,1,2,951,2026-09-04 02:29:57
1638,C-02,2026-08-23 16:00:00,1,3,482,2026-09-04 02:29:57
1639,C-02,2026-08-23 16:00:00,2,1,738,2026-09-04 02:29:57
1640,C-02,2026-08-23 16:00:00,2,2,834,2026-09-04 02:29:57
1641,C-02,2026-08-23 16:00:00,2,3,491,2026-09-04 02:29:57
1642,C-02,2026-08-23 17:00:00,1,1,1051,2026-09-04 02:29:57
1643,C-02,2026-08-23 17:00:00,1,2,970,2026-09-04 02:29:57
1644,C-02,2026-08-23 17:00:00,1,3,424,2026-09-04 02:29:57
1645,C-02,2026-08-23 17:00:00,2,1,747,2026-09-04 02:29:57
1646,C-02,2026-08-23 17:00:00,2,2,802,2026-09-04 02:29:57
1647,C-02,2026-08-23 17:00:00,2,3,570,2026-09-04 02:29:57
1648,C-02,2026-08-23 18:00:00,1,1,908,2026-09-04 02:29:57
1649,C-02,2026-08-23 18:00:00,1,2,805,2026-09-04 02:29:57
1650,C-02,2026-08-23 18:00:00,1,3,331,2026-09-04 02:29:57
1651,C-02,2026-08-23 18:00:00,2,1,629,2026-09-04 02:29:57
1652,C-02,2026-08-23 18:00:00,2,2,571,2026-09-04 02:29:57
1653,C-02,2026-08-23 18:00:00,2,3,368,2026-09-04 02:29:57
1654,C-02,2026-08-23 19:00:00,1,1,705,2026-09-04 02:29:57
1655,C-02,2026-08-23 19:00:00,1,2,581,2026-09-04 02:29:57
1656,C-02,2026-08-23 19:00:00,1,3,316,2026-09-04 02:29:57
1657,C-02,2026-08-23 19:00:00,2,1,686,2026-09-04 02:29:57
1658,C-02,2026-08-23 19:00:00,2,2,551,2026-09-04 02:29:57
1659,C-02,2026-08-23 19:00:00,2,3,318,2026-09-04 02:29:57
1660,C-02,2026-08-23 20:00:00,1,1,687,2026-09-04 02:29:58
1661,C-02,2026-08-23 20:00:00,1,2,562,2026-09-04 02:29:58
1662,C-02,2026-08-23 20:00:00,1,3,387,2026-09-04 02:29:58
1663,C-02,2026-08-23 20:00:00,2,1,783,2026-09-04 02:29:58
1664,C-02,2026-08-23 20:00:00,2,2,521,2026-09-04 02:29:58
1665,C-02,2026-08-23 20:00:00,2,3,257,2026-09-04 02:29:58
1666,C-02,2026-08-23 21:00:00,1,1,607,2026-09-04 02:29:58
1667,C-02,2026-08-23 21:00:00,1,2,556,2026-09-04 02:29:58
1668,C-02,2026-08-23 21:00:00,1,3,359,2026-09-04 02:29:58
1669,C-02,2026-08-23 21:00:00,2,1,784,2026-09-04 02:29:58
1670,C-02,2026-08-23 21:00:00,2,2,485,2026-09-04 02:29:58
1671,C-02,2026-08-23 21:00:00,2,3,278,2026-09-04 02:29:58
1672,C-02,2026-08-23 22:00:00,1,1,565,2026-09-04 02:29:58
1673,C-02,2026-08-23 22:00:00,1,2,491,2026-09-04 02:29:58
1674,C-02,2026-08-23 22:00:00,1,3,229,2026-09-04 02:29:58
1675,C-02,2026-08-23 22:00:00,2,1,576,2026-09-04 02:29:58
1676,C-02,2026-08-23 22:00:00,2,2,376,2026-09-04 02:29:58
1677,C-02,2026-08-23 22:00:00,2,3,171,2026-09-04 02:29:58
1678,C-02,2026-08-23 23:00:00,1,1,338,2026-09-04 02:29:58
1679,C-02,2026-08-23 23:00:00,1,2,315,2026-09-04 02:29:58
1680,C-02,2026-08-23 23:00:00,1,3,89,2026-09-04 02:29:58
1681,C-02,2026-08-23 23:00:00,2,1,359,2026-09-04 02:29:58
1682,C-02,2026-08-23 23:00:00,2,2,252,2026-09-04 02:29:58
1683,C-02,2026-08-23 23:00:00,2,3,93,2026-09-04 02:29:58
1408,C-02,2026-08-24 01:00:00,1,1,138,2026-09-04 02:29:50
1409,C-02,2026-08-24 01:00:00,1,2,160,2026-09-04 02:29:50
1410,C-02,2026-08-24 01:00:00,1,3,22,2026-09-04 02:29:50
1411,C-02,2026-08-24 01:00:00,2,1,113,2026-09-04 02:29:50
1412,C-02,2026-08-24 01:00:00,2,2,93,2026-09-04 02:29:50
1413,C-02,2026-08-24 01:00:00,2,3,36,2026-09-04 02:29:50
1414,C-02,2026-08-24 02:00:00,1,1,96,2026-09-04 02:29:50
1415,C-02,2026-08-24 02:00:00,1,2,114,2026-09-04 02:29:50
1416,C-02,2026-08-24 02:00:00,1,3,9,2026-09-04 02:29:50
1417,C-02,2026-08-24 02:00:00,2,1,106,2026-09-04 02:29:50
1418,C-02,2026-08-24 02:00:00,2,2,74,2026-09-04 02:29:50
1419,C-02,2026-08-24 02:00:00,2,3,25,2026-09-04 02:29:50
1420,C-02,2026-08-24 03:00:00,1,1,110,2026-09-04 02:29:50
1421,C-02,2026-08-24 03:00:00,1,2,118,2026-09-04 02:29:50
1422,C-02,2026-08-24 03:00:00,1,3,17,2026-09-04 02:29:50
1423,C-02,2026-08-24 03:00:00,2,1,118,2026-09-04 02:29:50
1424,C-02,2026-08-24 03:00:00,2,2,87,2026-09-04 02:29:50
1425,C-02,2026-08-24 03:00:00,2,3,19,2026-09-04 02:29:50
1426,C-02,2026-08-24 04:00:00,1,1,155,2026-09-04 02:29:51
1427,C-02,2026-08-24 04:00:00,1,2,171,2026-09-04 02:29:51
1428,C-02,2026-08-24 04:00:00,1,3,34,2026-09-04 02:29:51
1429,C-02,2026-08-24 04:00:00,2,1,319,2026-09-04 02:29:51
1430,C-02,2026-08-24 04:00:00,2,2,130,2026-09-04 02:29:51
1431,C-02,2026-08-24 04:00:00,2,3,58,2026-09-04 02:29:51
1432,C-02,2026-08-24 05:00:00,1,1,337,2026-09-04 02:29:51
1433,C-02,2026-08-24 05:00:00,1,2,318,2026-09-04 02:29:51
1434,C-02,2026-08-24 05:00:00,1,3,174,2026-09-04 02:29:51
1435,C-02,2026-08-24 05:00:00,2,1,827,2026-09-04 02:29:51
1436,C-02,2026-08-24 05:00:00,2,2,259,2026-09-04 02:29:51
1437,C-02,2026-08-24 05:00:00,2,3,152,2026-09-04 02:29:51
1438,C-02,2026-08-24 06:00:00,1,1,670,2026-09-04 02:29:51
1439,C-02,2026-08-24 06:00:00,1,2,590,2026-09-04 02:29:51
1440,C-02,2026-08-24 06:00:00,1,3,486,2026-09-04 02:29:51
1441,C-02,2026-08-24 06:00:00,2,1,1094,2026-09-04 02:29:51
1442,C-02,2026-08-24 06:00:00,2,2,588,2026-09-04 02:29:51
1443,C-02,2026-08-24 06:00:00,2,3,730,2026-09-04 02:29:51
1444,C-02,2026-08-24 07:00:00,1,1,977,2026-09-04 02:29:51
1445,C-02,2026-08-24 07:00:00,1,2,869,2026-09-04 02:29:51
1446,C-02,2026-08-24 07:00:00,1,3,558,2026-09-04 02:29:51
1447,C-02,2026-08-24 07:00:00,2,1,1075,2026-09-04 02:29:51
1448,C-02,2026-08-24 07:00:00,2,2,923,2026-09-04 02:29:51
1449,C-02,2026-08-24 07:00:00,2,3,1156,2026-09-04 02:29:51
1450,C-02,2026-08-24 08:00:00,1,1,1178,2026-09-04 02:29:51
1451,C-02,2026-08-24 08:00:00,1,2,925,2026-09-04 02:29:51
1452,C-02,2026-08-24 08:00:00,1,3,522,2026-09-04 02:29:51
1453,C-02,2026-08-24 08:00:00,2,1,961,2026-09-04 02:29:51
1454,C-02,2026-08-24 08:00:00,2,2,895,2026-09-04 02:29:51
1455,C-02,2026-08-24 08:00:00,2,3,987,2026-09-04 02:29:51
1456,C-02,2026-08-24 09:00:00,1,1,934,2026-09-04 02:29:51
1457,C-02,2026-08-24 09:00:00,1,2,792,2026-09-04 02:29:51
1458,C-02,2026-08-24 09:00:00,1,3,615,2026-09-04 02:29:51
1459,C-02,2026-08-24 09:00:00,2,1,1066,2026-09-04 02:29:51
1460,C-02,2026-08-24 09:00:00,2,2,800,2026-09-04 02:29:51
1461,C-02,2026-08-24 09:00:00,2,3,812,2026-09-04 02:29:51
1462,C-02,2026-08-24 10:00:00,1,1,781,2026-09-04 02:29:52
1463,C-02,2026-08-24 10:00:00,1,2,718,2026-09-04 02:29:52
1464,C-02,2026-08-24 10:00:00,1,3,456,2026-09-04 02:29:52
1465,C-02,2026-08-24 10:00:00,2,1,850,2026-09-04 02:29:52
1466,C-02,2026-08-24 10:00:00,2,2,754,2026-09-04 02:29:52
1467,C-02,2026-08-24 10:00:00,2,3,545,2026-09-04 02:29:52
1468,C-02,2026-08-24 11:00:00,1,1,860,2026-09-04 02:29:52
1469,C-02,2026-08-24 11:00:00,1,2,816,2026-09-04 02:29:52
1470,C-02,2026-08-24 11:00:00,1,3,379,2026-09-04 02:29:52
1471,C-02,2026-08-24 11:00:00,2,1,753,2026-09-04 02:29:52
1472,C-02,2026-08-24 11:00:00,2,2,681,2026-09-04 02:29:52
1473,C-02,2026-08-24 11:00:00,2,3,522,2026-09-04 02:29:52
1474,C-02,2026-08-24 12:00:00,1,1,740,2026-09-04 02:29:52
1475,C-02,2026-08-24 12:00:00,1,2,740,2026-09-04 02:29:52
1476,C-02,2026-08-24 12:00:00,1,3,384,2026-09-04 02:29:52
1477,C-02,2026-08-24 12:00:00,2,1,609,2026-09-04 02:29:52
1478,C-02,2026-08-24 12:00:00,2,2,552,2026-09-04 02:29:52
1479,C-02,2026-08-24 12:00:00,2,3,375,2026-09-04 02:29:52
1480,C-02,2026-08-24 13:00:00,1,1,779,2026-09-04 02:29:52
1481,C-02,2026-08-24 13:00:00,1,2,745,2026-09-04 02:29:52
1482,C-02,2026-08-24 13:00:00,1,3,482,2026-09-04 02:29:52
1483,C-02,2026-08-24 13:00:00,2,1,665,2026-09-04 02:29:52
1484,C-02,2026-08-24 13:00:00,2,2,581,2026-09-04 02:29:52
1485,C-02,2026-08-24 13:00:00,2,3,461,2026-09-04 02:29:52
1486,C-02,2026-08-24 14:00:00,1,1,810,2026-09-04 02:29:52
1487,C-02,2026-08-24 14:00:00,1,2,813,2026-09-04 02:29:52
1488,C-02,2026-08-24 14:00:00,1,3,461,2026-09-04 02:29:52
1489,C-02,2026-08-24 14:00:00,2,1,598,2026-09-04 02:29:52
1490,C-02,2026-08-24 14:00:00,2,2,708,2026-09-04 02:29:52
1491,C-02,2026-08-24 14:00:00,2,3,539,2026-09-04 02:29:52
1492,C-02,2026-08-24 15:00:00,1,1,739,2026-09-04 02:29:52
1493,C-02,2026-08-24 15:00:00,1,2,643,2026-09-04 02:29:52
1494,C-02,2026-08-24 15:00:00,1,3,290,2026-09-04 02:29:52
1495,C-02,2026-08-24 15:00:00,2,1,434,2026-09-04 02:29:52
1496,C-02,2026-08-24 15:00:00,2,2,514,2026-09-04 02:29:52
1497,C-02,2026-08-24 15:00:00,2,3,375,2026-09-04 02:29:52
1498,C-02,2026-08-24 16:00:00,1,1,816,2026-09-04 02:29:53
1499,C-02,2026-08-24 16:00:00,1,2,731,2026-09-04 02:29:53
1500,C-02,2026-08-24 16:00:00,1,3,389,2026-09-04 02:29:53
1501,C-02,2026-08-24 16:00:00,2,1,520,2026-09-04 02:29:53
1502,C-02,2026-08-24 16:00:00,2,2,565,2026-09-04 02:29:53
1503,C-02,2026-08-24 16:00:00,2,3,389,2026-09-04 02:29:53
1504,C-02,2026-08-24 17:00:00,1,1,1117,2026-09-04 02:29:53
1505,C-02,2026-08-24 17:00:00,1,2,1072,2026-09-04 02:29:53
1506,C-02,2026-08-24 17:00:00,1,3,601,2026-09-04 02:29:53
1507,C-02,2026-08-24 17:00:00,2,1,1022,2026-09-04 02:29:53
1508,C-02,2026-08-24 17:00:00,2,2,1018,2026-09-04 02:29:53
1509,C-02,2026-08-24 17:00:00,2,3,805,2026-09-04 02:29:53
1510,C-02,2026-08-24 18:00:00,1,1,1300,2026-09-04 02:29:53
1511,C-02,2026-08-24 18:00:00,1,2,1096,2026-09-04 02:29:53
1512,C-02,2026-08-24 18:00:00,1,3,562,2026-09-04 02:29:53
1513,C-02,2026-08-24 18:00:00,2,1,490,2026-09-04 02:29:53
1514,C-02,2026-08-24 18:00:00,2,2,817,2026-09-04 02:29:53
1515,C-02,2026-08-24 18:00:00,2,3,742,2026-09-04 02:29:53
1516,C-02,2026-08-24 19:00:00,1,1,1122,2026-09-04 02:29:53
1517,C-02,2026-08-24 19:00:00,1,2,1002,2026-09-04 02:29:53
1518,C-02,2026-08-24 19:00:00,1,3,493,2026-09-04 02:29:53
1519,C-02,2026-08-24 19:00:00,2,1,774,2026-09-04 02:29:53
1520,C-02,2026-08-24 19:00:00,2,2,643,2026-09-04 02:29:53
1521,C-02,2026-08-24 19:00:00,2,3,425,2026-09-04 02:29:53
1522,C-02,2026-08-24 20:00:00,1,1,973,2026-09-04 02:29:53
1523,C-02,2026-08-24 20:00:00,1,2,874,2026-09-04 02:29:53
1524,C-02,2026-08-24 20:00:00,1,3,319,2026-09-04 02:29:53
1525,C-02,2026-08-24 20:00:00,2,1,599,2026-09-04 02:29:53
1526,C-02,2026-08-24 20:00:00,2,2,457,2026-09-04 02:29:53
1527,C-02,2026-08-24 20:00:00,2,3,225,2026-09-04 02:29:53
1528,C-02,2026-08-24 21:00:00,1,1,623,2026-09-04 02:29:54
1529,C-02,2026-08-24 21:00:00,1,2,566,2026-09-04 02:29:54
1530,C-02,2026-08-24 21:00:00,1,3,215,2026-09-04 02:29:54
1531,C-02,2026-08-24 21:00:00,2,1,699,2026-09-04 02:29:54
1532,C-02,2026-08-24 21:00:00,2,2,450,2026-09-04 02:29:54
1533,C-02,2026-08-24 21:00:00,2,3,212,2026-09-04 02:29:54
1534,C-02,2026-08-24 22:00:00,1,1,658,2026-09-04 02:29:54
1535,C-02,2026-08-24 22:00:00,1,2,563,2026-09-04 02:29:54
1536,C-02,2026-08-24 22:00:00,1,3,184,2026-09-04 02:29:54
1537,C-02,2026-08-24 22:00:00,2,1,463,2026-09-04 02:29:54
1538,C-02,2026-08-24 22:00:00,2,2,326,2026-09-04 02:29:54
1539,C-02,2026-08-24 22:00:00,2,3,166,2026-09-04 02:29:54
1540,C-02,2026-08-24 23:00:00,1,1,428,2026-09-04 02:29:54
1541,C-02,2026-08-24 23:00:00,1,2,377,2026-09-04 02:29:54
1542,C-02,2026-08-24 23:00:00,1,3,85,2026-09-04 02:29:54
1543,C-02,2026-08-24 23:00:00,2,1,319,2026-09-04 02:29:54
1544,C-02,2026-08-24 23:00:00,2,2,232,2026-09-04 02:29:54
1545,C-02,2026-08-24 23:00:00,2,3,103,2026-09-04 02:29:54
1270,C-02,2026-08-25 01:00:00,1,1,202,2026-09-04 02:29:46
1271,C-02,2026-08-25 01:00:00,1,2,187,2026-09-04 02:29:46
1272,C-02,2026-08-25 01:00:00,1,3,34,2026-09-04 02:29:46
1273,C-02,2026-08-25 01:00:00,2,1,129,2026-09-04 02:29:46
1274,C-02,2026-08-25 01:00:00,2,2,115,2026-09-04 02:29:46
1275,C-02,2026-08-25 01:00:00,2,3,37,2026-09-04 02:29:46
1276,C-02,2026-08-25 02:00:00,1,1,147,2026-09-04 02:29:46
1277,C-02,2026-08-25 02:00:00,1,2,164,2026-09-04 02:29:46
1278,C-02,2026-08-25 02:00:00,1,3,20,2026-09-04 02:29:46
1279,C-02,2026-08-25 02:00:00,2,1,138,2026-09-04 02:29:46
1280,C-02,2026-08-25 02:00:00,2,2,98,2026-09-04 02:29:46
1281,C-02,2026-08-25 02:00:00,2,3,35,2026-09-04 02:29:46
1282,C-02,2026-08-25 03:00:00,1,1,106,2026-09-04 02:29:46
1283,C-02,2026-08-25 03:00:00,1,2,135,2026-09-04 02:29:46
1284,C-02,2026-08-25 03:00:00,1,3,22,2026-09-04 02:29:46
1285,C-02,2026-08-25 03:00:00,2,1,122,2026-09-04 02:29:46
1286,C-02,2026-08-25 03:00:00,2,2,87,2026-09-04 02:29:46
1287,C-02,2026-08-25 03:00:00,2,3,24,2026-09-04 02:29:46
1288,C-02,2026-08-25 04:00:00,1,1,164,2026-09-04 02:29:47
1289,C-02,2026-08-25 04:00:00,1,2,189,2026-09-04 02:29:47
1290,C-02,2026-08-25 04:00:00,1,3,24,2026-09-04 02:29:47
1291,C-02,2026-08-25 04:00:00,2,1,278,2026-09-04 02:29:47
1292,C-02,2026-08-25 04:00:00,2,2,128,2026-09-04 02:29:47
1293,C-02,2026-08-25 04:00:00,2,3,46,2026-09-04 02:29:47
1294,C-02,2026-08-25 05:00:00,1,1,366,2026-09-04 02:29:47
1295,C-02,2026-08-25 05:00:00,1,2,318,2026-09-04 02:29:47
1296,C-02,2026-08-25 05:00:00,1,3,132,2026-09-04 02:29:47
1297,C-02,2026-08-25 05:00:00,2,1,677,2026-09-04 02:29:47
1298,C-02,2026-08-25 05:00:00,2,2,214,2026-09-04 02:29:47
1299,C-02,2026-08-25 05:00:00,2,3,138,2026-09-04 02:29:47
1300,C-02,2026-08-25 06:00:00,1,1,628,2026-09-04 02:29:47
1301,C-02,2026-08-25 06:00:00,1,2,532,2026-09-04 02:29:47
1302,C-02,2026-08-25 06:00:00,1,3,435,2026-09-04 02:29:47
1303,C-02,2026-08-25 06:00:00,2,1,1016,2026-09-04 02:29:47
1304,C-02,2026-08-25 06:00:00,2,2,532,2026-09-04 02:29:47
1305,C-02,2026-08-25 06:00:00,2,3,613,2026-09-04 02:29:47
1306,C-02,2026-08-25 07:00:00,1,1,979,2026-09-04 02:29:47
1307,C-02,2026-08-25 07:00:00,1,2,861,2026-09-04 02:29:47
1308,C-02,2026-08-25 07:00:00,1,3,520,2026-09-04 02:29:47
1309,C-02,2026-08-25 07:00:00,2,1,1090,2026-09-04 02:29:47
1310,C-02,2026-08-25 07:00:00,2,2,877,2026-09-04 02:29:47
1311,C-02,2026-08-25 07:00:00,2,3,1166,2026-09-04 02:29:47
1312,C-02,2026-08-25 08:00:00,1,1,1171,2026-09-04 02:29:47
1313,C-02,2026-08-25 08:00:00,1,2,996,2026-09-04 02:29:47
1314,C-02,2026-08-25 08:00:00,1,3,598,2026-09-04 02:29:47
1315,C-02,2026-08-25 08:00:00,2,1,884,2026-09-04 02:29:47
1316,C-02,2026-08-25 08:00:00,2,2,905,2026-09-04 02:29:47
1317,C-02,2026-08-25 08:00:00,2,3,1093,2026-09-04 02:29:47
1318,C-02,2026-08-25 09:00:00,1,1,879,2026-09-04 02:29:47
1319,C-02,2026-08-25 09:00:00,1,2,829,2026-09-04 02:29:47
1320,C-02,2026-08-25 09:00:00,1,3,559,2026-09-04 02:29:47
1321,C-02,2026-08-25 09:00:00,2,1,946,2026-09-04 02:29:47
1322,C-02,2026-08-25 09:00:00,2,2,861,2026-09-04 02:29:47
1323,C-02,2026-08-25 09:00:00,2,3,736,2026-09-04 02:29:47
1324,C-02,2026-08-25 10:00:00,1,1,784,2026-09-04 02:29:48
1325,C-02,2026-08-25 10:00:00,1,2,685,2026-09-04 02:29:48
1326,C-02,2026-08-25 10:00:00,1,3,346,2026-09-04 02:29:48
1327,C-02,2026-08-25 10:00:00,2,1,748,2026-09-04 02:29:48
1328,C-02,2026-08-25 10:00:00,2,2,819,2026-09-04 02:29:48
1329,C-02,2026-08-25 10:00:00,2,3,785,2026-09-04 02:29:48
1330,C-02,2026-08-25 11:00:00,1,1,781,2026-09-04 02:29:48
1331,C-02,2026-08-25 11:00:00,1,2,713,2026-09-04 02:29:48
1332,C-02,2026-08-25 11:00:00,1,3,290,2026-09-04 02:29:48
1333,C-02,2026-08-25 11:00:00,2,1,654,2026-09-04 02:29:48
1334,C-02,2026-08-25 11:00:00,2,2,731,2026-09-04 02:29:48
1335,C-02,2026-08-25 11:00:00,2,3,632,2026-09-04 02:29:48
1336,C-02,2026-08-25 12:00:00,1,1,796,2026-09-04 02:29:48
1337,C-02,2026-08-25 12:00:00,1,2,721,2026-09-04 02:29:48
1338,C-02,2026-08-25 12:00:00,1,3,323,2026-09-04 02:29:48
1339,C-02,2026-08-25 12:00:00,2,1,624,2026-09-04 02:29:48
1340,C-02,2026-08-25 12:00:00,2,2,593,2026-09-04 02:29:48
1341,C-02,2026-08-25 12:00:00,2,3,432,2026-09-04 02:29:48
1342,C-02,2026-08-25 13:00:00,1,1,850,2026-09-04 02:29:48
1343,C-02,2026-08-25 13:00:00,1,2,800,2026-09-04 02:29:48
1344,C-02,2026-08-25 13:00:00,1,3,386,2026-09-04 02:29:48
1345,C-02,2026-08-25 13:00:00,2,1,761,2026-09-04 02:29:48
1346,C-02,2026-08-25 13:00:00,2,2,701,2026-09-04 02:29:48
1347,C-02,2026-08-25 13:00:00,2,3,522,2026-09-04 02:29:48
1348,C-02,2026-08-25 14:00:00,1,1,882,2026-09-04 02:29:48
1349,C-02,2026-08-25 14:00:00,1,2,826,2026-09-04 02:29:48
1350,C-02,2026-08-25 14:00:00,1,3,379,2026-09-04 02:29:48
1351,C-02,2026-08-25 14:00:00,2,1,524,2026-09-04 02:29:48
1352,C-02,2026-08-25 14:00:00,2,2,622,2026-09-04 02:29:48
1353,C-02,2026-08-25 14:00:00,2,3,452,2026-09-04 02:29:48
1354,C-02,2026-08-25 15:00:00,1,1,928,2026-09-04 02:29:48
1355,C-02,2026-08-25 15:00:00,1,2,837,2026-09-04 02:29:48
1356,C-02,2026-08-25 15:00:00,1,3,325,2026-09-04 02:29:48
1357,C-02,2026-08-25 15:00:00,2,1,789,2026-09-04 02:29:48
1358,C-02,2026-08-25 15:00:00,2,2,772,2026-09-04 02:29:48
1359,C-02,2026-08-25 15:00:00,2,3,645,2026-09-04 02:29:48
1360,C-02,2026-08-25 16:00:00,1,1,1151,2026-09-04 02:29:49
1361,C-02,2026-08-25 16:00:00,1,2,1053,2026-09-04 02:29:49
1362,C-02,2026-08-25 16:00:00,1,3,479,2026-09-04 02:29:49
1363,C-02,2026-08-25 16:00:00,2,1,535,2026-09-04 02:29:49
1364,C-02,2026-08-25 16:00:00,2,2,800,2026-09-04 02:29:49
1365,C-02,2026-08-25 16:00:00,2,3,643,2026-09-04 02:29:49
1366,C-02,2026-08-25 17:00:00,1,1,1132,2026-09-04 02:29:49
1367,C-02,2026-08-25 17:00:00,1,2,1077,2026-09-04 02:29:49
1368,C-02,2026-08-25 17:00:00,1,3,664,2026-09-04 02:29:49
1369,C-02,2026-08-25 17:00:00,2,1,769,2026-09-04 02:29:49
1370,C-02,2026-08-25 17:00:00,2,2,902,2026-09-04 02:29:49
1371,C-02,2026-08-25 17:00:00,2,3,869,2026-09-04 02:29:49
1372,C-02,2026-08-25 18:00:00,1,1,1213,2026-09-04 02:29:49
1373,C-02,2026-08-25 18:00:00,1,2,1154,2026-09-04 02:29:49
1374,C-02,2026-08-25 18:00:00,1,3,608,2026-09-04 02:29:49
1375,C-02,2026-08-25 18:00:00,2,1,732,2026-09-04 02:29:49
1376,C-02,2026-08-25 18:00:00,2,2,805,2026-09-04 02:29:49
1377,C-02,2026-08-25 18:00:00,2,3,694,2026-09-04 02:29:49
1378,C-02,2026-08-25 19:00:00,1,1,1068,2026-09-04 02:29:49
1379,C-02,2026-08-25 19:00:00,1,2,975,2026-09-04 02:29:49
1380,C-02,2026-08-25 19:00:00,1,3,473,2026-09-04 02:29:49
1381,C-02,2026-08-25 19:00:00,2,1,671,2026-09-04 02:29:49
1382,C-02,2026-08-25 19:00:00,2,2,614,2026-09-04 02:29:49
1383,C-02,2026-08-25 19:00:00,2,3,397,2026-09-04 02:29:49
1384,C-02,2026-08-25 20:00:00,1,1,848,2026-09-04 02:29:49
1385,C-02,2026-08-25 20:00:00,1,2,774,2026-09-04 02:29:49
1386,C-02,2026-08-25 20:00:00,1,3,319,2026-09-04 02:29:49
1387,C-02,2026-08-25 20:00:00,2,1,708,2026-09-04 02:29:49
1388,C-02,2026-08-25 20:00:00,2,2,511,2026-09-04 02:29:49
1389,C-02,2026-08-25 20:00:00,2,3,315,2026-09-04 02:29:49
1390,C-02,2026-08-25 21:00:00,1,1,747,2026-09-04 02:29:49
1391,C-02,2026-08-25 21:00:00,1,2,664,2026-09-04 02:29:49
1392,C-02,2026-08-25 21:00:00,1,3,238,2026-09-04 02:29:49
1393,C-02,2026-08-25 21:00:00,2,1,799,2026-09-04 02:29:49
1394,C-02,2026-08-25 21:00:00,2,2,507,2026-09-04 02:29:49
1395,C-02,2026-08-25 21:00:00,2,3,323,2026-09-04 02:29:49
1396,C-02,2026-08-25 22:00:00,1,1,663,2026-09-04 02:29:50
1397,C-02,2026-08-25 22:00:00,1,2,620,2026-09-04 02:29:50
1398,C-02,2026-08-25 22:00:00,1,3,218,2026-09-04 02:29:50
1399,C-02,2026-08-25 22:00:00,2,1,549,2026-09-04 02:29:50
1400,C-02,2026-08-25 22:00:00,2,2,461,2026-09-04 02:29:50
1401,C-02,2026-08-25 22:00:00,2,3,262,2026-09-04 02:29:50
1402,C-02,2026-08-25 23:00:00,1,1,419,2026-09-04 02:29:50
1403,C-02,2026-08-25 23:00:00,1,2,390,2026-09-04 02:29:50
1404,C-02,2026-08-25 23:00:00,1,3,104,2026-09-04 02:29:50
1405,C-02,2026-08-25 23:00:00,2,1,398,2026-09-04 02:29:50
1406,C-02,2026-08-25 23:00:00,2,2,269,2026-09-04 02:29:50
1407,C-02,2026-08-25 23:00:00,2,3,92,2026-09-04 02:29:50
1132,C-02,2026-08-26 01:00:00,1,1,193,2026-09-04 02:29:42
1133,C-02,2026-08-26 01:00:00,1,2,195,2026-09-04 02:29:42
1134,C-02,2026-08-26 01:00:00,1,3,30,2026-09-04 02:29:42
1135,C-02,2026-08-26 01:00:00,2,1,167,2026-09-04 02:29:42
1136,C-02,2026-08-26 01:00:00,2,2,110,2026-09-04 02:29:42
1137,C-02,2026-08-26 01:00:00,2,3,41,2026-09-04 02:29:42
1138,C-02,2026-08-26 02:00:00,1,1,133,2026-09-04 02:29:42
1139,C-02,2026-08-26 02:00:00,1,2,145,2026-09-04 02:29:42
1140,C-02,2026-08-26 02:00:00,1,3,20,2026-09-04 02:29:42
1141,C-02,2026-08-26 02:00:00,2,1,122,2026-09-04 02:29:42
1142,C-02,2026-08-26 02:00:00,2,2,106,2026-09-04 02:29:42
1143,C-02,2026-08-26 02:00:00,2,3,32,2026-09-04 02:29:42
1144,C-02,2026-08-26 03:00:00,1,1,133,2026-09-04 02:29:42
1145,C-02,2026-08-26 03:00:00,1,2,132,2026-09-04 02:29:42
1146,C-02,2026-08-26 03:00:00,1,3,16,2026-09-04 02:29:42
1147,C-02,2026-08-26 03:00:00,2,1,136,2026-09-04 02:29:42
1148,C-02,2026-08-26 03:00:00,2,2,84,2026-09-04 02:29:42
1149,C-02,2026-08-26 03:00:00,2,3,35,2026-09-04 02:29:42
1150,C-02,2026-08-26 04:00:00,1,1,159,2026-09-04 02:29:43
1151,C-02,2026-08-26 04:00:00,1,2,177,2026-09-04 02:29:43
1152,C-02,2026-08-26 04:00:00,1,3,35,2026-09-04 02:29:43
1153,C-02,2026-08-26 04:00:00,2,1,285,2026-09-04 02:29:43
1154,C-02,2026-08-26 04:00:00,2,2,135,2026-09-04 02:29:43
1155,C-02,2026-08-26 04:00:00,2,3,48,2026-09-04 02:29:43
1156,C-02,2026-08-26 05:00:00,1,1,363,2026-09-04 02:29:43
1157,C-02,2026-08-26 05:00:00,1,2,353,2026-09-04 02:29:43
1158,C-02,2026-08-26 05:00:00,1,3,139,2026-09-04 02:29:43
1159,C-02,2026-08-26 05:00:00,2,1,682,2026-09-04 02:29:43
1160,C-02,2026-08-26 05:00:00,2,2,239,2026-09-04 02:29:43
1161,C-02,2026-08-26 05:00:00,2,3,133,2026-09-04 02:29:43
1162,C-02,2026-08-26 06:00:00,1,1,624,2026-09-04 02:29:43
1163,C-02,2026-08-26 06:00:00,1,2,532,2026-09-04 02:29:43
1164,C-02,2026-08-26 06:00:00,1,3,408,2026-09-04 02:29:43
1165,C-02,2026-08-26 06:00:00,2,1,1124,2026-09-04 02:29:43
1166,C-02,2026-08-26 06:00:00,2,2,585,2026-09-04 02:29:43
1167,C-02,2026-08-26 06:00:00,2,3,627,2026-09-04 02:29:43
1168,C-02,2026-08-26 07:00:00,1,1,916,2026-09-04 02:29:43
1169,C-02,2026-08-26 07:00:00,1,2,805,2026-09-04 02:29:43
1170,C-02,2026-08-26 07:00:00,1,3,475,2026-09-04 02:29:43
1171,C-02,2026-08-26 07:00:00,2,1,1097,2026-09-04 02:29:43
1172,C-02,2026-08-26 07:00:00,2,2,966,2026-09-04 02:29:43
1173,C-02,2026-08-26 07:00:00,2,3,1197,2026-09-04 02:29:43
1174,C-02,2026-08-26 08:00:00,1,1,1135,2026-09-04 02:29:43
1175,C-02,2026-08-26 08:00:00,1,2,887,2026-09-04 02:29:43
1176,C-02,2026-08-26 08:00:00,1,3,495,2026-09-04 02:29:43
1177,C-02,2026-08-26 08:00:00,2,1,992,2026-09-04 02:29:43
1178,C-02,2026-08-26 08:00:00,2,2,904,2026-09-04 02:29:43
1179,C-02,2026-08-26 08:00:00,2,3,938,2026-09-04 02:29:43
1180,C-02,2026-08-26 09:00:00,1,1,968,2026-09-04 02:29:43
1181,C-02,2026-08-26 09:00:00,1,2,868,2026-09-04 02:29:43
1182,C-02,2026-08-26 09:00:00,1,3,622,2026-09-04 02:29:43
1183,C-02,2026-08-26 09:00:00,2,1,953,2026-09-04 02:29:43
1184,C-02,2026-08-26 09:00:00,2,2,810,2026-09-04 02:29:43
1185,C-02,2026-08-26 09:00:00,2,3,958,2026-09-04 02:29:43
1186,C-02,2026-08-26 10:00:00,1,1,851,2026-09-04 02:29:44
1187,C-02,2026-08-26 10:00:00,1,2,809,2026-09-04 02:29:44
1188,C-02,2026-08-26 10:00:00,1,3,489,2026-09-04 02:29:44
1189,C-02,2026-08-26 10:00:00,2,1,734,2026-09-04 02:29:44
1190,C-02,2026-08-26 10:00:00,2,2,721,2026-09-04 02:29:44
1191,C-02,2026-08-26 10:00:00,2,3,679,2026-09-04 02:29:44
1192,C-02,2026-08-26 11:00:00,1,1,861,2026-09-04 02:29:44
1193,C-02,2026-08-26 11:00:00,1,2,814,2026-09-04 02:29:44
1194,C-02,2026-08-26 11:00:00,1,3,452,2026-09-04 02:29:44
1195,C-02,2026-08-26 11:00:00,2,1,660,2026-09-04 02:29:44
1196,C-02,2026-08-26 11:00:00,2,2,689,2026-09-04 02:29:44
1197,C-02,2026-08-26 11:00:00,2,3,517,2026-09-04 02:29:44
1198,C-02,2026-08-26 12:00:00,1,1,801,2026-09-04 02:29:44
1199,C-02,2026-08-26 12:00:00,1,2,783,2026-09-04 02:29:44
1200,C-02,2026-08-26 12:00:00,1,3,349,2026-09-04 02:29:44
1201,C-02,2026-08-26 12:00:00,2,1,645,2026-09-04 02:29:44
1202,C-02,2026-08-26 12:00:00,2,2,599,2026-09-04 02:29:44
1203,C-02,2026-08-26 12:00:00,2,3,421,2026-09-04 02:29:44
1204,C-02,2026-08-26 13:00:00,1,1,889,2026-09-04 02:29:44
1205,C-02,2026-08-26 13:00:00,1,2,792,2026-09-04 02:29:44
1206,C-02,2026-08-26 13:00:00,1,3,526,2026-09-04 02:29:44
1207,C-02,2026-08-26 13:00:00,2,1,760,2026-09-04 02:29:44
1208,C-02,2026-08-26 13:00:00,2,2,652,2026-09-04 02:29:44
1209,C-02,2026-08-26 13:00:00,2,3,553,2026-09-04 02:29:44
1210,C-02,2026-08-26 14:00:00,1,1,860,2026-09-04 02:29:44
1211,C-02,2026-08-26 14:00:00,1,2,781,2026-09-04 02:29:44
1212,C-02,2026-08-26 14:00:00,1,3,517,2026-09-04 02:29:44
1213,C-02,2026-08-26 14:00:00,2,1,723,2026-09-04 02:29:44
1214,C-02,2026-08-26 14:00:00,2,2,644,2026-09-04 02:29:44
1215,C-02,2026-08-26 14:00:00,2,3,496,2026-09-04 02:29:44
1216,C-02,2026-08-26 15:00:00,1,1,968,2026-09-04 02:29:44
1217,C-02,2026-08-26 15:00:00,1,2,916,2026-09-04 02:29:44
1218,C-02,2026-08-26 15:00:00,1,3,384,2026-09-04 02:29:44
1219,C-02,2026-08-26 15:00:00,2,1,657,2026-09-04 02:29:44
1220,C-02,2026-08-26 15:00:00,2,2,799,2026-09-04 02:29:44
1221,C-02,2026-08-26 15:00:00,2,3,619,2026-09-04 02:29:44
1222,C-02,2026-08-26 16:00:00,1,1,1236,2026-09-04 02:29:45
1223,C-02,2026-08-26 16:00:00,1,2,1186,2026-09-04 02:29:45
1224,C-02,2026-08-26 16:00:00,1,3,701,2026-09-04 02:29:45
1225,C-02,2026-08-26 16:00:00,2,1,589,2026-09-04 02:29:45
1226,C-02,2026-08-26 16:00:00,2,2,901,2026-09-04 02:29:45
1227,C-02,2026-08-26 16:00:00,2,3,724,2026-09-04 02:29:45
1228,C-02,2026-08-26 17:00:00,1,1,1184,2026-09-04 02:29:45
1229,C-02,2026-08-26 17:00:00,1,2,1052,2026-09-04 02:29:45
1230,C-02,2026-08-26 17:00:00,1,3,524,2026-09-04 02:29:45
1231,C-02,2026-08-26 17:00:00,2,1,690,2026-09-04 02:29:45
1232,C-02,2026-08-26 17:00:00,2,2,859,2026-09-04 02:29:45
1233,C-02,2026-08-26 17:00:00,2,3,798,2026-09-04 02:29:45
1234,C-02,2026-08-26 18:00:00,1,1,1240,2026-09-04 02:29:45
1235,C-02,2026-08-26 18:00:00,1,2,1088,2026-09-04 02:29:45
1236,C-02,2026-08-26 18:00:00,1,3,582,2026-09-04 02:29:45
1237,C-02,2026-08-26 18:00:00,2,1,599,2026-09-04 02:29:45
1238,C-02,2026-08-26 18:00:00,2,2,799,2026-09-04 02:29:45
1239,C-02,2026-08-26 18:00:00,2,3,662,2026-09-04 02:29:45
1240,C-02,2026-08-26 19:00:00,1,1,1021,2026-09-04 02:29:45
1241,C-02,2026-08-26 19:00:00,1,2,950,2026-09-04 02:29:45
1242,C-02,2026-08-26 19:00:00,1,3,518,2026-09-04 02:29:45
1243,C-02,2026-08-26 19:00:00,2,1,765,2026-09-04 02:29:45
1244,C-02,2026-08-26 19:00:00,2,2,684,2026-09-04 02:29:45
1245,C-02,2026-08-26 19:00:00,2,3,437,2026-09-04 02:29:45
1246,C-02,2026-08-26 20:00:00,1,1,898,2026-09-04 02:29:45
1247,C-02,2026-08-26 20:00:00,1,2,840,2026-09-04 02:29:45
1248,C-02,2026-08-26 20:00:00,1,3,322,2026-09-04 02:29:45
1249,C-02,2026-08-26 20:00:00,2,1,732,2026-09-04 02:29:45
1250,C-02,2026-08-26 20:00:00,2,2,514,2026-09-04 02:29:45
1251,C-02,2026-08-26 20:00:00,2,3,270,2026-09-04 02:29:45
1252,C-02,2026-08-26 21:00:00,1,1,726,2026-09-04 02:29:45
1253,C-02,2026-08-26 21:00:00,1,2,623,2026-09-04 02:29:45
1254,C-02,2026-08-26 21:00:00,1,3,227,2026-09-04 02:29:45
1255,C-02,2026-08-26 21:00:00,2,1,636,2026-09-04 02:29:45
1256,C-02,2026-08-26 21:00:00,2,2,439,2026-09-04 02:29:45
1257,C-02,2026-08-26 21:00:00,2,3,258,2026-09-04 02:29:45
1258,C-02,2026-08-26 22:00:00,1,1,661,2026-09-04 02:29:46
1259,C-02,2026-08-26 22:00:00,1,2,574,2026-09-04 02:29:46
1260,C-02,2026-08-26 22:00:00,1,3,187,2026-09-04 02:29:46
1261,C-02,2026-08-26 22:00:00,2,1,524,2026-09-04 02:29:46
1262,C-02,2026-08-26 22:00:00,2,2,393,2026-09-04 02:29:46
1263,C-02,2026-08-26 22:00:00,2,3,186,2026-09-04 02:29:46
1264,C-02,2026-08-26 23:00:00,1,1,478,2026-09-04 02:29:46
1265,C-02,2026-08-26 23:00:00,1,2,412,2026-09-04 02:29:46
1266,C-02,2026-08-26 23:00:00,1,3,116,2026-09-04 02:29:46
1267,C-02,2026-08-26 23:00:00,2,1,342,2026-09-04 02:29:46
1268,C-02,2026-08-26 23:00:00,2,2,245,2026-09-04 02:29:46
1269,C-02,2026-08-26 23:00:00,2,3,105,2026-09-04 02:29:46
994,C-02,2026-08-27 01:00:00,1,1,189,2026-09-04 02:29:38
995,C-02,2026-08-27 01:00:00,1,2,222,2026-09-04 02:29:38
996,C-02,2026-08-27 01:00:00,1,3,30,2026-09-04 02:29:38
997,C-02,2026-08-27 01:00:00,2,1,162,2026-09-04 02:29:38
998,C-02,2026-08-27 01:00:00,2,2,151,2026-09-04 02:29:38
999,C-02,2026-08-27 01:00:00,2,3,44,2026-09-04 02:29:38
1000,C-02,2026-08-27 02:00:00,1,1,150,2026-09-04 02:29:38
1001,C-02,2026-08-27 02:00:00,1,2,135,2026-09-04 02:29:38
1002,C-02,2026-08-27 02:00:00,1,3,21,2026-09-04 02:29:38
1003,C-02,2026-08-27 02:00:00,2,1,135,2026-09-04 02:29:38
1004,C-02,2026-08-27 02:00:00,2,2,104,2026-09-04 02:29:38
1005,C-02,2026-08-27 02:00:00,2,3,39,2026-09-04 02:29:38
1006,C-02,2026-08-27 03:00:00,1,1,140,2026-09-04 02:29:38
1007,C-02,2026-08-27 03:00:00,1,2,162,2026-09-04 02:29:38
1008,C-02,2026-08-27 03:00:00,1,3,21,2026-09-04 02:29:38
1009,C-02,2026-08-27 03:00:00,2,1,125,2026-09-04 02:29:38
1010,C-02,2026-08-27 03:00:00,2,2,89,2026-09-04 02:29:38
1011,C-02,2026-08-27 03:00:00,2,3,37,2026-09-04 02:29:38
1012,C-02,2026-08-27 04:00:00,1,1,197,2026-09-04 02:29:38
1013,C-02,2026-08-27 04:00:00,1,2,176,2026-09-04 02:29:38
1014,C-02,2026-08-27 04:00:00,1,3,53,2026-09-04 02:29:38
1015,C-02,2026-08-27 04:00:00,2,1,263,2026-09-04 02:29:38
1016,C-02,2026-08-27 04:00:00,2,2,114,2026-09-04 02:29:38
1017,C-02,2026-08-27 04:00:00,2,3,59,2026-09-04 02:29:38
1018,C-02,2026-08-27 05:00:00,1,1,375,2026-09-04 02:29:39
1019,C-02,2026-08-27 05:00:00,1,2,340,2026-09-04 02:29:39
1020,C-02,2026-08-27 05:00:00,1,3,162,2026-09-04 02:29:39
1021,C-02,2026-08-27 05:00:00,2,1,708,2026-09-04 02:29:39
1022,C-02,2026-08-27 05:00:00,2,2,274,2026-09-04 02:29:39
1023,C-02,2026-08-27 05:00:00,2,3,128,2026-09-04 02:29:39
1024,C-02,2026-08-27 06:00:00,1,1,667,2026-09-04 02:29:39
1025,C-02,2026-08-27 06:00:00,1,2,560,2026-09-04 02:29:39
1026,C-02,2026-08-27 06:00:00,1,3,414,2026-09-04 02:29:39
1027,C-02,2026-08-27 06:00:00,2,1,1019,2026-09-04 02:29:39
1028,C-02,2026-08-27 06:00:00,2,2,530,2026-09-04 02:29:39
1029,C-02,2026-08-27 06:00:00,2,3,617,2026-09-04 02:29:39
1030,C-02,2026-08-27 07:00:00,1,1,964,2026-09-04 02:29:39
1031,C-02,2026-08-27 07:00:00,1,2,843,2026-09-04 02:29:39
1032,C-02,2026-08-27 07:00:00,1,3,541,2026-09-04 02:29:39
1033,C-02,2026-08-27 07:00:00,2,1,1030,2026-09-04 02:29:39
1034,C-02,2026-08-27 07:00:00,2,2,844,2026-09-04 02:29:39
1035,C-02,2026-08-27 07:00:00,2,3,965,2026-09-04 02:29:39
1036,C-02,2026-08-27 08:00:00,1,1,1095,2026-09-04 02:29:39
1037,C-02,2026-08-27 08:00:00,1,2,1058,2026-09-04 02:29:39
1038,C-02,2026-08-27 08:00:00,1,3,632,2026-09-04 02:29:39
1039,C-02,2026-08-27 08:00:00,2,1,910,2026-09-04 02:29:39
1040,C-02,2026-08-27 08:00:00,2,2,898,2026-09-04 02:29:39
1041,C-02,2026-08-27 08:00:00,2,3,1043,2026-09-04 02:29:39
1042,C-02,2026-08-27 09:00:00,1,1,950,2026-09-04 02:29:39
1043,C-02,2026-08-27 09:00:00,1,2,784,2026-09-04 02:29:39
1044,C-02,2026-08-27 09:00:00,1,3,537,2026-09-04 02:29:39
1045,C-02,2026-08-27 09:00:00,2,1,995,2026-09-04 02:29:39
1046,C-02,2026-08-27 09:00:00,2,2,806,2026-09-04 02:29:39
1047,C-02,2026-08-27 09:00:00,2,3,850,2026-09-04 02:29:39
1048,C-02,2026-08-27 10:00:00,1,1,910,2026-09-04 02:29:39
1049,C-02,2026-08-27 10:00:00,1,2,801,2026-09-04 02:29:39
1050,C-02,2026-08-27 10:00:00,1,3,413,2026-09-04 02:29:39
1051,C-02,2026-08-27 10:00:00,2,1,915,2026-09-04 02:29:39
1052,C-02,2026-08-27 10:00:00,2,2,841,2026-09-04 02:29:39
1053,C-02,2026-08-27 10:00:00,2,3,709,2026-09-04 02:29:39
1054,C-02,2026-08-27 11:00:00,1,1,903,2026-09-04 02:29:40
1055,C-02,2026-08-27 11:00:00,1,2,876,2026-09-04 02:29:40
1056,C-02,2026-08-27 11:00:00,1,3,401,2026-09-04 02:29:40
1057,C-02,2026-08-27 11:00:00,2,1,691,2026-09-04 02:29:40
1058,C-02,2026-08-27 11:00:00,2,2,723,2026-09-04 02:29:40
1059,C-02,2026-08-27 11:00:00,2,3,575,2026-09-04 02:29:40
1060,C-02,2026-08-27 12:00:00,1,1,881,2026-09-04 02:29:40
1061,C-02,2026-08-27 12:00:00,1,2,805,2026-09-04 02:29:40
1062,C-02,2026-08-27 12:00:00,1,3,485,2026-09-04 02:29:40
1063,C-02,2026-08-27 12:00:00,2,1,666,2026-09-04 02:29:40
1064,C-02,2026-08-27 12:00:00,2,2,614,2026-09-04 02:29:40
1065,C-02,2026-08-27 12:00:00,2,3,503,2026-09-04 02:29:40
1066,C-02,2026-08-27 13:00:00,1,1,838,2026-09-04 02:29:40
1067,C-02,2026-08-27 13:00:00,1,2,806,2026-09-04 02:29:40
1068,C-02,2026-08-27 13:00:00,1,3,402,2026-09-04 02:29:40
1069,C-02,2026-08-27 13:00:00,2,1,616,2026-09-04 02:29:40
1070,C-02,2026-08-27 13:00:00,2,2,632,2026-09-04 02:29:40
1071,C-02,2026-08-27 13:00:00,2,3,488,2026-09-04 02:29:40
1072,C-02,2026-08-27 14:00:00,1,1,889,2026-09-04 02:29:40
1073,C-02,2026-08-27 14:00:00,1,2,792,2026-09-04 02:29:40
1074,C-02,2026-08-27 14:00:00,1,3,362,2026-09-04 02:29:40
1075,C-02,2026-08-27 14:00:00,2,1,577,2026-09-04 02:29:40
1076,C-02,2026-08-27 14:00:00,2,2,741,2026-09-04 02:29:40
1077,C-02,2026-08-27 14:00:00,2,3,735,2026-09-04 02:29:40
1078,C-02,2026-08-27 15:00:00,1,1,982,2026-09-04 02:29:40
1079,C-02,2026-08-27 15:00:00,1,2,877,2026-09-04 02:29:40
1080,C-02,2026-08-27 15:00:00,1,3,341,2026-09-04 02:29:40
1081,C-02,2026-08-27 15:00:00,2,1,682,2026-09-04 02:29:40
1082,C-02,2026-08-27 15:00:00,2,2,788,2026-09-04 02:29:40
1083,C-02,2026-08-27 15:00:00,2,3,610,2026-09-04 02:29:40
1084,C-02,2026-08-27 16:00:00,1,1,1215,2026-09-04 02:29:41
1085,C-02,2026-08-27 16:00:00,1,2,1061,2026-09-04 02:29:41
1086,C-02,2026-08-27 16:00:00,1,3,523,2026-09-04 02:29:41
1087,C-02,2026-08-27 16:00:00,2,1,691,2026-09-04 02:29:41
1088,C-02,2026-08-27 16:00:00,2,2,906,2026-09-04 02:29:41
1089,C-02,2026-08-27 16:00:00,2,3,733,2026-09-04 02:29:41
1090,C-02,2026-08-27 17:00:00,1,1,1128,2026-09-04 02:29:41
1091,C-02,2026-08-27 17:00:00,1,2,1086,2026-09-04 02:29:41
1092,C-02,2026-08-27 17:00:00,1,3,529,2026-09-04 02:29:41
1093,C-02,2026-08-27 17:00:00,2,1,727,2026-09-04 02:29:41
1094,C-02,2026-08-27 17:00:00,2,2,957,2026-09-04 02:29:41
1095,C-02,2026-08-27 17:00:00,2,3,818,2026-09-04 02:29:41
1096,C-02,2026-08-27 18:00:00,1,1,1236,2026-09-04 02:29:41
1097,C-02,2026-08-27 18:00:00,1,2,1077,2026-09-04 02:29:41
1098,C-02,2026-08-27 18:00:00,1,3,601,2026-09-04 02:29:41
1099,C-02,2026-08-27 18:00:00,2,1,655,2026-09-04 02:29:41
1100,C-02,2026-08-27 18:00:00,2,2,885,2026-09-04 02:29:41
1101,C-02,2026-08-27 18:00:00,2,3,958,2026-09-04 02:29:41
1102,C-02,2026-08-27 19:00:00,1,1,1205,2026-09-04 02:29:41
1103,C-02,2026-08-27 19:00:00,1,2,1062,2026-09-04 02:29:41
1104,C-02,2026-08-27 19:00:00,1,3,495,2026-09-04 02:29:41
1105,C-02,2026-08-27 19:00:00,2,1,615,2026-09-04 02:29:41
1106,C-02,2026-08-27 19:00:00,2,2,539,2026-09-04 02:29:41
1107,C-02,2026-08-27 19:00:00,2,3,464,2026-09-04 02:29:41
1108,C-02,2026-08-27 20:00:00,1,1,950,2026-09-04 02:29:41
1109,C-02,2026-08-27 20:00:00,1,2,879,2026-09-04 02:29:41
1110,C-02,2026-08-27 20:00:00,1,3,302,2026-09-04 02:29:41
1111,C-02,2026-08-27 20:00:00,2,1,761,2026-09-04 02:29:41
1112,C-02,2026-08-27 20:00:00,2,2,511,2026-09-04 02:29:41
1113,C-02,2026-08-27 20:00:00,2,3,292,2026-09-04 02:29:41
1114,C-02,2026-08-27 21:00:00,1,1,749,2026-09-04 02:29:41
1115,C-02,2026-08-27 21:00:00,1,2,678,2026-09-04 02:29:41
1116,C-02,2026-08-27 21:00:00,1,3,253,2026-09-04 02:29:41
1117,C-02,2026-08-27 21:00:00,2,1,705,2026-09-04 02:29:41
1118,C-02,2026-08-27 21:00:00,2,2,503,2026-09-04 02:29:41
1119,C-02,2026-08-27 21:00:00,2,3,312,2026-09-04 02:29:41
1120,C-02,2026-08-27 22:00:00,1,1,741,2026-09-04 02:29:42
1121,C-02,2026-08-27 22:00:00,1,2,599,2026-09-04 02:29:42
1122,C-02,2026-08-27 22:00:00,1,3,259,2026-09-04 02:29:42
1123,C-02,2026-08-27 22:00:00,2,1,578,2026-09-04 02:29:42
1124,C-02,2026-08-27 22:00:00,2,2,399,2026-09-04 02:29:42
1125,C-02,2026-08-27 22:00:00,2,3,244,2026-09-04 02:29:42
1126,C-02,2026-08-27 23:00:00,1,1,644,2026-09-04 02:29:42
1127,C-02,2026-08-27 23:00:00,1,2,600,2026-09-04 02:29:42
1128,C-02,2026-08-27 23:00:00,1,3,288,2026-09-04 02:29:42
1129,C-02,2026-08-27 23:00:00,2,1,505,2026-09-04 02:29:42
1130,C-02,2026-08-27 23:00:00,2,2,369,2026-09-04 02:29:42
1131,C-02,2026-08-27 23:00:00,2,3,149,2026-09-04 02:29:42
856,C-02,2026-08-28 01:00:00,1,1,229,2026-09-04 02:29:34
857,C-02,2026-08-28 01:00:00,1,2,234,2026-09-04 02:29:34
858,C-02,2026-08-28 01:00:00,1,3,46,2026-09-04 02:29:34
859,C-02,2026-08-28 01:00:00,2,1,158,2026-09-04 02:29:34
860,C-02,2026-08-28 01:00:00,2,2,148,2026-09-04 02:29:34
861,C-02,2026-08-28 01:00:00,2,3,70,2026-09-04 02:29:34
862,C-02,2026-08-28 02:00:00,1,1,187,2026-09-04 02:29:34
863,C-02,2026-08-28 02:00:00,1,2,193,2026-09-04 02:29:34
864,C-02,2026-08-28 02:00:00,1,3,25,2026-09-04 02:29:34
865,C-02,2026-08-28 02:00:00,2,1,164,2026-09-04 02:29:34
866,C-02,2026-08-28 02:00:00,2,2,110,2026-09-04 02:29:34
867,C-02,2026-08-28 02:00:00,2,3,31,2026-09-04 02:29:34
868,C-02,2026-08-28 03:00:00,1,1,137,2026-09-04 02:29:34
869,C-02,2026-08-28 03:00:00,1,2,148,2026-09-04 02:29:34
870,C-02,2026-08-28 03:00:00,1,3,33,2026-09-04 02:29:34
871,C-02,2026-08-28 03:00:00,2,1,155,2026-09-04 02:29:34
872,C-02,2026-08-28 03:00:00,2,2,89,2026-09-04 02:29:34
873,C-02,2026-08-28 03:00:00,2,3,37,2026-09-04 02:29:34
874,C-02,2026-08-28 04:00:00,1,1,202,2026-09-04 02:29:34
875,C-02,2026-08-28 04:00:00,1,2,187,2026-09-04 02:29:34
876,C-02,2026-08-28 04:00:00,1,3,51,2026-09-04 02:29:34
877,C-02,2026-08-28 04:00:00,2,1,270,2026-09-04 02:29:34
878,C-02,2026-08-28 04:00:00,2,2,128,2026-09-04 02:29:34
879,C-02,2026-08-28 04:00:00,2,3,53,2026-09-04 02:29:34
880,C-02,2026-08-28 05:00:00,1,1,344,2026-09-04 02:29:34
881,C-02,2026-08-28 05:00:00,1,2,331,2026-09-04 02:29:34
882,C-02,2026-08-28 05:00:00,1,3,141,2026-09-04 02:29:34
883,C-02,2026-08-28 05:00:00,2,1,635,2026-09-04 02:29:34
884,C-02,2026-08-28 05:00:00,2,2,266,2026-09-04 02:29:34
885,C-02,2026-08-28 05:00:00,2,3,151,2026-09-04 02:29:34
886,C-02,2026-08-28 06:00:00,1,1,635,2026-09-04 02:29:35
887,C-02,2026-08-28 06:00:00,1,2,572,2026-09-04 02:29:35
888,C-02,2026-08-28 06:00:00,1,3,437,2026-09-04 02:29:35
889,C-02,2026-08-28 06:00:00,2,1,1150,2026-09-04 02:29:35
890,C-02,2026-08-28 06:00:00,2,2,534,2026-09-04 02:29:35
891,C-02,2026-08-28 06:00:00,2,3,545,2026-09-04 02:29:35
892,C-02,2026-08-28 07:00:00,1,1,921,2026-09-04 02:29:35
893,C-02,2026-08-28 07:00:00,1,2,816,2026-09-04 02:29:35
894,C-02,2026-08-28 07:00:00,1,3,492,2026-09-04 02:29:35
895,C-02,2026-08-28 07:00:00,2,1,1173,2026-09-04 02:29:35
896,C-02,2026-08-28 07:00:00,2,2,906,2026-09-04 02:29:35
897,C-02,2026-08-28 07:00:00,2,3,1039,2026-09-04 02:29:35
898,C-02,2026-08-28 08:00:00,1,1,1137,2026-09-04 02:29:35
899,C-02,2026-08-28 08:00:00,1,2,914,2026-09-04 02:29:35
900,C-02,2026-08-28 08:00:00,1,3,455,2026-09-04 02:29:35
901,C-02,2026-08-28 08:00:00,2,1,949,2026-09-04 02:29:35
902,C-02,2026-08-28 08:00:00,2,2,837,2026-09-04 02:29:35
903,C-02,2026-08-28 08:00:00,2,3,984,2026-09-04 02:29:35
904,C-02,2026-08-28 09:00:00,1,1,907,2026-09-04 02:29:35
905,C-02,2026-08-28 09:00:00,1,2,788,2026-09-04 02:29:35
906,C-02,2026-08-28 09:00:00,1,3,548,2026-09-04 02:29:35
907,C-02,2026-08-28 09:00:00,2,1,1038,2026-09-04 02:29:35
908,C-02,2026-08-28 09:00:00,2,2,754,2026-09-04 02:29:35
909,C-02,2026-08-28 09:00:00,2,3,702,2026-09-04 02:29:35
910,C-02,2026-08-28 10:00:00,1,1,1044,2026-09-04 02:29:35
911,C-02,2026-08-28 10:00:00,1,2,825,2026-09-04 02:29:35
912,C-02,2026-08-28 10:00:00,1,3,523,2026-09-04 02:29:35
913,C-02,2026-08-28 10:00:00,2,1,615,2026-09-04 02:29:35
914,C-02,2026-08-28 10:00:00,2,2,688,2026-09-04 02:29:35
915,C-02,2026-08-28 10:00:00,2,3,623,2026-09-04 02:29:35
916,C-02,2026-08-28 11:00:00,1,1,1038,2026-09-04 02:29:35
917,C-02,2026-08-28 11:00:00,1,2,990,2026-09-04 02:29:35
918,C-02,2026-08-28 11:00:00,1,3,523,2026-09-04 02:29:35
919,C-02,2026-08-28 11:00:00,2,1,711,2026-09-04 02:29:35
920,C-02,2026-08-28 11:00:00,2,2,639,2026-09-04 02:29:35
921,C-02,2026-08-28 11:00:00,2,3,443,2026-09-04 02:29:35
922,C-02,2026-08-28 12:00:00,1,1,864,2026-09-04 02:29:36
923,C-02,2026-08-28 12:00:00,1,2,837,2026-09-04 02:29:36
924,C-02,2026-08-28 12:00:00,1,3,273,2026-09-04 02:29:36
925,C-02,2026-08-28 12:00:00,2,1,555,2026-09-04 02:29:36
926,C-02,2026-08-28 12:00:00,2,2,715,2026-09-04 02:29:36
927,C-02,2026-08-28 12:00:00,2,3,609,2026-09-04 02:29:36
928,C-02,2026-08-28 13:00:00,1,1,968,2026-09-04 02:29:36
929,C-02,2026-08-28 13:00:00,1,2,966,2026-09-04 02:29:36
930,C-02,2026-08-28 13:00:00,1,3,401,2026-09-04 02:29:36
931,C-02,2026-08-28 13:00:00,2,1,633,2026-09-04 02:29:36
932,C-02,2026-08-28 13:00:00,2,2,651,2026-09-04 02:29:36
933,C-02,2026-08-28 13:00:00,2,3,533,2026-09-04 02:29:36
934,C-02,2026-08-28 14:00:00,1,1,1097,2026-09-04 02:29:36
935,C-02,2026-08-28 14:00:00,1,2,989,2026-09-04 02:29:36
936,C-02,2026-08-28 14:00:00,1,3,393,2026-09-04 02:29:36
937,C-02,2026-08-28 14:00:00,2,1,512,2026-09-04 02:29:36
938,C-02,2026-08-28 14:00:00,2,2,654,2026-09-04 02:29:36
939,C-02,2026-08-28 14:00:00,2,3,617,2026-09-04 02:29:36
940,C-02,2026-08-28 15:00:00,1,1,1074,2026-09-04 02:29:36
941,C-02,2026-08-28 15:00:00,1,2,972,2026-09-04 02:29:36
942,C-02,2026-08-28 15:00:00,1,3,437,2026-09-04 02:29:36
943,C-02,2026-08-28 15:00:00,2,1,838,2026-09-04 02:29:36
944,C-02,2026-08-28 15:00:00,2,2,882,2026-09-04 02:29:36
945,C-02,2026-08-28 15:00:00,2,3,855,2026-09-04 02:29:36
946,C-02,2026-08-28 16:00:00,1,1,1268,2026-09-04 02:29:36
947,C-02,2026-08-28 16:00:00,1,2,1078,2026-09-04 02:29:36
948,C-02,2026-08-28 16:00:00,1,3,608,2026-09-04 02:29:36
949,C-02,2026-08-28 16:00:00,2,1,710,2026-09-04 02:29:36
950,C-02,2026-08-28 16:00:00,2,2,823,2026-09-04 02:29:36
951,C-02,2026-08-28 16:00:00,2,3,850,2026-09-04 02:29:36
952,C-02,2026-08-28 17:00:00,1,1,1187,2026-09-04 02:29:36
953,C-02,2026-08-28 17:00:00,1,2,1118,2026-09-04 02:29:36
954,C-02,2026-08-28 17:00:00,1,3,680,2026-09-04 02:29:36
955,C-02,2026-08-28 17:00:00,2,1,695,2026-09-04 02:29:36
956,C-02,2026-08-28 17:00:00,2,2,795,2026-09-04 02:29:36
957,C-02,2026-08-28 17:00:00,2,3,888,2026-09-04 02:29:36
958,C-02,2026-08-28 18:00:00,1,1,1101,2026-09-04 02:29:37
959,C-02,2026-08-28 18:00:00,1,2,1047,2026-09-04 02:29:37
960,C-02,2026-08-28 18:00:00,1,3,541,2026-09-04 02:29:37
961,C-02,2026-08-28 18:00:00,2,1,569,2026-09-04 02:29:37
962,C-02,2026-08-28 18:00:00,2,2,505,2026-09-04 02:29:37
963,C-02,2026-08-28 18:00:00,2,3,807,2026-09-04 02:29:37
964,C-02,2026-08-28 19:00:00,1,1,981,2026-09-04 02:29:37
965,C-02,2026-08-28 19:00:00,1,2,933,2026-09-04 02:29:37
966,C-02,2026-08-28 19:00:00,1,3,563,2026-09-04 02:29:37
967,C-02,2026-08-28 19:00:00,2,1,687,2026-09-04 02:29:37
968,C-02,2026-08-28 19:00:00,2,2,709,2026-09-04 02:29:37
969,C-02,2026-08-28 19:00:00,2,3,613,2026-09-04 02:29:37
970,C-02,2026-08-28 20:00:00,1,1,1020,2026-09-04 02:29:37
971,C-02,2026-08-28 20:00:00,1,2,885,2026-09-04 02:29:37
972,C-02,2026-08-28 20:00:00,1,3,342,2026-09-04 02:29:37
973,C-02,2026-08-28 20:00:00,2,1,638,2026-09-04 02:29:37
974,C-02,2026-08-28 20:00:00,2,2,601,2026-09-04 02:29:37
975,C-02,2026-08-28 20:00:00,2,3,365,2026-09-04 02:29:37
976,C-02,2026-08-28 21:00:00,1,1,888,2026-09-04 02:29:37
977,C-02,2026-08-28 21:00:00,1,2,762,2026-09-04 02:29:37
978,C-02,2026-08-28 21:00:00,1,3,315,2026-09-04 02:29:37
979,C-02,2026-08-28 21:00:00,2,1,745,2026-09-04 02:29:37
980,C-02,2026-08-28 21:00:00,2,2,488,2026-09-04 02:29:37
981,C-02,2026-08-28 21:00:00,2,3,281,2026-09-04 02:29:37
982,C-02,2026-08-28 22:00:00,1,1,751,2026-09-04 02:29:37
983,C-02,2026-08-28 22:00:00,1,2,622,2026-09-04 02:29:37
984,C-02,2026-08-28 22:00:00,1,3,258,2026-09-04 02:29:37
985,C-02,2026-08-28 22:00:00,2,1,519,2026-09-04 02:29:37
986,C-02,2026-08-28 22:00:00,2,2,416,2026-09-04 02:29:37
987,C-02,2026-08-28 22:00:00,2,3,270,2026-09-04 02:29:37
988,C-02,2026-08-28 23:00:00,1,1,453,2026-09-04 02:29:37
989,C-02,2026-08-28 23:00:00,1,2,403,2026-09-04 02:29:37
990,C-02,2026-08-28 23:00:00,1,3,132,2026-09-04 02:29:37
991,C-02,2026-08-28 23:00:00,2,1,431,2026-09-04 02:29:37
992,C-02,2026-08-28 23:00:00,2,2,296,2026-09-04 02:29:37
993,C-02,2026-08-28 23:00:00,2,3,172,2026-09-04 02:29:37
718,C-02,2026-08-29 01:00:00,1,1,281,2026-09-04 02:29:29
719,C-02,2026-08-29 01:00:00,1,2,273,2026-09-04 02:29:29
720,C-02,2026-08-29 01:00:00,1,3,44,2026-09-04 02:29:29
721,C-02,2026-08-29 01:00:00,2,1,204,2026-09-04 02:29:29
722,C-02,2026-08-29 01:00:00,2,2,164,2026-09-04 02:29:29
723,C-02,2026-08-29 01:00:00,2,3,85,2026-09-04 02:29:29
724,C-02,2026-08-29 02:00:00,1,1,225,2026-09-04 02:29:29
725,C-02,2026-08-29 02:00:00,1,2,217,2026-09-04 02:29:29
726,C-02,2026-08-29 02:00:00,1,3,38,2026-09-04 02:29:29
727,C-02,2026-08-29 02:00:00,2,1,161,2026-09-04 02:29:29
728,C-02,2026-08-29 02:00:00,2,2,135,2026-09-04 02:29:29
729,C-02,2026-08-29 02:00:00,2,3,46,2026-09-04 02:29:29
730,C-02,2026-08-29 03:00:00,1,1,171,2026-09-04 02:29:29
731,C-02,2026-08-29 03:00:00,1,2,181,2026-09-04 02:29:29
732,C-02,2026-08-29 03:00:00,1,3,33,2026-09-04 02:29:29
733,C-02,2026-08-29 03:00:00,2,1,137,2026-09-04 02:29:29
734,C-02,2026-08-29 03:00:00,2,2,87,2026-09-04 02:29:29
735,C-02,2026-08-29 03:00:00,2,3,36,2026-09-04 02:29:29
736,C-02,2026-08-29 04:00:00,1,1,203,2026-09-04 02:29:29
737,C-02,2026-08-29 04:00:00,1,2,227,2026-09-04 02:29:29
738,C-02,2026-08-29 04:00:00,1,3,42,2026-09-04 02:29:29
739,C-02,2026-08-29 04:00:00,2,1,202,2026-09-04 02:29:29
740,C-02,2026-08-29 04:00:00,2,2,133,2026-09-04 02:29:29
741,C-02,2026-08-29 04:00:00,2,3,44,2026-09-04 02:29:29
742,C-02,2026-08-29 05:00:00,1,1,315,2026-09-04 02:29:29
743,C-02,2026-08-29 05:00:00,1,2,315,2026-09-04 02:29:29
744,C-02,2026-08-29 05:00:00,1,3,105,2026-09-04 02:29:29
745,C-02,2026-08-29 05:00:00,2,1,403,2026-09-04 02:29:29
746,C-02,2026-08-29 05:00:00,2,2,197,2026-09-04 02:29:29
747,C-02,2026-08-29 05:00:00,2,3,107,2026-09-04 02:29:29
748,C-02,2026-08-29 06:00:00,1,1,449,2026-09-04 02:29:29
749,C-02,2026-08-29 06:00:00,1,2,388,2026-09-04 02:29:29
750,C-02,2026-08-29 06:00:00,1,3,170,2026-09-04 02:29:29
751,C-02,2026-08-29 06:00:00,2,1,625,2026-09-04 02:29:29
752,C-02,2026-08-29 06:00:00,2,2,302,2026-09-04 02:29:29
753,C-02,2026-08-29 06:00:00,2,3,165,2026-09-04 02:29:29
754,C-02,2026-08-29 07:00:00,1,1,518,2026-09-04 02:29:29
755,C-02,2026-08-29 07:00:00,1,2,484,2026-09-04 02:29:30
756,C-02,2026-08-29 07:00:00,1,3,179,2026-09-04 02:29:30
757,C-02,2026-08-29 07:00:00,2,1,677,2026-09-04 02:29:30
758,C-02,2026-08-29 07:00:00,2,2,340,2026-09-04 02:29:30
759,C-02,2026-08-29 07:00:00,2,3,217,2026-09-04 02:29:30
760,C-02,2026-08-29 08:00:00,1,1,710,2026-09-04 02:29:30
761,C-02,2026-08-29 08:00:00,1,2,608,2026-09-04 02:29:30
762,C-02,2026-08-29 08:00:00,1,3,296,2026-09-04 02:29:30
763,C-02,2026-08-29 08:00:00,2,1,895,2026-09-04 02:29:30
764,C-02,2026-08-29 08:00:00,2,2,585,2026-09-04 02:29:30
765,C-02,2026-08-29 08:00:00,2,3,383,2026-09-04 02:29:30
766,C-02,2026-08-29 09:00:00,1,1,916,2026-09-04 02:29:30
767,C-02,2026-08-29 09:00:00,1,2,794,2026-09-04 02:29:30
768,C-02,2026-08-29 09:00:00,1,3,562,2026-09-04 02:29:30
769,C-02,2026-08-29 09:00:00,2,1,803,2026-09-04 02:29:30
770,C-02,2026-08-29 09:00:00,2,2,670,2026-09-04 02:29:30
771,C-02,2026-08-29 09:00:00,2,3,535,2026-09-04 02:29:30
772,C-02,2026-08-29 10:00:00,1,1,1063,2026-09-04 02:29:30
773,C-02,2026-08-29 10:00:00,1,2,927,2026-09-04 02:29:30
774,C-02,2026-08-29 10:00:00,1,3,488,2026-09-04 02:29:30
775,C-02,2026-08-29 10:00:00,2,1,714,2026-09-04 02:29:30
776,C-02,2026-08-29 10:00:00,2,2,746,2026-09-04 02:29:30
777,C-02,2026-08-29 10:00:00,2,3,629,2026-09-04 02:29:30
778,C-02,2026-08-29 11:00:00,1,1,1060,2026-09-04 02:29:30
779,C-02,2026-08-29 11:00:00,1,2,945,2026-09-04 02:29:30
780,C-02,2026-08-29 11:00:00,1,3,670,2026-09-04 02:29:30
781,C-02,2026-08-29 11:00:00,2,1,631,2026-09-04 02:29:30
782,C-02,2026-08-29 11:00:00,2,2,606,2026-09-04 02:29:30
783,C-02,2026-08-29 11:00:00,2,3,524,2026-09-04 02:29:30
784,C-02,2026-08-29 12:00:00,1,1,983,2026-09-04 02:29:30
785,C-02,2026-08-29 12:00:00,1,2,922,2026-09-04 02:29:30
786,C-02,2026-08-29 12:00:00,1,3,599,2026-09-04 02:29:30
787,C-02,2026-08-29 12:00:00,2,1,587,2026-09-04 02:29:30
788,C-02,2026-08-29 12:00:00,2,2,642,2026-09-04 02:29:30
789,C-02,2026-08-29 12:00:00,2,3,541,2026-09-04 02:29:30
790,C-02,2026-08-29 13:00:00,1,1,1020,2026-09-04 02:29:31
791,C-02,2026-08-29 13:00:00,1,2,911,2026-09-04 02:29:31
792,C-02,2026-08-29 13:00:00,1,3,643,2026-09-04 02:29:31
793,C-02,2026-08-29 13:00:00,2,1,761,2026-09-04 02:29:31
794,C-02,2026-08-29 13:00:00,2,2,789,2026-09-04 02:29:31
795,C-02,2026-08-29 13:00:00,2,3,742,2026-09-04 02:29:31
796,C-02,2026-08-29 14:00:00,1,1,962,2026-09-04 02:29:31
797,C-02,2026-08-29 14:00:00,1,2,873,2026-09-04 02:29:31
798,C-02,2026-08-29 14:00:00,1,3,534,2026-09-04 02:29:31
799,C-02,2026-08-29 14:00:00,2,1,614,2026-09-04 02:29:31
800,C-02,2026-08-29 14:00:00,2,2,686,2026-09-04 02:29:31
801,C-02,2026-08-29 14:00:00,2,3,532,2026-09-04 02:29:31
802,C-02,2026-08-29 15:00:00,1,1,1077,2026-09-04 02:29:31
803,C-02,2026-08-29 15:00:00,1,2,947,2026-09-04 02:29:31
804,C-02,2026-08-29 15:00:00,1,3,629,2026-09-04 02:29:31
805,C-02,2026-08-29 15:00:00,2,1,711,2026-09-04 02:29:31
806,C-02,2026-08-29 15:00:00,2,2,827,2026-09-04 02:29:31
807,C-02,2026-08-29 15:00:00,2,3,703,2026-09-04 02:29:31
808,C-02,2026-08-29 16:00:00,1,1,1056,2026-09-04 02:29:32
809,C-02,2026-08-29 16:00:00,1,2,970,2026-09-04 02:29:32
810,C-02,2026-08-29 16:00:00,1,3,642,2026-09-04 02:29:32
811,C-02,2026-08-29 16:00:00,2,1,802,2026-09-04 02:29:32
812,C-02,2026-08-29 16:00:00,2,2,919,2026-09-04 02:29:32
813,C-02,2026-08-29 16:00:00,2,3,912,2026-09-04 02:29:32
814,C-02,2026-08-29 17:00:00,1,1,1000,2026-09-04 02:29:32
815,C-02,2026-08-29 17:00:00,1,2,870,2026-09-04 02:29:32
816,C-02,2026-08-29 17:00:00,1,3,400,2026-09-04 02:29:32
817,C-02,2026-08-29 17:00:00,2,1,679,2026-09-04 02:29:32
818,C-02,2026-08-29 17:00:00,2,2,864,2026-09-04 02:29:32
819,C-02,2026-08-29 17:00:00,2,3,802,2026-09-04 02:29:32
820,C-02,2026-08-29 18:00:00,1,1,1010,2026-09-04 02:29:32
821,C-02,2026-08-29 18:00:00,1,2,926,2026-09-04 02:29:32
822,C-02,2026-08-29 18:00:00,1,3,374,2026-09-04 02:29:32
823,C-02,2026-08-29 18:00:00,2,1,678,2026-09-04 02:29:32
824,C-02,2026-08-29 18:00:00,2,2,706,2026-09-04 02:29:32
825,C-02,2026-08-29 18:00:00,2,3,526,2026-09-04 02:29:33
826,C-02,2026-08-29 19:00:00,1,1,820,2026-09-04 02:29:33
827,C-02,2026-08-29 19:00:00,1,2,712,2026-09-04 02:29:33
828,C-02,2026-08-29 19:00:00,1,3,264,2026-09-04 02:29:33
829,C-02,2026-08-29 19:00:00,2,1,639,2026-09-04 02:29:33
830,C-02,2026-08-29 19:00:00,2,2,591,2026-09-04 02:29:33
831,C-02,2026-08-29 19:00:00,2,3,404,2026-09-04 02:29:33
832,C-02,2026-08-29 20:00:00,1,1,716,2026-09-04 02:29:33
833,C-02,2026-08-29 20:00:00,1,2,624,2026-09-04 02:29:33
834,C-02,2026-08-29 20:00:00,1,3,280,2026-09-04 02:29:33
835,C-02,2026-08-29 20:00:00,2,1,596,2026-09-04 02:29:33
836,C-02,2026-08-29 20:00:00,2,2,522,2026-09-04 02:29:33
837,C-02,2026-08-29 20:00:00,2,3,336,2026-09-04 02:29:33
838,C-02,2026-08-29 21:00:00,1,1,760,2026-09-04 02:29:33
839,C-02,2026-08-29 21:00:00,1,2,615,2026-09-04 02:29:33
840,C-02,2026-08-29 21:00:00,1,3,439,2026-09-04 02:29:33
841,C-02,2026-08-29 21:00:00,2,1,701,2026-09-04 02:29:33
842,C-02,2026-08-29 21:00:00,2,2,499,2026-09-04 02:29:33
843,C-02,2026-08-29 21:00:00,2,3,299,2026-09-04 02:29:33
844,C-02,2026-08-29 22:00:00,1,1,650,2026-09-04 02:29:33
845,C-02,2026-08-29 22:00:00,1,2,557,2026-09-04 02:29:33
846,C-02,2026-08-29 22:00:00,1,3,242,2026-09-04 02:29:33
847,C-02,2026-08-29 22:00:00,2,1,749,2026-09-04 02:29:33
848,C-02,2026-08-29 22:00:00,2,2,469,2026-09-04 02:29:33
849,C-02,2026-08-29 22:00:00,2,3,276,2026-09-04 02:29:33
850,C-02,2026-08-29 23:00:00,1,1,368,2026-09-04 02:29:33
851,C-02,2026-08-29 23:00:00,1,2,344,2026-09-04 02:29:33
852,C-02,2026-08-29 23:00:00,1,3,141,2026-09-04 02:29:33
853,C-02,2026-08-29 23:00:00,2,1,616,2026-09-04 02:29:33
854,C-02,2026-08-29 23:00:00,2,2,366,2026-09-04 02:29:33
855,C-02,2026-08-29 23:00:00,2,3,209,2026-09-04 02:29:33
580,C-02,2026-08-30 01:00:00,1,1,249,2026-09-04 02:29:24
581,C-02,2026-08-30 01:00:00,1,2,221,2026-09-04 02:29:24
582,C-02,2026-08-30 01:00:00,1,3,46,2026-09-04 02:29:24
583,C-02,2026-08-30 01:00:00,2,1,270,2026-09-04 02:29:24
584,C-02,2026-08-30 01:00:00,2,2,152,2026-09-04 02:29:24
585,C-02,2026-08-30 01:00:00,2,3,68,2026-09-04 02:29:24
586,C-02,2026-08-30 02:00:00,1,1,174,2026-09-04 02:29:25
587,C-02,2026-08-30 02:00:00,1,2,161,2026-09-04 02:29:25
588,C-02,2026-08-30 02:00:00,1,3,35,2026-09-04 02:29:25
589,C-02,2026-08-30 02:00:00,2,1,165,2026-09-04 02:29:25
590,C-02,2026-08-30 02:00:00,2,2,129,2026-09-04 02:29:25
591,C-02,2026-08-30 02:00:00,2,3,44,2026-09-04 02:29:25
592,C-02,2026-08-30 03:00:00,1,1,137,2026-09-04 02:29:25
593,C-02,2026-08-30 03:00:00,1,2,163,2026-09-04 02:29:25
594,C-02,2026-08-30 03:00:00,1,3,20,2026-09-04 02:29:25
595,C-02,2026-08-30 03:00:00,2,1,115,2026-09-04 02:29:25
596,C-02,2026-08-30 03:00:00,2,2,81,2026-09-04 02:29:25
597,C-02,2026-08-30 03:00:00,2,3,24,2026-09-04 02:29:25
598,C-02,2026-08-30 04:00:00,1,1,125,2026-09-04 02:29:25
599,C-02,2026-08-30 04:00:00,1,2,150,2026-09-04 02:29:25
600,C-02,2026-08-30 04:00:00,1,3,29,2026-09-04 02:29:25
601,C-02,2026-08-30 04:00:00,2,1,147,2026-09-04 02:29:25
602,C-02,2026-08-30 04:00:00,2,2,87,2026-09-04 02:29:25
603,C-02,2026-08-30 04:00:00,2,3,54,2026-09-04 02:29:25
604,C-02,2026-08-30 05:00:00,1,1,190,2026-09-04 02:29:25
605,C-02,2026-08-30 05:00:00,1,2,182,2026-09-04 02:29:25
606,C-02,2026-08-30 05:00:00,1,3,65,2026-09-04 02:29:25
607,C-02,2026-08-30 05:00:00,2,1,210,2026-09-04 02:29:25
608,C-02,2026-08-30 05:00:00,2,2,131,2026-09-04 02:29:25
609,C-02,2026-08-30 05:00:00,2,3,55,2026-09-04 02:29:25
610,C-02,2026-08-30 06:00:00,1,1,222,2026-09-04 02:29:25
611,C-02,2026-08-30 06:00:00,1,2,259,2026-09-04 02:29:25
612,C-02,2026-08-30 06:00:00,1,3,96,2026-09-04 02:29:25
613,C-02,2026-08-30 06:00:00,2,1,383,2026-09-04 02:29:25
614,C-02,2026-08-30 06:00:00,2,2,203,2026-09-04 02:29:25
615,C-02,2026-08-30 06:00:00,2,3,92,2026-09-04 02:29:25
616,C-02,2026-08-30 07:00:00,1,1,306,2026-09-04 02:29:25
617,C-02,2026-08-30 07:00:00,1,2,302,2026-09-04 02:29:25
618,C-02,2026-08-30 07:00:00,1,3,142,2026-09-04 02:29:25
619,C-02,2026-08-30 07:00:00,2,1,481,2026-09-04 02:29:25
620,C-02,2026-08-30 07:00:00,2,2,228,2026-09-04 02:29:25
621,C-02,2026-08-30 07:00:00,2,3,135,2026-09-04 02:29:25
622,C-02,2026-08-30 08:00:00,1,1,470,2026-09-04 02:29:26
623,C-02,2026-08-30 08:00:00,1,2,417,2026-09-04 02:29:26
624,C-02,2026-08-30 08:00:00,1,3,184,2026-09-04 02:29:26
625,C-02,2026-08-30 08:00:00,2,1,740,2026-09-04 02:29:26
626,C-02,2026-08-30 08:00:00,2,2,375,2026-09-04 02:29:26
627,C-02,2026-08-30 08:00:00,2,3,221,2026-09-04 02:29:26
628,C-02,2026-08-30 09:00:00,1,1,671,2026-09-04 02:29:26
629,C-02,2026-08-30 09:00:00,1,2,613,2026-09-04 02:29:26
630,C-02,2026-08-30 09:00:00,1,3,356,2026-09-04 02:29:26
631,C-02,2026-08-30 09:00:00,2,1,922,2026-09-04 02:29:26
632,C-02,2026-08-30 09:00:00,2,2,515,2026-09-04 02:29:26
633,C-02,2026-08-30 09:00:00,2,3,401,2026-09-04 02:29:26
634,C-02,2026-08-30 10:00:00,1,1,863,2026-09-04 02:29:26
635,C-02,2026-08-30 10:00:00,1,2,741,2026-09-04 02:29:26
636,C-02,2026-08-30 10:00:00,1,3,384,2026-09-04 02:29:26
637,C-02,2026-08-30 10:00:00,2,1,828,2026-09-04 02:29:26
638,C-02,2026-08-30 10:00:00,2,2,581,2026-09-04 02:29:26
639,C-02,2026-08-30 10:00:00,2,3,515,2026-09-04 02:29:26
640,C-02,2026-08-30 11:00:00,1,1,888,2026-09-04 02:29:26
641,C-02,2026-08-30 11:00:00,1,2,713,2026-09-04 02:29:26
642,C-02,2026-08-30 11:00:00,1,3,523,2026-09-04 02:29:26
643,C-02,2026-08-30 11:00:00,2,1,685,2026-09-04 02:29:26
644,C-02,2026-08-30 11:00:00,2,2,662,2026-09-04 02:29:26
645,C-02,2026-08-30 11:00:00,2,3,569,2026-09-04 02:29:26
646,C-02,2026-08-30 12:00:00,1,1,964,2026-09-04 02:29:26
647,C-02,2026-08-30 12:00:00,1,2,863,2026-09-04 02:29:26
648,C-02,2026-08-30 12:00:00,1,3,557,2026-09-04 02:29:26
649,C-02,2026-08-30 12:00:00,2,1,823,2026-09-04 02:29:26
650,C-02,2026-08-30 12:00:00,2,2,582,2026-09-04 02:29:26
651,C-02,2026-08-30 12:00:00,2,3,464,2026-09-04 02:29:26
652,C-02,2026-08-30 13:00:00,1,1,656,2026-09-04 02:29:26
653,C-02,2026-08-30 13:00:00,1,2,616,2026-09-04 02:29:26
654,C-02,2026-08-30 13:00:00,1,3,446,2026-09-04 02:29:26
655,C-02,2026-08-30 13:00:00,2,1,443,2026-09-04 02:29:27
656,C-02,2026-08-30 13:00:00,2,2,449,2026-09-04 02:29:27
657,C-02,2026-08-30 13:00:00,2,3,316,2026-09-04 02:29:27
658,C-02,2026-08-30 14:00:00,1,1,1066,2026-09-04 02:29:27
659,C-02,2026-08-30 14:00:00,1,2,955,2026-09-04 02:29:27
660,C-02,2026-08-30 14:00:00,1,3,439,2026-09-04 02:29:27
661,C-02,2026-08-30 14:00:00,2,1,673,2026-09-04 02:29:27
662,C-02,2026-08-30 14:00:00,2,2,740,2026-09-04 02:29:27
663,C-02,2026-08-30 14:00:00,2,3,699,2026-09-04 02:29:27
664,C-02,2026-08-30 15:00:00,1,1,943,2026-09-04 02:29:27
665,C-02,2026-08-30 15:00:00,1,2,879,2026-09-04 02:29:27
666,C-02,2026-08-30 15:00:00,1,3,390,2026-09-04 02:29:27
667,C-02,2026-08-30 15:00:00,2,1,606,2026-09-04 02:29:27
668,C-02,2026-08-30 15:00:00,2,2,706,2026-09-04 02:29:27
669,C-02,2026-08-30 15:00:00,2,3,750,2026-09-04 02:29:27
670,C-02,2026-08-30 16:00:00,1,1,972,2026-09-04 02:29:27
671,C-02,2026-08-30 16:00:00,1,2,935,2026-09-04 02:29:27
672,C-02,2026-08-30 16:00:00,1,3,382,2026-09-04 02:29:27
673,C-02,2026-08-30 16:00:00,2,1,723,2026-09-04 02:29:27
674,C-02,2026-08-30 16:00:00,2,2,795,2026-09-04 02:29:27
675,C-02,2026-08-30 16:00:00,2,3,698,2026-09-04 02:29:27
676,C-02,2026-08-30 17:00:00,1,1,979,2026-09-04 02:29:27
677,C-02,2026-08-30 17:00:00,1,2,891,2026-09-04 02:29:27
678,C-02,2026-08-30 17:00:00,1,3,364,2026-09-04 02:29:27
679,C-02,2026-08-30 17:00:00,2,1,803,2026-09-04 02:29:27
680,C-02,2026-08-30 17:00:00,2,2,777,2026-09-04 02:29:27
681,C-02,2026-08-30 17:00:00,2,3,635,2026-09-04 02:29:27
682,C-02,2026-08-30 18:00:00,1,1,755,2026-09-04 02:29:27
683,C-02,2026-08-30 18:00:00,1,2,607,2026-09-04 02:29:27
684,C-02,2026-08-30 18:00:00,1,3,317,2026-09-04 02:29:27
685,C-02,2026-08-30 18:00:00,2,1,644,2026-09-04 02:29:27
686,C-02,2026-08-30 18:00:00,2,2,541,2026-09-04 02:29:27
687,C-02,2026-08-30 18:00:00,2,3,439,2026-09-04 02:29:27
688,C-02,2026-08-30 19:00:00,1,1,750,2026-09-04 02:29:28
689,C-02,2026-08-30 19:00:00,1,2,634,2026-09-04 02:29:28
690,C-02,2026-08-30 19:00:00,1,3,295,2026-09-04 02:29:28
691,C-02,2026-08-30 19:00:00,2,1,689,2026-09-04 02:29:28
692,C-02,2026-08-30 19:00:00,2,2,505,2026-09-04 02:29:28
693,C-02,2026-08-30 19:00:00,2,3,307,2026-09-04 02:29:28
694,C-02,2026-08-30 20:00:00,1,1,773,2026-09-04 02:29:28
695,C-02,2026-08-30 20:00:00,1,2,625,2026-09-04 02:29:28
696,C-02,2026-08-30 20:00:00,1,3,427,2026-09-04 02:29:28
697,C-02,2026-08-30 20:00:00,2,1,761,2026-09-04 02:29:28
698,C-02,2026-08-30 20:00:00,2,2,506,2026-09-04 02:29:28
699,C-02,2026-08-30 20:00:00,2,3,302,2026-09-04 02:29:28
700,C-02,2026-08-30 21:00:00,1,1,618,2026-09-04 02:29:28
701,C-02,2026-08-30 21:00:00,1,2,532,2026-09-04 02:29:28
702,C-02,2026-08-30 21:00:00,1,3,304,2026-09-04 02:29:28
703,C-02,2026-08-30 21:00:00,2,1,776,2026-09-04 02:29:28
704,C-02,2026-08-30 21:00:00,2,2,480,2026-09-04 02:29:28
705,C-02,2026-08-30 21:00:00,2,3,310,2026-09-04 02:29:28
706,C-02,2026-08-30 22:00:00,1,1,546,2026-09-04 02:29:28
707,C-02,2026-08-30 22:00:00,1,2,442,2026-09-04 02:29:28
708,C-02,2026-08-30 22:00:00,1,3,153,2026-09-04 02:29:28
709,C-02,2026-08-30 22:00:00,2,1,496,2026-09-04 02:29:28
710,C-02,2026-08-30 22:00:00,2,2,334,2026-09-04 02:29:28
711,C-02,2026-08-30 22:00:00,2,3,148,2026-09-04 02:29:28
712,C-02,2026-08-30 23:00:00,1,1,328,2026-09-04 02:29:28
713,C-02,2026-08-30 23:00:00,1,2,277,2026-09-04 02:29:28
714,C-02,2026-08-30 23:00:00,1,3,66,2026-09-04 02:29:28
715,C-02,2026-08-30 23:00:00,2,1,312,2026-09-04 02:29:28
716,C-02,2026-08-30 23:00:00,2,2,226,2026-09-04 02:29:28
717,C-02,2026-08-30 23:00:00,2,3,75,2026-09-04 02:29:28
442,C-02,2026-08-31 01:00:00,1,1,124,2026-09-04 02:29:20
443,C-02,2026-08-31 01:00:00,1,2,138,2026-09-04 02:29:20
444,C-02,2026-08-31 01:00:00,1,3,16,2026-09-04 02:29:20
445,C-02,2026-08-31 01:00:00,2,1,116,2026-09-04 02:29:20
446,C-02,2026-08-31 01:00:00,2,2,83,2026-09-04 02:29:20
447,C-02,2026-08-31 01:00:00,2,3,35,2026-09-04 02:29:20
448,C-02,2026-08-31 02:00:00,1,1,113,2026-09-04 02:29:20
449,C-02,2026-08-31 02:00:00,1,2,103,2026-09-04 02:29:20
450,C-02,2026-08-31 02:00:00,1,3,16,2026-09-04 02:29:20
451,C-02,2026-08-31 02:00:00,2,1,96,2026-09-04 02:29:20
452,C-02,2026-08-31 02:00:00,2,2,59,2026-09-04 02:29:20
453,C-02,2026-08-31 02:00:00,2,3,28,2026-09-04 02:29:20
454,C-02,2026-08-31 03:00:00,1,1,105,2026-09-04 02:29:20
455,C-02,2026-08-31 03:00:00,1,2,109,2026-09-04 02:29:20
456,C-02,2026-08-31 03:00:00,1,3,29,2026-09-04 02:29:20
457,C-02,2026-08-31 03:00:00,2,1,114,2026-09-04 02:29:20
458,C-02,2026-08-31 03:00:00,2,2,72,2026-09-04 02:29:20
459,C-02,2026-08-31 03:00:00,2,3,18,2026-09-04 02:29:20
460,C-02,2026-08-31 04:00:00,1,1,134,2026-09-04 02:29:20
461,C-02,2026-08-31 04:00:00,1,2,142,2026-09-04 02:29:20
462,C-02,2026-08-31 04:00:00,1,3,34,2026-09-04 02:29:20
463,C-02,2026-08-31 04:00:00,2,1,312,2026-09-04 02:29:21
464,C-02,2026-08-31 04:00:00,2,2,102,2026-09-04 02:29:21
465,C-02,2026-08-31 04:00:00,2,3,41,2026-09-04 02:29:21
466,C-02,2026-08-31 05:00:00,1,1,314,2026-09-04 02:29:21
467,C-02,2026-08-31 05:00:00,1,2,276,2026-09-04 02:29:21
468,C-02,2026-08-31 05:00:00,1,3,134,2026-09-04 02:29:21
469,C-02,2026-08-31 05:00:00,2,1,719,2026-09-04 02:29:21
470,C-02,2026-08-31 05:00:00,2,2,226,2026-09-04 02:29:21
471,C-02,2026-08-31 05:00:00,2,3,132,2026-09-04 02:29:21
472,C-02,2026-08-31 06:00:00,1,1,605,2026-09-04 02:29:21
473,C-02,2026-08-31 06:00:00,1,2,494,2026-09-04 02:29:21
474,C-02,2026-08-31 06:00:00,1,3,423,2026-09-04 02:29:21
475,C-02,2026-08-31 06:00:00,2,1,1044,2026-09-04 02:29:21
476,C-02,2026-08-31 06:00:00,2,2,574,2026-09-04 02:29:21
477,C-02,2026-08-31 06:00:00,2,3,708,2026-09-04 02:29:21
478,C-02,2026-08-31 07:00:00,1,1,961,2026-09-04 02:29:21
479,C-02,2026-08-31 07:00:00,1,2,847,2026-09-04 02:29:21
480,C-02,2026-08-31 07:00:00,1,3,504,2026-09-04 02:29:21
481,C-02,2026-08-31 07:00:00,2,1,918,2026-09-04 02:29:21
482,C-02,2026-08-31 07:00:00,2,2,760,2026-09-04 02:29:21
483,C-02,2026-08-31 07:00:00,2,3,1014,2026-09-04 02:29:21
484,C-02,2026-08-31 08:00:00,1,1,1075,2026-09-04 02:29:21
485,C-02,2026-08-31 08:00:00,1,2,882,2026-09-04 02:29:21
486,C-02,2026-08-31 08:00:00,1,3,475,2026-09-04 02:29:21
487,C-02,2026-08-31 08:00:00,2,1,865,2026-09-04 02:29:21
488,C-02,2026-08-31 08:00:00,2,2,827,2026-09-04 02:29:21
489,C-02,2026-08-31 08:00:00,2,3,987,2026-09-04 02:29:21
490,C-02,2026-08-31 09:00:00,1,1,866,2026-09-04 02:29:21
491,C-02,2026-08-31 09:00:00,1,2,743,2026-09-04 02:29:21
492,C-02,2026-08-31 09:00:00,1,3,437,2026-09-04 02:29:21
493,C-02,2026-08-31 09:00:00,2,1,1070,2026-09-04 02:29:21
494,C-02,2026-08-31 09:00:00,2,2,809,2026-09-04 02:29:21
495,C-02,2026-08-31 09:00:00,2,3,717,2026-09-04 02:29:21
496,C-02,2026-08-31 10:00:00,1,1,767,2026-09-04 02:29:22
497,C-02,2026-08-31 10:00:00,1,2,699,2026-09-04 02:29:22
498,C-02,2026-08-31 10:00:00,1,3,286,2026-09-04 02:29:22
499,C-02,2026-08-31 10:00:00,2,1,750,2026-09-04 02:29:22
500,C-02,2026-08-31 10:00:00,2,2,731,2026-09-04 02:29:22
501,C-02,2026-08-31 10:00:00,2,3,720,2026-09-04 02:29:22
502,C-02,2026-08-31 11:00:00,1,1,773,2026-09-04 02:29:22
503,C-02,2026-08-31 11:00:00,1,2,743,2026-09-04 02:29:22
504,C-02,2026-08-31 11:00:00,1,3,346,2026-09-04 02:29:22
505,C-02,2026-08-31 11:00:00,2,1,676,2026-09-04 02:29:22
506,C-02,2026-08-31 11:00:00,2,2,676,2026-09-04 02:29:22
507,C-02,2026-08-31 11:00:00,2,3,571,2026-09-04 02:29:22
508,C-02,2026-08-31 12:00:00,1,1,740,2026-09-04 02:29:22
509,C-02,2026-08-31 12:00:00,1,2,708,2026-09-04 02:29:22
510,C-02,2026-08-31 12:00:00,1,3,419,2026-09-04 02:29:22
511,C-02,2026-08-31 12:00:00,2,1,778,2026-09-04 02:29:22
512,C-02,2026-08-31 12:00:00,2,2,635,2026-09-04 02:29:22
513,C-02,2026-08-31 12:00:00,2,3,427,2026-09-04 02:29:22
514,C-02,2026-08-31 13:00:00,1,1,849,2026-09-04 02:29:22
515,C-02,2026-08-31 13:00:00,1,2,771,2026-09-04 02:29:22
516,C-02,2026-08-31 13:00:00,1,3,495,2026-09-04 02:29:22
517,C-02,2026-08-31 13:00:00,2,1,658,2026-09-04 02:29:22
518,C-02,2026-08-31 13:00:00,2,2,600,2026-09-04 02:29:22
519,C-02,2026-08-31 13:00:00,2,3,441,2026-09-04 02:29:22
520,C-02,2026-08-31 14:00:00,1,1,921,2026-09-04 02:29:22
521,C-02,2026-08-31 14:00:00,1,2,797,2026-09-04 02:29:22
522,C-02,2026-08-31 14:00:00,1,3,515,2026-09-04 02:29:22
523,C-02,2026-08-31 14:00:00,2,1,582,2026-09-04 02:29:22
524,C-02,2026-08-31 14:00:00,2,2,680,2026-09-04 02:29:22
525,C-02,2026-08-31 14:00:00,2,3,613,2026-09-04 02:29:22
526,C-02,2026-08-31 15:00:00,1,1,939,2026-09-04 02:29:23
527,C-02,2026-08-31 15:00:00,1,2,841,2026-09-04 02:29:23
528,C-02,2026-08-31 15:00:00,1,3,362,2026-09-04 02:29:23
529,C-02,2026-08-31 15:00:00,2,1,499,2026-09-04 02:29:23
530,C-02,2026-08-31 15:00:00,2,2,669,2026-09-04 02:29:23
531,C-02,2026-08-31 15:00:00,2,3,596,2026-09-04 02:29:23
532,C-02,2026-08-31 16:00:00,1,1,1156,2026-09-04 02:29:23
533,C-02,2026-08-31 16:00:00,1,2,1061,2026-09-04 02:29:23
534,C-02,2026-08-31 16:00:00,1,3,556,2026-09-04 02:29:23
535,C-02,2026-08-31 16:00:00,2,1,777,2026-09-04 02:29:23
536,C-02,2026-08-31 16:00:00,2,2,801,2026-09-04 02:29:23
537,C-02,2026-08-31 16:00:00,2,3,600,2026-09-04 02:29:23
538,C-02,2026-08-31 17:00:00,1,1,1109,2026-09-04 02:29:23
539,C-02,2026-08-31 17:00:00,1,2,1070,2026-09-04 02:29:23
540,C-02,2026-08-31 17:00:00,1,3,574,2026-09-04 02:29:23
541,C-02,2026-08-31 17:00:00,2,1,647,2026-09-04 02:29:23
542,C-02,2026-08-31 17:00:00,2,2,827,2026-09-04 02:29:23
543,C-02,2026-08-31 17:00:00,2,3,776,2026-09-04 02:29:23
544,C-02,2026-08-31 18:00:00,1,1,1144,2026-09-04 02:29:23
545,C-02,2026-08-31 18:00:00,1,2,972,2026-09-04 02:29:23
546,C-02,2026-08-31 18:00:00,1,3,546,2026-09-04 02:29:23
547,C-02,2026-08-31 18:00:00,2,1,759,2026-09-04 02:29:23
548,C-02,2026-08-31 18:00:00,2,2,708,2026-09-04 02:29:23
549,C-02,2026-08-31 18:00:00,2,3,604,2026-09-04 02:29:23
550,C-02,2026-08-31 19:00:00,1,1,1119,2026-09-04 02:29:23
551,C-02,2026-08-31 19:00:00,1,2,1017,2026-09-04 02:29:23
552,C-02,2026-08-31 19:00:00,1,3,598,2026-09-04 02:29:23
553,C-02,2026-08-31 19:00:00,2,1,733,2026-09-04 02:29:23
554,C-02,2026-08-31 19:00:00,2,2,571,2026-09-04 02:29:23
555,C-02,2026-08-31 19:00:00,2,3,424,2026-09-04 02:29:23
556,C-02,2026-08-31 20:00:00,1,1,1058,2026-09-04 02:29:23
557,C-02,2026-08-31 20:00:00,1,2,896,2026-09-04 02:29:23
558,C-02,2026-08-31 20:00:00,1,3,529,2026-09-04 02:29:23
559,C-02,2026-08-31 20:00:00,2,1,749,2026-09-04 02:29:23
560,C-02,2026-08-31 20:00:00,2,2,480,2026-09-04 02:29:23
561,C-02,2026-08-31 20:00:00,2,3,242,2026-09-04 02:29:23
562,C-02,2026-08-31 21:00:00,1,1,660,2026-09-04 02:29:24
563,C-02,2026-08-31 21:00:00,1,2,580,2026-09-04 02:29:24
564,C-02,2026-08-31 21:00:00,1,3,214,2026-09-04 02:29:24
565,C-02,2026-08-31 21:00:00,2,1,734,2026-09-04 02:29:24
566,C-02,2026-08-31 21:00:00,2,2,442,2026-09-04 02:29:24
567,C-02,2026-08-31 21:00:00,2,3,223,2026-09-04 02:29:24
568,C-02,2026-08-31 22:00:00,1,1,591,2026-09-04 02:29:24
569,C-02,2026-08-31 22:00:00,1,2,544,2026-09-04 02:29:24
570,C-02,2026-08-31 22:00:00,1,3,148,2026-09-04 02:29:24
571,C-02,2026-08-31 22:00:00,2,1,569,2026-09-04 02:29:24
572,C-02,2026-08-31 22:00:00,2,2,325,2026-09-04 02:29:24
573,C-02,2026-08-31 22:00:00,2,3,156,2026-09-04 02:29:24
574,C-02,2026-08-31 23:00:00,1,1,404,2026-09-04 02:29:24
575,C-02,2026-08-31 23:00:00,1,2,328,2026-09-04 02:29:24
576,C-02,2026-08-31 23:00:00,1,3,77,2026-09-04 02:29:24
577,C-02,2026-08-31 23:00:00,2,1,352,2026-09-04 02:29:24
578,C-02,2026-08-31 23:00:00,2,2,231,2026-09-04 02:29:24
579,C-02,2026-08-31 23:00:00,2,3,93,2026-09-04 02:29:24
304,C-02,2026-09-01 01:00:00,1,1,200,2026-09-04 02:29:16
305,C-02,2026-09-01 01:00:00,1,2,177,2026-09-04 02:29:16
306,C-02,2026-09-01 01:00:00,1,3,35,2026-09-04 02:29:16
307,C-02,2026-09-01 01:00:00,2,1,144,2026-09-04 02:29:16
308,C-02,2026-09-01 01:00:00,2,2,126,2026-09-04 02:29:16
309,C-02,2026-09-01 01:00:00,2,3,28,2026-09-04 02:29:16
310,C-02,2026-09-01 02:00:00,1,1,148,2026-09-04 02:29:16
311,C-02,2026-09-01 02:00:00,1,2,131,2026-09-04 02:29:16
312,C-02,2026-09-01 02:00:00,1,3,18,2026-09-04 02:29:16
313,C-02,2026-09-01 02:00:00,2,1,122,2026-09-04 02:29:16
314,C-02,2026-09-01 02:00:00,2,2,95,2026-09-04 02:29:16
315,C-02,2026-09-01 02:00:00,2,3,15,2026-09-04 02:29:16
316,C-02,2026-09-01 03:00:00,1,1,124,2026-09-04 02:29:16
317,C-02,2026-09-01 03:00:00,1,2,114,2026-09-04 02:29:16
318,C-02,2026-09-01 03:00:00,1,3,23,2026-09-04 02:29:16
319,C-02,2026-09-01 03:00:00,2,1,129,2026-09-04 02:29:16
320,C-02,2026-09-01 03:00:00,2,2,94,2026-09-04 02:29:16
321,C-02,2026-09-01 03:00:00,2,3,29,2026-09-04 02:29:16
322,C-02,2026-09-01 04:00:00,1,1,148,2026-09-04 02:29:17
323,C-02,2026-09-01 04:00:00,1,2,152,2026-09-04 02:29:17
324,C-02,2026-09-01 04:00:00,1,3,28,2026-09-04 02:29:17
325,C-02,2026-09-01 04:00:00,2,1,249,2026-09-04 02:29:17
326,C-02,2026-09-01 04:00:00,2,2,132,2026-09-04 02:29:17
327,C-02,2026-09-01 04:00:00,2,3,45,2026-09-04 02:29:17
328,C-02,2026-09-01 05:00:00,1,1,309,2026-09-04 02:29:17
329,C-02,2026-09-01 05:00:00,1,2,282,2026-09-04 02:29:17
330,C-02,2026-09-01 05:00:00,1,3,129,2026-09-04 02:29:17
331,C-02,2026-09-01 05:00:00,2,1,638,2026-09-04 02:29:17
332,C-02,2026-09-01 05:00:00,2,2,241,2026-09-04 02:29:17
333,C-02,2026-09-01 05:00:00,2,3,96,2026-09-04 02:29:17
334,C-02,2026-09-01 06:00:00,1,1,572,2026-09-04 02:29:17
335,C-02,2026-09-01 06:00:00,1,2,476,2026-09-04 02:29:17
336,C-02,2026-09-01 06:00:00,1,3,398,2026-09-04 02:29:17
337,C-02,2026-09-01 06:00:00,2,1,1016,2026-09-04 02:29:17
338,C-02,2026-09-01 06:00:00,2,2,483,2026-09-04 02:29:17
339,C-02,2026-09-01 06:00:00,2,3,569,2026-09-04 02:29:17
340,C-02,2026-09-01 07:00:00,1,1,924,2026-09-04 02:29:17
341,C-02,2026-09-01 07:00:00,1,2,812,2026-09-04 02:29:17
342,C-02,2026-09-01 07:00:00,1,3,555,2026-09-04 02:29:17
343,C-02,2026-09-01 07:00:00,2,1,922,2026-09-04 02:29:17
344,C-02,2026-09-01 07:00:00,2,2,898,2026-09-04 02:29:17
345,C-02,2026-09-01 07:00:00,2,3,1083,2026-09-04 02:29:17
346,C-02,2026-09-01 08:00:00,1,1,1071,2026-09-04 02:29:17
347,C-02,2026-09-01 08:00:00,1,2,987,2026-09-04 02:29:17
348,C-02,2026-09-01 08:00:00,1,3,602,2026-09-04 02:29:17
349,C-02,2026-09-01 08:00:00,2,1,855,2026-09-04 02:29:17
350,C-02,2026-09-01 08:00:00,2,2,800,2026-09-04 02:29:17
351,C-02,2026-09-01 08:00:00,2,3,948,2026-09-04 02:29:17
352,C-02,2026-09-01 09:00:00,1,1,969,2026-09-04 02:29:17
353,C-02,2026-09-01 09:00:00,1,2,785,2026-09-04 02:29:17
354,C-02,2026-09-01 09:00:00,1,3,471,2026-09-04 02:29:17
355,C-02,2026-09-01 09:00:00,2,1,864,2026-09-04 02:29:17
356,C-02,2026-09-01 09:00:00,2,2,766,2026-09-04 02:29:17
357,C-02,2026-09-01 09:00:00,2,3,959,2026-09-04 02:29:17
358,C-02,2026-09-01 10:00:00,1,1,746,2026-09-04 02:29:17
359,C-02,2026-09-01 10:00:00,1,2,672,2026-09-04 02:29:17
360,C-02,2026-09-01 10:00:00,1,3,355,2026-09-04 02:29:17
361,C-02,2026-09-01 10:00:00,2,1,494,2026-09-04 02:29:17
362,C-02,2026-09-01 10:00:00,2,2,603,2026-09-04 02:29:17
363,C-02,2026-09-01 10:00:00,2,3,738,2026-09-04 02:29:17
364,C-02,2026-09-01 11:00:00,1,1,903,2026-09-04 02:29:18
365,C-02,2026-09-01 11:00:00,1,2,660,2026-09-04 02:29:18
366,C-02,2026-09-01 11:00:00,1,3,576,2026-09-04 02:29:18
367,C-02,2026-09-01 11:00:00,2,1,829,2026-09-04 02:29:18
368,C-02,2026-09-01 11:00:00,2,2,795,2026-09-04 02:29:18
369,C-02,2026-09-01 11:00:00,2,3,798,2026-09-04 02:29:18
370,C-02,2026-09-01 12:00:00,1,1,927,2026-09-04 02:29:18
371,C-02,2026-09-01 12:00:00,1,2,786,2026-09-04 02:29:18
372,C-02,2026-09-01 12:00:00,1,3,423,2026-09-04 02:29:18
373,C-02,2026-09-01 12:00:00,2,1,754,2026-09-04 02:29:18
374,C-02,2026-09-01 12:00:00,2,2,630,2026-09-04 02:29:18
375,C-02,2026-09-01 12:00:00,2,3,394,2026-09-04 02:29:18
376,C-02,2026-09-01 13:00:00,1,1,767,2026-09-04 02:29:18
377,C-02,2026-09-01 13:00:00,1,2,753,2026-09-04 02:29:18
378,C-02,2026-09-01 13:00:00,1,3,328,2026-09-04 02:29:18
379,C-02,2026-09-01 13:00:00,2,1,813,2026-09-04 02:29:18
380,C-02,2026-09-01 13:00:00,2,2,653,2026-09-04 02:29:18
381,C-02,2026-09-01 13:00:00,2,3,524,2026-09-04 02:29:18
382,C-02,2026-09-01 14:00:00,1,1,814,2026-09-04 02:29:18
383,C-02,2026-09-01 14:00:00,1,2,759,2026-09-04 02:29:18
384,C-02,2026-09-01 14:00:00,1,3,375,2026-09-04 02:29:18
385,C-02,2026-09-01 14:00:00,2,1,625,2026-09-04 02:29:18
386,C-02,2026-09-01 14:00:00,2,2,667,2026-09-04 02:29:18
387,C-02,2026-09-01 14:00:00,2,3,512,2026-09-04 02:29:18
388,C-02,2026-09-01 15:00:00,1,1,892,2026-09-04 02:29:18
389,C-02,2026-09-01 15:00:00,1,2,772,2026-09-04 02:29:18
390,C-02,2026-09-01 15:00:00,1,3,297,2026-09-04 02:29:18
391,C-02,2026-09-01 15:00:00,2,1,660,2026-09-04 02:29:18
392,C-02,2026-09-01 15:00:00,2,2,653,2026-09-04 02:29:18
393,C-02,2026-09-01 15:00:00,2,3,595,2026-09-04 02:29:18
394,C-02,2026-09-01 16:00:00,1,1,1087,2026-09-04 02:29:19
395,C-02,2026-09-01 16:00:00,1,2,940,2026-09-04 02:29:19
396,C-02,2026-09-01 16:00:00,1,3,455,2026-09-04 02:29:19
397,C-02,2026-09-01 16:00:00,2,1,632,2026-09-04 02:29:19
398,C-02,2026-09-01 16:00:00,2,2,768,2026-09-04 02:29:19
399,C-02,2026-09-01 16:00:00,2,3,638,2026-09-04 02:29:19
400,C-02,2026-09-01 17:00:00,1,1,1284,2026-09-04 02:29:19
401,C-02,2026-09-01 17:00:00,1,2,1091,2026-09-04 02:29:19
402,C-02,2026-09-01 17:00:00,1,3,619,2026-09-04 02:29:19
403,C-02,2026-09-01 17:00:00,2,1,782,2026-09-04 02:29:19
404,C-02,2026-09-01 17:00:00,2,2,887,2026-09-04 02:29:19
405,C-02,2026-09-01 17:00:00,2,3,770,2026-09-04 02:29:19
406,C-02,2026-09-01 18:00:00,1,1,1172,2026-09-04 02:29:19
407,C-02,2026-09-01 18:00:00,1,2,1099,2026-09-04 02:29:19
408,C-02,2026-09-01 18:00:00,1,3,568,2026-09-04 02:29:19
409,C-02,2026-09-01 18:00:00,2,1,832,2026-09-04 02:29:19
410,C-02,2026-09-01 18:00:00,2,2,784,2026-09-04 02:29:19
411,C-02,2026-09-01 18:00:00,2,3,691,2026-09-04 02:29:19
412,C-02,2026-09-01 19:00:00,1,1,1004,2026-09-04 02:29:19
413,C-02,2026-09-01 19:00:00,1,2,924,2026-09-04 02:29:19
414,C-02,2026-09-01 19:00:00,1,3,554,2026-09-04 02:29:19
415,C-02,2026-09-01 19:00:00,2,1,673,2026-09-04 02:29:19
416,C-02,2026-09-01 19:00:00,2,2,570,2026-09-04 02:29:19
417,C-02,2026-09-01 19:00:00,2,3,445,2026-09-04 02:29:19
418,C-02,2026-09-01 20:00:00,1,1,984,2026-09-04 02:29:19
419,C-02,2026-09-01 20:00:00,1,2,871,2026-09-04 02:29:19
420,C-02,2026-09-01 20:00:00,1,3,344,2026-09-04 02:29:19
421,C-02,2026-09-01 20:00:00,2,1,689,2026-09-04 02:29:19
422,C-02,2026-09-01 20:00:00,2,2,505,2026-09-04 02:29:19
423,C-02,2026-09-01 20:00:00,2,3,274,2026-09-04 02:29:19
424,C-02,2026-09-01 21:00:00,1,1,699,2026-09-04 02:29:19
425,C-02,2026-09-01 21:00:00,1,2,600,2026-09-04 02:29:19
426,C-02,2026-09-01 21:00:00,1,3,213,2026-09-04 02:29:19
427,C-02,2026-09-01 21:00:00,2,1,745,2026-09-04 02:29:19
428,C-02,2026-09-01 21:00:00,2,2,471,2026-09-04 02:29:19
429,C-02,2026-09-01 21:00:00,2,3,253,2026-09-04 02:29:19
430,C-02,2026-09-01 22:00:00,1,1,625,2026-09-04 02:29:20
431,C-02,2026-09-01 22:00:00,1,2,529,2026-09-04 02:29:20
432,C-02,2026-09-01 22:00:00,1,3,203,2026-09-04 02:29:20
433,C-02,2026-09-01 22:00:00,2,1,639,2026-09-04 02:29:20
434,C-02,2026-09-01 22:00:00,2,2,382,2026-09-04 02:29:20
435,C-02,2026-09-01 22:00:00,2,3,187,2026-09-04 02:29:20
436,C-02,2026-09-01 23:00:00,1,1,442,2026-09-04 02:29:20
437,C-02,2026-09-01 23:00:00,1,2,353,2026-09-04 02:29:20
438,C-02,2026-09-01 23:00:00,1,3,98,2026-09-04 02:29:20
439,C-02,2026-09-01 23:00:00,2,1,535,2026-09-04 02:29:20
440,C-02,2026-09-01 23:00:00,2,2,297,2026-09-04 02:29:20
441,C-02,2026-09-01 23:00:00,2,3,101,2026-09-04 02:29:20
166,C-02,2026-09-03 01:00:00,1,1,223,2026-09-04 02:29:08
167,C-02,2026-09-03 01:00:00,1,2,218,2026-09-04 02:29:08
168,C-02,2026-09-03 01:00:00,1,3,29,2026-09-04 02:29:08
169,C-02,2026-09-03 01:00:00,2,1,235,2026-09-04 02:29:08
170,C-02,2026-09-03 01:00:00,2,2,137,2026-09-04 02:29:08
171,C-02,2026-09-03 01:00:00,2,3,36,2026-09-04 02:29:08
172,C-02,2026-09-03 02:00:00,1,1,166,2026-09-04 02:29:09
173,C-02,2026-09-03 02:00:00,1,2,158,2026-09-04 02:29:09
174,C-02,2026-09-03 02:00:00,1,3,35,2026-09-04 02:29:09
175,C-02,2026-09-03 02:00:00,2,1,171,2026-09-04 02:29:09
176,C-02,2026-09-03 02:00:00,2,2,88,2026-09-04 02:29:09
177,C-02,2026-09-03 02:00:00,2,3,36,2026-09-04 02:29:09
178,C-02,2026-09-03 03:00:00,1,1,131,2026-09-04 02:29:09
179,C-02,2026-09-03 03:00:00,1,2,144,2026-09-04 02:29:09
180,C-02,2026-09-03 03:00:00,1,3,23,2026-09-04 02:29:09
181,C-02,2026-09-03 03:00:00,2,1,177,2026-09-04 02:29:09
182,C-02,2026-09-03 03:00:00,2,2,111,2026-09-04 02:29:09
183,C-02,2026-09-03 03:00:00,2,3,25,2026-09-04 02:29:09
184,C-02,2026-09-03 04:00:00,1,1,159,2026-09-04 02:29:09
185,C-02,2026-09-03 04:00:00,1,2,177,2026-09-04 02:29:09
186,C-02,2026-09-03 04:00:00,1,3,44,2026-09-04 02:29:09
187,C-02,2026-09-03 04:00:00,2,1,279,2026-09-04 02:29:09
188,C-02,2026-09-03 04:00:00,2,2,145,2026-09-04 02:29:09
189,C-02,2026-09-03 04:00:00,2,3,53,2026-09-04 02:29:09
190,C-02,2026-09-03 05:00:00,1,1,329,2026-09-04 02:29:09
191,C-02,2026-09-03 05:00:00,1,2,298,2026-09-04 02:29:09
192,C-02,2026-09-03 05:00:00,1,3,155,2026-09-04 02:29:09
193,C-02,2026-09-03 05:00:00,2,1,743,2026-09-04 02:29:09
194,C-02,2026-09-03 05:00:00,2,2,276,2026-09-04 02:29:09
195,C-02,2026-09-03 05:00:00,2,3,135,2026-09-04 02:29:09
196,C-02,2026-09-03 06:00:00,1,1,688,2026-09-04 02:29:09
197,C-02,2026-09-03 06:00:00,1,2,536,2026-09-04 02:29:09
198,C-02,2026-09-03 06:00:00,1,3,516,2026-09-04 02:29:09
199,C-02,2026-09-03 06:00:00,2,1,1135,2026-09-04 02:29:09
200,C-02,2026-09-03 06:00:00,2,2,577,2026-09-04 02:29:09
201,C-02,2026-09-03 06:00:00,2,3,670,2026-09-04 02:29:09
202,C-02,2026-09-03 07:00:00,1,1,984,2026-09-04 02:29:09
203,C-02,2026-09-03 07:00:00,1,2,807,2026-09-04 02:29:09
204,C-02,2026-09-03 07:00:00,1,3,540,2026-09-04 02:29:09
205,C-02,2026-09-03 07:00:00,2,1,1013,2026-09-04 02:29:09
206,C-02,2026-09-03 07:00:00,2,2,1132,2026-09-04 02:29:09
207,C-02,2026-09-03 07:00:00,2,3,1262,2026-09-04 02:29:09
208,C-02,2026-09-03 08:00:00,1,1,1125,2026-09-04 02:29:10
209,C-02,2026-09-03 08:00:00,1,2,874,2026-09-04 02:29:10
210,C-02,2026-09-03 08:00:00,1,3,514,2026-09-04 02:29:10
211,C-02,2026-09-03 08:00:00,2,1,1002,2026-09-04 02:29:10
212,C-02,2026-09-03 08:00:00,2,2,891,2026-09-04 02:29:10
213,C-02,2026-09-03 08:00:00,2,3,1038,2026-09-04 02:29:10
214,C-02,2026-09-03 09:00:00,1,1,1036,2026-09-04 02:29:10
215,C-02,2026-09-03 09:00:00,1,2,861,2026-09-04 02:29:10
216,C-02,2026-09-03 09:00:00,1,3,565,2026-09-04 02:29:10
217,C-02,2026-09-03 09:00:00,2,1,939,2026-09-04 02:29:10
218,C-02,2026-09-03 09:00:00,2,2,804,2026-09-04 02:29:10
219,C-02,2026-09-03 09:00:00,2,3,940,2026-09-04 02:29:10
220,C-02,2026-09-03 10:00:00,1,1,822,2026-09-04 02:29:10
221,C-02,2026-09-03 10:00:00,1,2,740,2026-09-04 02:29:10
222,C-02,2026-09-03 10:00:00,1,3,496,2026-09-04 02:29:10
223,C-02,2026-09-03 10:00:00,2,1,751,2026-09-04 02:29:10
224,C-02,2026-09-03 10:00:00,2,2,780,2026-09-04 02:29:10
225,C-02,2026-09-03 10:00:00,2,3,705,2026-09-04 02:29:10
226,C-02,2026-09-03 11:00:00,1,1,758,2026-09-04 02:29:10
227,C-02,2026-09-03 11:00:00,1,2,739,2026-09-04 02:29:10
228,C-02,2026-09-03 11:00:00,1,3,494,2026-09-04 02:29:10
229,C-02,2026-09-03 11:00:00,2,1,439,2026-09-04 02:29:10
230,C-02,2026-09-03 11:00:00,2,2,660,2026-09-04 02:29:10
231,C-02,2026-09-03 11:00:00,2,3,569,2026-09-04 02:29:10
232,C-02,2026-09-03 12:00:00,1,1,900,2026-09-04 02:29:10
233,C-02,2026-09-03 12:00:00,1,2,761,2026-09-04 02:29:10
234,C-02,2026-09-03 12:00:00,1,3,466,2026-09-04 02:29:10
235,C-02,2026-09-03 12:00:00,2,1,512,2026-09-04 02:29:10
236,C-02,2026-09-03 12:00:00,2,2,573,2026-09-04 02:29:10
237,C-02,2026-09-03 12:00:00,2,3,432,2026-09-04 02:29:10
238,C-02,2026-09-03 13:00:00,1,1,796,2026-09-04 02:29:10
239,C-02,2026-09-03 13:00:00,1,2,763,2026-09-04 02:29:10
240,C-02,2026-09-03 13:00:00,1,3,381,2026-09-04 02:29:10
241,C-02,2026-09-03 13:00:00,2,1,688,2026-09-04 02:29:10
242,C-02,2026-09-03 13:00:00,2,2,714,2026-09-04 02:29:10
243,C-02,2026-09-03 13:00:00,2,3,496,2026-09-04 02:29:11
244,C-02,2026-09-03 14:00:00,1,1,818,2026-09-04 02:29:11
245,C-02,2026-09-03 14:00:00,1,2,770,2026-09-04 02:29:11
246,C-02,2026-09-03 14:00:00,1,3,439,2026-09-04 02:29:11
247,C-02,2026-09-03 14:00:00,2,1,568,2026-09-04 02:29:11
248,C-02,2026-09-03 14:00:00,2,2,722,2026-09-04 02:29:11
249,C-02,2026-09-03 14:00:00,2,3,569,2026-09-04 02:29:11
250,C-02,2026-09-03 15:00:00,1,1,906,2026-09-04 02:29:11
251,C-02,2026-09-03 15:00:00,1,2,824,2026-09-04 02:29:11
252,C-02,2026-09-03 15:00:00,1,3,357,2026-09-04 02:29:11
253,C-02,2026-09-03 15:00:00,2,1,457,2026-09-04 02:29:11
254,C-02,2026-09-03 15:00:00,2,2,703,2026-09-04 02:29:11
255,C-02,2026-09-03 15:00:00,2,3,699,2026-09-04 02:29:11
256,C-02,2026-09-03 16:00:00,1,1,1158,2026-09-04 02:29:11
257,C-02,2026-09-03 16:00:00,1,2,1080,2026-09-04 02:29:11
258,C-02,2026-09-03 16:00:00,1,3,571,2026-09-04 02:29:11
259,C-02,2026-09-03 16:00:00,2,1,678,2026-09-04 02:29:11
260,C-02,2026-09-03 16:00:00,2,2,840,2026-09-04 02:29:11
261,C-02,2026-09-03 16:00:00,2,3,622,2026-09-04 02:29:11
262,C-02,2026-09-03 17:00:00,1,1,948,2026-09-04 02:29:11
263,C-02,2026-09-03 17:00:00,1,2,897,2026-09-04 02:29:11
264,C-02,2026-09-03 17:00:00,1,3,503,2026-09-04 02:29:11
265,C-02,2026-09-03 17:00:00,2,1,1023,2026-09-04 02:29:11
266,C-02,2026-09-03 17:00:00,2,2,1050,2026-09-04 02:29:11
267,C-02,2026-09-03 17:00:00,2,3,841,2026-09-04 02:29:11
268,C-02,2026-09-03 18:00:00,1,1,1293,2026-09-04 02:29:11
269,C-02,2026-09-03 18:00:00,1,2,1181,2026-09-04 02:29:11
270,C-02,2026-09-03 18:00:00,1,3,478,2026-09-04 02:29:11
271,C-02,2026-09-03 18:00:00,2,1,611,2026-09-04 02:29:11
272,C-02,2026-09-03 18:00:00,2,2,849,2026-09-04 02:29:11
273,C-02,2026-09-03 18:00:00,2,3,676,2026-09-04 02:29:11
274,C-02,2026-09-03 19:00:00,1,1,940,2026-09-04 02:29:11
275,C-02,2026-09-03 19:00:00,1,2,875,2026-09-04 02:29:11
276,C-02,2026-09-03 19:00:00,1,3,456,2026-09-04 02:29:11
277,C-02,2026-09-03 19:00:00,2,1,780,2026-09-04 02:29:11
278,C-02,2026-09-03 19:00:00,2,2,695,2026-09-04 02:29:11
279,C-02,2026-09-03 19:00:00,2,3,492,2026-09-04 02:29:11
280,C-02,2026-09-03 20:00:00,1,1,1004,2026-09-04 02:29:12
281,C-02,2026-09-03 20:00:00,1,2,902,2026-09-04 02:29:12
282,C-02,2026-09-03 20:00:00,1,3,349,2026-09-04 02:29:12
283,C-02,2026-09-03 20:00:00,2,1,689,2026-09-04 02:29:12
284,C-02,2026-09-03 20:00:00,2,2,519,2026-09-04 02:29:12
285,C-02,2026-09-03 20:00:00,2,3,308,2026-09-04 02:29:12
286,C-02,2026-09-03 21:00:00,1,1,771,2026-09-04 02:29:12
287,C-02,2026-09-03 21:00:00,1,2,681,2026-09-04 02:29:12
288,C-02,2026-09-03 21:00:00,1,3,318,2026-09-04 02:29:12
289,C-02,2026-09-03 21:00:00,2,1,796,2026-09-04 02:29:12
290,C-02,2026-09-03 21:00:00,2,2,542,2026-09-04 02:29:12
291,C-02,2026-09-03 21:00:00,2,3,265,2026-09-04 02:29:12
292,C-02,2026-09-03 22:00:00,1,1,687,2026-09-04 02:29:12
293,C-02,2026-09-03 22:00:00,1,2,604,2026-09-04 02:29:12
294,C-02,2026-09-03 22:00:00,1,3,208,2026-09-04 02:29:12
295,C-02,2026-09-03 22:00:00,2,1,696,2026-09-04 02:29:12
296,C-02,2026-09-03 22:00:00,2,2,536,2026-09-04 02:29:12
297,C-02,2026-09-03 22:00:00,2,3,306,2026-09-04 02:29:12
298,C-02,2026-09-03 23:00:00,1,1,479,2026-09-04 02:29:12
299,C-02,2026-09-03 23:00:00,1,2,374,2026-09-04 02:29:12
300,C-02,2026-09-03 23:00:00,1,3,130,2026-09-04 02:29:12
301,C-02,2026-09-03 23:00:00,2,1,545,2026-09-04 02:29:12
302,C-02,2026-09-03 23:00:00,2,2,353,2026-09-04 02:29:12
303,C-02,2026-09-03 23:00:00,2,3,147,2026-09-04 02:29:12
